section_id,study_area,discom,circle,division,subdivision,section,date,year,month,n_areas,n_zero_unit_areas,totservices,billedservices,billedservices_incomplete,units,load_unit_unconfirmed,units_per_connection,n_negative_rows_removed
BANJARA_HILLS_BANJARA_HILLS,initial greater-Hyderabad study area,TGSPDCL,BANJARA HILLS,BANJARA HILLS,BANJARA HILLS,BANJARA HILLS,2024-12-01,2024,12,1,1,2,2.0,False,0.0,108.0,0.0,0
BANJARA_HILLS_BANJARA_HILLS,initial greater-Hyderabad study area,TGSPDCL,BANJARA HILLS,BANJARA HILLS,BANJARA HILLS,BANJARA HILLS,2025-01-01,2025,1,2,2,3,2.0,True,0.0,162.0,0.0,0
BANJARA_HILLS_BANJARA_HILLS,initial greater-Hyderabad study area,TGSPDCL,BANJARA HILLS,BANJARA HILLS,BANJARA HILLS,BANJARA HILLS,2025-02-01,2025,2,2,1,3,3.0,False,22.0,162.0,7.33,0
BANJARA_HILLS_BANJARA_HILLS,initial greater-Hyderabad study area,TGSPDCL,BANJARA HILLS,BANJARA HILLS,BANJARA HILLS,BANJARA HILLS,2025-03-01,2025,3,2,2,3,3.0,False,0.0,162.0,0.0,0
BANJARA_HILLS_BANJARA_HILLS,initial greater-Hyderabad study area,TGSPDCL,BANJARA HILLS,BANJARA HILLS,BANJARA HILLS,BANJARA HILLS,2025-04-01,2025,4,2,1,3,3.0,False,4614.0,162.0,1538.0,0
BANJARA_HILLS_BANJARA_HILLS,initial greater-Hyderabad study area,TGSPDCL,BANJARA HILLS,BANJARA HILLS,BANJARA HILLS,BANJARA HILLS,2025-05-01,2025,5,2,0,3,3.0,False,5434.0,162.0,1811.33,0
BANJARA_HILLS_BANJARA_HILLS,initial greater-Hyderabad study area,TGSPDCL,BANJARA HILLS,BANJARA HILLS,BANJARA HILLS,BANJARA HILLS,2025-06-01,2025,6,2,1,3,3.0,False,128.0,162.0,42.67,0
BANJARA_HILLS_BANJARA_HILLS,initial greater-Hyderabad study area,TGSPDCL,BANJARA HILLS,BANJARA HILLS,BANJARA HILLS,BANJARA HILLS,2025-07-01,2025,7,2,0,3,3.0,False,11535.0,162.0,3845.0,0
BANJARA_HILLS_BANJARA_HILLS,initial greater-Hyderabad study area,TGSPDCL,BANJARA HILLS,BANJARA HILLS,BANJARA HILLS,BANJARA HILLS,2025-08-01,2025,8,2,0,3,3.0,False,4802.0,162.0,1600.67,0
BANJARA_HILLS_BANJARA_HILLS,initial greater-Hyderabad study area,TGSPDCL,BANJARA HILLS,BANJARA HILLS,BANJARA HILLS,BANJARA HILLS,2025-09-01,2025,9,2,0,3,3.0,False,1974.0,162.0,658.0,0
BANJARA_HILLS_BANJARA_HILLS,initial greater-Hyderabad study area,TGSPDCL,BANJARA HILLS,BANJARA HILLS,BANJARA HILLS,BANJARA HILLS,2025-10-01,2025,10,2,0,3,3.0,False,34.0,162.0,11.33,0
BANJARA_HILLS_BANJARA_HILLS,initial greater-Hyderabad study area,TGSPDCL,BANJARA HILLS,BANJARA HILLS,BANJARA HILLS,BANJARA HILLS,2025-11-01,2025,11,2,0,3,3.0,False,2512.0,162.0,837.33,0
BANJARA_HILLS_BANJARA_HILLS,initial greater-Hyderabad study area,TGSPDCL,BANJARA HILLS,BANJARA HILLS,BANJARA HILLS,BANJARA HILLS,2025-12-01,2025,12,2,0,3,3.0,False,2797.0,162.0,932.33,0
BANJARA_HILLS_BANJARA_HILLS,initial greater-Hyderabad study area,TGSPDCL,BANJARA HILLS,BANJARA HILLS,BANJARA HILLS,BANJARA HILLS,2026-01-01,2026,1,3,1,4,3.0,True,6064.0,282.0,1516.0,0
BANJARA_HILLS_BANJARA_HILLS,initial greater-Hyderabad study area,TGSPDCL,BANJARA HILLS,BANJARA HILLS,BANJARA HILLS,BANJARA HILLS,2026-02-01,2026,2,3,0,4,4.0,False,8286.0,282.0,2071.5,0
BANJARA_HILLS_BANJARA_HILLS,initial greater-Hyderabad study area,TGSPDCL,BANJARA HILLS,BANJARA HILLS,BANJARA HILLS,BANJARA HILLS,2026-03-01,2026,3,3,0,5,5.0,False,10915.0,335.0,2183.0,0
BANJARA_HILLS_BANJARA_HILLS,initial greater-Hyderabad study area,TGSPDCL,BANJARA HILLS,BANJARA HILLS,BANJARA HILLS,BANJARA HILLS,2026-04-01,2026,4,3,0,5,5.0,False,23792.0,335.0,4758.4,0
BANJARA_HILLS_BANJARA_HILLS,initial greater-Hyderabad study area,TGSPDCL,BANJARA HILLS,BANJARA HILLS,BANJARA HILLS,BANJARA HILLS,2026-05-01,2026,5,3,0,5,5.0,False,52651.0,335.0,10530.2,0
BANJARA_HILLS_BANJARA_HILLS,initial greater-Hyderabad study area,TGSPDCL,BANJARA HILLS,BANJARA HILLS,BANJARA HILLS,BANJARA HILLS,2026-06-01,2026,6,3,0,5,5.0,False,55620.0,335.0,11124.0,0
BANJARA_HILLS_BANJARA_HILLS,initial greater-Hyderabad study area,TGSPDCL,BANJARA HILLS,BANJARA HILLS,BANJARA HILLS,BANJARA HILLS,2026-07-01,2026,7,3,0,5,5.0,False,47518.0,335.0,9503.6,0
BANJARA_HILLS_BANJARA_HILLS,initial greater-Hyderabad study area,TGSPDCL,BANJARA HILLS,BANJARA HILLS,BANJARA HILLS,BANJARA HILLS,2026-08-01,2026,8,3,0,5,5.0,False,53860.0,335.0,10772.0,0
BANJARA_HILLS_BEGUMPET,initial greater-Hyderabad study area,TGSPDCL,BANJARA HILLS,GREEN LANDS,GREENLANDS,BEGUMPET,2023-01-01,2023,1,1,0,1,1.0,False,1246.0,22.0,1246.0,0
BANJARA_HILLS_BEGUMPET,initial greater-Hyderabad study area,TGSPDCL,BANJARA HILLS,GREEN LANDS,GREENLANDS,BEGUMPET,2023-02-01,2023,2,1,0,1,1.0,False,591.0,22.0,591.0,0
BANJARA_HILLS_BEGUMPET,initial greater-Hyderabad study area,TGSPDCL,BANJARA HILLS,GREEN LANDS,GREENLANDS,BEGUMPET,2023-03-01,2023,3,1,0,1,1.0,False,1359.0,22.0,1359.0,0
BANJARA_HILLS_BEGUMPET,initial greater-Hyderabad study area,TGSPDCL,BANJARA HILLS,GREEN LANDS,GREENLANDS,BEGUMPET,2023-04-01,2023,4,1,0,1,1.0,False,964.0,22.0,964.0,0
BANJARA_HILLS_BEGUMPET,initial greater-Hyderabad study area,TGSPDCL,BANJARA HILLS,GREEN LANDS,GREENLANDS,BEGUMPET,2023-05-01,2023,5,2,1,2,1.0,True,1055.0,32.0,527.5,0
BANJARA_HILLS_BEGUMPET,initial greater-Hyderabad study area,TGSPDCL,BANJARA HILLS,GREEN LANDS,GREENLANDS,BEGUMPET,2023-06-01,2023,6,2,0,2,2.0,False,3022.0,32.0,1511.0,0
BANJARA_HILLS_BEGUMPET,initial greater-Hyderabad study area,TGSPDCL,BANJARA HILLS,GREEN LANDS,GREENLANDS,BEGUMPET,2023-07-01,2023,7,2,0,2,2.0,False,2711.0,32.0,1355.5,0
BANJARA_HILLS_BEGUMPET,initial greater-Hyderabad study area,TGSPDCL,BANJARA HILLS,GREEN LANDS,GREENLANDS,BEGUMPET,2023-08-01,2023,8,2,0,2,2.0,False,3202.0,32.0,1601.0,0
BANJARA_HILLS_BEGUMPET,initial greater-Hyderabad study area,TGSPDCL,BANJARA HILLS,GREEN LANDS,GREENLANDS,BEGUMPET,2023-09-01,2023,9,2,0,2,2.0,False,3733.0,32.0,1866.5,0
BANJARA_HILLS_BEGUMPET,initial greater-Hyderabad study area,TGSPDCL,BANJARA HILLS,GREEN LANDS,GREENLANDS,BEGUMPET,2023-10-01,2023,10,2,0,2,2.0,False,4554.0,32.0,2277.0,0
BANJARA_HILLS_BEGUMPET,initial greater-Hyderabad study area,TGSPDCL,BANJARA HILLS,GREEN LANDS,GREENLANDS,BEGUMPET,2023-11-01,2023,11,2,0,2,2.0,False,5211.0,32.0,2605.5,0
BANJARA_HILLS_BEGUMPET,initial greater-Hyderabad study area,TGSPDCL,BANJARA HILLS,GREEN LANDS,GREENLANDS,BEGUMPET,2023-12-01,2023,12,2,0,2,2.0,False,4420.0,32.0,2210.0,0
BANJARA_HILLS_BEGUMPET,initial greater-Hyderabad study area,TGSPDCL,BANJARA HILLS,GREEN LANDS,GREENLANDS,BEGUMPET,2024-01-01,2024,1,2,0,2,2.0,False,2974.0,32.0,1487.0,0
BANJARA_HILLS_BEGUMPET,initial greater-Hyderabad study area,TGSPDCL,BANJARA HILLS,GREEN LANDS,GREENLANDS,BEGUMPET,2024-02-01,2024,2,2,0,2,2.0,False,2580.0,32.0,1290.0,0
BANJARA_HILLS_BEGUMPET,initial greater-Hyderabad study area,TGSPDCL,BANJARA HILLS,GREEN LANDS,GREENLANDS,BEGUMPET,2024-03-01,2024,3,2,0,2,2.0,False,3515.0,32.0,1757.5,0
BANJARA_HILLS_BEGUMPET,initial greater-Hyderabad study area,TGSPDCL,BANJARA HILLS,GREEN LANDS,GREENLANDS,BEGUMPET,2024-04-01,2024,4,2,0,2,2.0,False,3333.0,32.0,1666.5,0
BANJARA_HILLS_BEGUMPET,initial greater-Hyderabad study area,TGSPDCL,BANJARA HILLS,GREEN LANDS,GREENLANDS,BEGUMPET,2024-05-01,2024,5,2,0,2,2.0,False,2242.0,32.0,1121.0,0
BANJARA_HILLS_BEGUMPET,initial greater-Hyderabad study area,TGSPDCL,BANJARA HILLS,GREEN LANDS,GREENLANDS,BEGUMPET,2024-06-01,2024,6,2,0,2,2.0,False,2620.0,32.0,1310.0,0
BANJARA_HILLS_BEGUMPET,initial greater-Hyderabad study area,TGSPDCL,BANJARA HILLS,GREEN LANDS,GREENLANDS,BEGUMPET,2024-07-01,2024,7,2,0,2,2.0,False,1728.0,32.0,864.0,0
BANJARA_HILLS_BEGUMPET,initial greater-Hyderabad study area,TGSPDCL,BANJARA HILLS,GREEN LANDS,GREENLANDS,BEGUMPET,2024-08-01,2024,8,2,0,2,2.0,False,2029.0,32.0,1014.5,0
BANJARA_HILLS_BEGUMPET,initial greater-Hyderabad study area,TGSPDCL,BANJARA HILLS,GREEN LANDS,GREENLANDS,BEGUMPET,2024-09-01,2024,9,2,0,2,2.0,False,2544.0,32.0,1272.0,0
BANJARA_HILLS_BEGUMPET,initial greater-Hyderabad study area,TGSPDCL,BANJARA HILLS,GREEN LANDS,GREENLANDS,BEGUMPET,2024-10-01,2024,10,2,0,2,2.0,False,2343.0,32.0,1171.5,0
BANJARA_HILLS_BEGUMPET,initial greater-Hyderabad study area,TGSPDCL,BANJARA HILLS,GREEN LANDS,GREENLANDS,BEGUMPET,2024-11-01,2024,11,2,0,2,2.0,False,2634.0,32.0,1317.0,0
BANJARA_HILLS_BEGUMPET,initial greater-Hyderabad study area,TGSPDCL,BANJARA HILLS,GREEN LANDS,GREENLANDS,BEGUMPET,2024-12-01,2024,12,2,0,2,2.0,False,2106.0,32.0,1053.0,0
BANJARA_HILLS_BEGUMPET,initial greater-Hyderabad study area,TGSPDCL,BANJARA HILLS,GREEN LANDS,GREENLANDS,BEGUMPET,2025-01-01,2025,1,2,0,2,2.0,False,2463.0,32.0,1231.5,0
BANJARA_HILLS_BEGUMPET,initial greater-Hyderabad study area,TGSPDCL,BANJARA HILLS,GREEN LANDS,GREENLANDS,BEGUMPET,2025-02-01,2025,2,2,0,2,2.0,False,2209.0,32.0,1104.5,0
BANJARA_HILLS_BEGUMPET,initial greater-Hyderabad study area,TGSPDCL,BANJARA HILLS,GREEN LANDS,GREENLANDS,BEGUMPET,2025-03-01,2025,3,2,0,2,2.0,False,1642.0,32.0,821.0,0
BANJARA_HILLS_BEGUMPET,initial greater-Hyderabad study area,TGSPDCL,BANJARA HILLS,GREEN LANDS,GREENLANDS,BEGUMPET,2025-04-01,2025,4,2,0,2,2.0,False,2093.0,32.0,1046.5,0
BANJARA_HILLS_BEGUMPET,initial greater-Hyderabad study area,TGSPDCL,BANJARA HILLS,GREEN LANDS,GREENLANDS,BEGUMPET,2025-05-01,2025,5,2,0,2,2.0,False,1496.0,32.0,748.0,0
BANJARA_HILLS_BEGUMPET,initial greater-Hyderabad study area,TGSPDCL,BANJARA HILLS,GREEN LANDS,GREENLANDS,BEGUMPET,2025-06-01,2025,6,2,0,2,2.0,False,2319.0,32.0,1159.5,0
BANJARA_HILLS_BEGUMPET,initial greater-Hyderabad study area,TGSPDCL,BANJARA HILLS,GREEN LANDS,GREENLANDS,BEGUMPET,2025-07-01,2025,7,2,0,2,2.0,False,1765.0,32.0,882.5,0
BANJARA_HILLS_BEGUMPET,initial greater-Hyderabad study area,TGSPDCL,BANJARA HILLS,GREEN LANDS,GREENLANDS,BEGUMPET,2025-08-01,2025,8,2,0,2,2.0,False,944.0,32.0,472.0,0
BANJARA_HILLS_BEGUMPET,initial greater-Hyderabad study area,TGSPDCL,BANJARA HILLS,GREEN LANDS,GREENLANDS,BEGUMPET,2025-09-01,2025,9,2,0,2,2.0,False,657.0,32.0,328.5,0
BANJARA_HILLS_BEGUMPET,initial greater-Hyderabad study area,TGSPDCL,BANJARA HILLS,GREEN LANDS,GREENLANDS,BEGUMPET,2025-10-01,2025,10,2,0,2,2.0,False,758.0,32.0,379.0,0
BANJARA_HILLS_BEGUMPET,initial greater-Hyderabad study area,TGSPDCL,BANJARA HILLS,GREEN LANDS,GREENLANDS,BEGUMPET,2025-11-01,2025,11,2,0,2,2.0,False,648.0,32.0,324.0,0
BANJARA_HILLS_BEGUMPET,initial greater-Hyderabad study area,TGSPDCL,BANJARA HILLS,GREEN LANDS,GREENLANDS,BEGUMPET,2025-12-01,2025,12,2,0,2,2.0,False,843.0,32.0,421.5,0
BANJARA_HILLS_BEGUMPET,initial greater-Hyderabad study area,TGSPDCL,BANJARA HILLS,GREEN LANDS,GREENLANDS,BEGUMPET,2026-01-01,2026,1,2,0,2,2.0,False,1426.0,32.0,713.0,0
BANJARA_HILLS_BEGUMPET,initial greater-Hyderabad study area,TGSPDCL,BANJARA HILLS,GREEN LANDS,GREENLANDS,BEGUMPET,2026-02-01,2026,2,2,0,2,2.0,False,1304.0,32.0,652.0,0
BANJARA_HILLS_BEGUMPET,initial greater-Hyderabad study area,TGSPDCL,BANJARA HILLS,GREEN LANDS,GREENLANDS,BEGUMPET,2026-03-01,2026,3,2,0,2,2.0,False,1022.0,32.0,511.0,0
BANJARA_HILLS_BEGUMPET,initial greater-Hyderabad study area,TGSPDCL,BANJARA HILLS,GREEN LANDS,GREENLANDS,BEGUMPET,2026-04-01,2026,4,2,0,2,2.0,False,1317.0,32.0,658.5,0
BANJARA_HILLS_BEGUMPET,initial greater-Hyderabad study area,TGSPDCL,BANJARA HILLS,GREEN LANDS,GREENLANDS,BEGUMPET,2026-05-01,2026,5,2,0,2,2.0,False,1424.0,32.0,712.0,0
BANJARA_HILLS_BEGUMPET,initial greater-Hyderabad study area,TGSPDCL,BANJARA HILLS,GREEN LANDS,GREENLANDS,BEGUMPET,2026-06-01,2026,6,2,0,2,2.0,False,2182.0,32.0,1091.0,0
BANJARA_HILLS_BEGUMPET,initial greater-Hyderabad study area,TGSPDCL,BANJARA HILLS,GREEN LANDS,GREENLANDS,BEGUMPET,2026-07-01,2026,7,2,0,2,2.0,False,2755.0,32.0,1377.5,0
BANJARA_HILLS_BEGUMPET,initial greater-Hyderabad study area,TGSPDCL,BANJARA HILLS,GREEN LANDS,GREENLANDS,BEGUMPET,2026-08-01,2026,8,2,0,2,2.0,False,3358.0,32.0,1679.0,0
BANJARA_HILLS_BORABANDA,initial greater-Hyderabad study area,TGSPDCL,BANJARA HILLS,GREEN LANDS,SANATH NAGAR,BORABANDA,2025-05-01,2025,5,1,1,1,,True,0.0,53.0,0.0,0
BANJARA_HILLS_BORABANDA,initial greater-Hyderabad study area,TGSPDCL,BANJARA HILLS,GREEN LANDS,SANATH NAGAR,BORABANDA,2025-06-01,2025,6,1,0,1,1.0,False,437.0,53.0,437.0,0
BANJARA_HILLS_BORABANDA,initial greater-Hyderabad study area,TGSPDCL,BANJARA HILLS,GREEN LANDS,SANATH NAGAR,BORABANDA,2025-07-01,2025,7,1,0,1,1.0,False,1351.0,53.0,1351.0,0
BANJARA_HILLS_BORABANDA,initial greater-Hyderabad study area,TGSPDCL,BANJARA HILLS,GREEN LANDS,SANATH NAGAR,BORABANDA,2025-08-01,2025,8,1,0,1,1.0,False,1830.0,53.0,1830.0,0
BANJARA_HILLS_BORABANDA,initial greater-Hyderabad study area,TGSPDCL,BANJARA HILLS,GREEN LANDS,SANATH NAGAR,BORABANDA,2025-09-01,2025,9,1,0,1,1.0,False,2085.0,53.0,2085.0,0
BANJARA_HILLS_BORABANDA,initial greater-Hyderabad study area,TGSPDCL,BANJARA HILLS,GREEN LANDS,SANATH NAGAR,BORABANDA,2025-10-01,2025,10,1,0,1,1.0,False,2510.0,53.0,2510.0,0
BANJARA_HILLS_BORABANDA,initial greater-Hyderabad study area,TGSPDCL,BANJARA HILLS,GREEN LANDS,SANATH NAGAR,BORABANDA,2025-11-01,2025,11,1,0,1,1.0,False,3459.0,53.0,3459.0,0
BANJARA_HILLS_BORABANDA,initial greater-Hyderabad study area,TGSPDCL,BANJARA HILLS,GREEN LANDS,SANATH NAGAR,BORABANDA,2025-12-01,2025,12,1,0,1,1.0,False,4588.0,53.0,4588.0,0
BANJARA_HILLS_BORABANDA,initial greater-Hyderabad study area,TGSPDCL,BANJARA HILLS,GREEN LANDS,SANATH NAGAR,BORABANDA,2026-01-01,2026,1,1,0,1,1.0,False,10825.0,53.0,10825.0,0
BANJARA_HILLS_BORABANDA,initial greater-Hyderabad study area,TGSPDCL,BANJARA HILLS,GREEN LANDS,SANATH NAGAR,BORABANDA,2026-02-01,2026,2,1,0,1,1.0,False,11040.0,53.0,11040.0,0
BANJARA_HILLS_BORABANDA,initial greater-Hyderabad study area,TGSPDCL,BANJARA HILLS,GREEN LANDS,SANATH NAGAR,BORABANDA,2026-03-01,2026,3,1,0,1,1.0,False,18880.0,53.0,18880.0,0
BANJARA_HILLS_BORABANDA,initial greater-Hyderabad study area,TGSPDCL,BANJARA HILLS,GREEN LANDS,SANATH NAGAR,BORABANDA,2026-04-01,2026,4,1,0,1,1.0,False,27757.0,53.0,27757.0,0
BANJARA_HILLS_BORABANDA,initial greater-Hyderabad study area,TGSPDCL,BANJARA HILLS,GREEN LANDS,SANATH NAGAR,BORABANDA,2026-05-01,2026,5,1,0,1,1.0,False,27637.0,53.0,27637.0,0
BANJARA_HILLS_BORABANDA,initial greater-Hyderabad study area,TGSPDCL,BANJARA HILLS,GREEN LANDS,SANATH NAGAR,BORABANDA,2026-06-01,2026,6,1,0,1,1.0,False,29584.0,53.0,29584.0,0
BANJARA_HILLS_BORABANDA,initial greater-Hyderabad study area,TGSPDCL,BANJARA HILLS,GREEN LANDS,SANATH NAGAR,BORABANDA,2026-07-01,2026,7,1,0,1,1.0,False,22862.0,53.0,22862.0,0
BANJARA_HILLS_BORABANDA,initial greater-Hyderabad study area,TGSPDCL,BANJARA HILLS,GREEN LANDS,SANATH NAGAR,BORABANDA,2026-08-01,2026,8,1,0,1,1.0,False,27039.0,53.0,27039.0,0
BANJARA_HILLS_ERRAGADDA,initial greater-Hyderabad study area,TGSPDCL,BANJARA HILLS,GREEN LANDS,SANATH NAGAR,ERRAGADDA,2023-05-01,2023,5,1,0,1,1.0,False,10.0,9.0,10.0,0
BANJARA_HILLS_ERRAGADDA,initial greater-Hyderabad study area,TGSPDCL,BANJARA HILLS,GREEN LANDS,SANATH NAGAR,ERRAGADDA,2023-06-01,2023,6,1,0,1,1.0,False,23.0,9.0,23.0,0
BANJARA_HILLS_ERRAGADDA,initial greater-Hyderabad study area,TGSPDCL,BANJARA HILLS,GREEN LANDS,SANATH NAGAR,ERRAGADDA,2023-07-01,2023,7,1,0,1,1.0,False,84.0,9.0,84.0,0
BANJARA_HILLS_ERRAGADDA,initial greater-Hyderabad study area,TGSPDCL,BANJARA HILLS,GREEN LANDS,SANATH NAGAR,ERRAGADDA,2023-08-01,2023,8,1,0,1,1.0,False,145.0,9.0,145.0,0
BANJARA_HILLS_ERRAGADDA,initial greater-Hyderabad study area,TGSPDCL,BANJARA HILLS,GREEN LANDS,SANATH NAGAR,ERRAGADDA,2023-09-01,2023,9,1,0,1,1.0,False,3340.0,9.0,3340.0,0
BANJARA_HILLS_ERRAGADDA,initial greater-Hyderabad study area,TGSPDCL,BANJARA HILLS,GREEN LANDS,SANATH NAGAR,ERRAGADDA,2023-10-01,2023,10,1,0,1,1.0,False,4820.0,9.0,4820.0,0
BANJARA_HILLS_ERRAGADDA,initial greater-Hyderabad study area,TGSPDCL,BANJARA HILLS,GREEN LANDS,SANATH NAGAR,ERRAGADDA,2023-11-01,2023,11,1,0,1,1.0,False,5096.0,9.0,5096.0,0
BANJARA_HILLS_ERRAGADDA,initial greater-Hyderabad study area,TGSPDCL,BANJARA HILLS,GREEN LANDS,SANATH NAGAR,ERRAGADDA,2023-12-01,2023,12,1,0,1,1.0,False,4392.0,9.0,4392.0,0
BANJARA_HILLS_ERRAGADDA,initial greater-Hyderabad study area,TGSPDCL,BANJARA HILLS,GREEN LANDS,SANATH NAGAR,ERRAGADDA,2024-01-01,2024,1,1,0,1,1.0,False,4796.0,9.0,4796.0,0
BANJARA_HILLS_ERRAGADDA,initial greater-Hyderabad study area,TGSPDCL,BANJARA HILLS,GREEN LANDS,SANATH NAGAR,ERRAGADDA,2024-02-01,2024,2,1,0,1,1.0,False,3103.0,9.0,3103.0,0
BANJARA_HILLS_ERRAGADDA,initial greater-Hyderabad study area,TGSPDCL,BANJARA HILLS,GREEN LANDS,SANATH NAGAR,ERRAGADDA,2024-03-01,2024,3,1,0,1,1.0,False,3100.0,9.0,3100.0,0
BANJARA_HILLS_ERRAGADDA,initial greater-Hyderabad study area,TGSPDCL,BANJARA HILLS,GREEN LANDS,SANATH NAGAR,ERRAGADDA,2024-04-01,2024,4,1,0,1,1.0,False,3164.0,9.0,3164.0,0
BANJARA_HILLS_ERRAGADDA,initial greater-Hyderabad study area,TGSPDCL,BANJARA HILLS,GREEN LANDS,SANATH NAGAR,ERRAGADDA,2024-05-01,2024,5,1,0,1,1.0,False,4433.0,9.0,4433.0,0
BANJARA_HILLS_ERRAGADDA,initial greater-Hyderabad study area,TGSPDCL,BANJARA HILLS,GREEN LANDS,SANATH NAGAR,ERRAGADDA,2024-06-01,2024,6,1,0,1,1.0,False,4967.0,9.0,4967.0,0
BANJARA_HILLS_ERRAGADDA,initial greater-Hyderabad study area,TGSPDCL,BANJARA HILLS,GREEN LANDS,SANATH NAGAR,ERRAGADDA,2024-07-01,2024,7,1,0,1,1.0,False,6438.0,9.0,6438.0,0
BANJARA_HILLS_ERRAGADDA,initial greater-Hyderabad study area,TGSPDCL,BANJARA HILLS,GREEN LANDS,SANATH NAGAR,ERRAGADDA,2024-08-01,2024,8,1,0,1,1.0,False,6340.0,9.0,6340.0,0
BANJARA_HILLS_ERRAGADDA,initial greater-Hyderabad study area,TGSPDCL,BANJARA HILLS,GREEN LANDS,SANATH NAGAR,ERRAGADDA,2024-09-01,2024,9,1,0,1,1.0,False,6401.0,9.0,6401.0,0
BANJARA_HILLS_ERRAGADDA,initial greater-Hyderabad study area,TGSPDCL,BANJARA HILLS,GREEN LANDS,SANATH NAGAR,ERRAGADDA,2024-10-01,2024,10,1,0,1,1.0,False,4249.0,9.0,4249.0,0
BANJARA_HILLS_ERRAGADDA,initial greater-Hyderabad study area,TGSPDCL,BANJARA HILLS,GREEN LANDS,SANATH NAGAR,ERRAGADDA,2024-11-01,2024,11,1,0,1,1.0,False,5744.0,9.0,5744.0,0
BANJARA_HILLS_ERRAGADDA,initial greater-Hyderabad study area,TGSPDCL,BANJARA HILLS,GREEN LANDS,SANATH NAGAR,ERRAGADDA,2024-12-01,2024,12,1,0,1,1.0,False,6399.0,25.0,6399.0,0
BANJARA_HILLS_ERRAGADDA,initial greater-Hyderabad study area,TGSPDCL,BANJARA HILLS,GREEN LANDS,SANATH NAGAR,ERRAGADDA,2025-01-01,2025,1,1,0,1,1.0,False,7488.0,25.0,7488.0,0
BANJARA_HILLS_ERRAGADDA,initial greater-Hyderabad study area,TGSPDCL,BANJARA HILLS,GREEN LANDS,SANATH NAGAR,ERRAGADDA,2025-02-01,2025,2,1,0,1,1.0,False,5389.0,25.0,5389.0,0
BANJARA_HILLS_ERRAGADDA,initial greater-Hyderabad study area,TGSPDCL,BANJARA HILLS,GREEN LANDS,SANATH NAGAR,ERRAGADDA,2025-03-01,2025,3,1,0,1,1.0,False,3937.0,25.0,3937.0,0
BANJARA_HILLS_ERRAGADDA,initial greater-Hyderabad study area,TGSPDCL,BANJARA HILLS,GREEN LANDS,SANATH NAGAR,ERRAGADDA,2025-04-01,2025,4,1,0,1,1.0,False,5647.0,25.0,5647.0,0
BANJARA_HILLS_ERRAGADDA,initial greater-Hyderabad study area,TGSPDCL,BANJARA HILLS,GREEN LANDS,SANATH NAGAR,ERRAGADDA,2025-05-01,2025,5,1,0,1,1.0,False,4758.0,25.0,4758.0,0
BANJARA_HILLS_ERRAGADDA,initial greater-Hyderabad study area,TGSPDCL,BANJARA HILLS,GREEN LANDS,SANATH NAGAR,ERRAGADDA,2025-06-01,2025,6,1,0,1,1.0,False,5930.0,25.0,5930.0,0
BANJARA_HILLS_ERRAGADDA,initial greater-Hyderabad study area,TGSPDCL,BANJARA HILLS,GREEN LANDS,SANATH NAGAR,ERRAGADDA,2025-07-01,2025,7,1,0,1,1.0,False,4121.0,25.0,4121.0,0
BANJARA_HILLS_ERRAGADDA,initial greater-Hyderabad study area,TGSPDCL,BANJARA HILLS,GREEN LANDS,SANATH NAGAR,ERRAGADDA,2025-08-01,2025,8,1,0,1,1.0,False,6183.0,25.0,6183.0,0
BANJARA_HILLS_ERRAGADDA,initial greater-Hyderabad study area,TGSPDCL,BANJARA HILLS,GREEN LANDS,SANATH NAGAR,ERRAGADDA,2025-09-01,2025,9,1,0,1,1.0,False,232.0,25.0,232.0,0
BANJARA_HILLS_ERRAGADDA,initial greater-Hyderabad study area,TGSPDCL,BANJARA HILLS,GREEN LANDS,SANATH NAGAR,ERRAGADDA,2025-10-01,2025,10,1,1,1,1.0,False,0.0,25.0,0.0,0
BANJARA_HILLS_ERRAGADDA,initial greater-Hyderabad study area,TGSPDCL,BANJARA HILLS,GREEN LANDS,SANATH NAGAR,ERRAGADDA,2025-11-01,2025,11,1,1,1,,True,0.0,25.0,0.0,0
BANJARA_HILLS_ERRAGADDA,initial greater-Hyderabad study area,TGSPDCL,BANJARA HILLS,GREEN LANDS,SANATH NAGAR,ERRAGADDA,2025-12-01,2025,12,1,1,1,,True,0.0,25.0,0.0,0
BANJARA_HILLS_ERRAGADDA,initial greater-Hyderabad study area,TGSPDCL,BANJARA HILLS,GREEN LANDS,SANATH NAGAR,ERRAGADDA,2026-01-01,2026,1,1,1,1,,True,0.0,25.0,0.0,0
BANJARA_HILLS_FILM_NAGAR,initial greater-Hyderabad study area,TGSPDCL,BANJARA HILLS,BANJARA HILLS,BANJARA HILLS,FILM NAGAR,2023-01-01,2023,1,1,0,1,1.0,False,1282.0,55.0,1282.0,0
BANJARA_HILLS_FILM_NAGAR,initial greater-Hyderabad study area,TGSPDCL,BANJARA HILLS,BANJARA HILLS,BANJARA HILLS,FILM NAGAR,2023-02-01,2023,2,1,0,1,1.0,False,1525.0,55.0,1525.0,0
BANJARA_HILLS_FILM_NAGAR,initial greater-Hyderabad study area,TGSPDCL,BANJARA HILLS,BANJARA HILLS,BANJARA HILLS,FILM NAGAR,2023-03-01,2023,3,1,0,1,1.0,False,1607.0,55.0,1607.0,0
BANJARA_HILLS_FILM_NAGAR,initial greater-Hyderabad study area,TGSPDCL,BANJARA HILLS,BANJARA HILLS,BANJARA HILLS,FILM NAGAR,2023-04-01,2023,4,1,0,1,1.0,False,2270.0,55.0,2270.0,0
BANJARA_HILLS_FILM_NAGAR,initial greater-Hyderabad study area,TGSPDCL,BANJARA HILLS,BANJARA HILLS,BANJARA HILLS,FILM NAGAR,2023-05-01,2023,5,1,0,1,1.0,False,2923.0,55.0,2923.0,0
BANJARA_HILLS_FILM_NAGAR,initial greater-Hyderabad study area,TGSPDCL,BANJARA HILLS,BANJARA HILLS,BANJARA HILLS,FILM NAGAR,2023-06-01,2023,6,1,0,1,1.0,False,3090.0,55.0,3090.0,0
BANJARA_HILLS_FILM_NAGAR,initial greater-Hyderabad study area,TGSPDCL,BANJARA HILLS,BANJARA HILLS,BANJARA HILLS,FILM NAGAR,2023-07-01,2023,7,1,0,1,1.0,False,2846.0,55.0,2846.0,0
BANJARA_HILLS_FILM_NAGAR,initial greater-Hyderabad study area,TGSPDCL,BANJARA HILLS,BANJARA HILLS,BANJARA HILLS,FILM NAGAR,2023-08-01,2023,8,1,0,1,1.0,False,2158.0,55.0,2158.0,0
BANJARA_HILLS_FILM_NAGAR,initial greater-Hyderabad study area,TGSPDCL,BANJARA HILLS,BANJARA HILLS,BANJARA HILLS,FILM NAGAR,2023-09-01,2023,9,1,0,1,1.0,False,2221.0,55.0,2221.0,0
BANJARA_HILLS_FILM_NAGAR,initial greater-Hyderabad study area,TGSPDCL,BANJARA HILLS,BANJARA HILLS,BANJARA HILLS,FILM NAGAR,2023-10-01,2023,10,1,0,1,1.0,False,1810.0,55.0,1810.0,0
BANJARA_HILLS_FILM_NAGAR,initial greater-Hyderabad study area,TGSPDCL,BANJARA HILLS,BANJARA HILLS,BANJARA HILLS,FILM NAGAR,2023-11-01,2023,11,1,0,1,1.0,False,682.0,55.0,682.0,0
BANJARA_HILLS_FILM_NAGAR,initial greater-Hyderabad study area,TGSPDCL,BANJARA HILLS,BANJARA HILLS,BANJARA HILLS,FILM NAGAR,2023-12-01,2023,12,2,1,2,1.0,True,636.0,109.0,318.0,0
BANJARA_HILLS_FILM_NAGAR,initial greater-Hyderabad study area,TGSPDCL,BANJARA HILLS,BANJARA HILLS,BANJARA HILLS,FILM NAGAR,2024-01-01,2024,1,2,0,2,2.0,False,1542.0,109.0,771.0,0
BANJARA_HILLS_FILM_NAGAR,initial greater-Hyderabad study area,TGSPDCL,BANJARA HILLS,BANJARA HILLS,BANJARA HILLS,FILM NAGAR,2024-02-01,2024,2,2,0,2,2.0,False,3241.0,109.0,1620.5,0
BANJARA_HILLS_FILM_NAGAR,initial greater-Hyderabad study area,TGSPDCL,BANJARA HILLS,BANJARA HILLS,BANJARA HILLS,FILM NAGAR,2024-03-01,2024,3,2,0,2,2.0,False,4611.0,109.0,2305.5,0
BANJARA_HILLS_FILM_NAGAR,initial greater-Hyderabad study area,TGSPDCL,BANJARA HILLS,BANJARA HILLS,BANJARA HILLS,FILM NAGAR,2024-04-01,2024,4,2,0,2,2.0,False,5381.0,109.0,2690.5,0
BANJARA_HILLS_FILM_NAGAR,initial greater-Hyderabad study area,TGSPDCL,BANJARA HILLS,BANJARA HILLS,BANJARA HILLS,FILM NAGAR,2024-05-01,2024,5,2,0,2,2.0,False,5556.0,109.0,2778.0,0
BANJARA_HILLS_FILM_NAGAR,initial greater-Hyderabad study area,TGSPDCL,BANJARA HILLS,BANJARA HILLS,BANJARA HILLS,FILM NAGAR,2024-06-01,2024,6,2,0,2,2.0,False,5334.0,109.0,2667.0,0
BANJARA_HILLS_FILM_NAGAR,initial greater-Hyderabad study area,TGSPDCL,BANJARA HILLS,BANJARA HILLS,BANJARA HILLS,FILM NAGAR,2024-07-01,2024,7,2,0,2,2.0,False,5782.0,109.0,2891.0,0
BANJARA_HILLS_FILM_NAGAR,initial greater-Hyderabad study area,TGSPDCL,BANJARA HILLS,BANJARA HILLS,BANJARA HILLS,FILM NAGAR,2024-08-01,2024,8,2,0,2,2.0,False,3037.0,109.0,1518.5,0
BANJARA_HILLS_FILM_NAGAR,initial greater-Hyderabad study area,TGSPDCL,BANJARA HILLS,BANJARA HILLS,BANJARA HILLS,FILM NAGAR,2024-09-01,2024,9,2,0,2,2.0,False,2800.0,109.0,1400.0,0
BANJARA_HILLS_FILM_NAGAR,initial greater-Hyderabad study area,TGSPDCL,BANJARA HILLS,BANJARA HILLS,BANJARA HILLS,FILM NAGAR,2024-10-01,2024,10,2,0,2,2.0,False,3905.0,109.0,1952.5,0
BANJARA_HILLS_FILM_NAGAR,initial greater-Hyderabad study area,TGSPDCL,BANJARA HILLS,BANJARA HILLS,BANJARA HILLS,FILM NAGAR,2024-11-01,2024,11,2,0,2,2.0,False,4134.0,109.0,2067.0,0
BANJARA_HILLS_FILM_NAGAR,initial greater-Hyderabad study area,TGSPDCL,BANJARA HILLS,BANJARA HILLS,BANJARA HILLS,FILM NAGAR,2024-12-01,2024,12,2,0,2,2.0,False,3081.0,109.0,1540.5,0
BANJARA_HILLS_FILM_NAGAR,initial greater-Hyderabad study area,TGSPDCL,BANJARA HILLS,BANJARA HILLS,BANJARA HILLS,FILM NAGAR,2025-01-01,2025,1,3,1,3,2.0,True,4173.0,163.0,1391.0,0
BANJARA_HILLS_FILM_NAGAR,initial greater-Hyderabad study area,TGSPDCL,BANJARA HILLS,BANJARA HILLS,BANJARA HILLS,FILM NAGAR,2025-02-01,2025,2,2,0,3,3.0,False,5229.0,163.0,1743.0,0
BANJARA_HILLS_FILM_NAGAR,initial greater-Hyderabad study area,TGSPDCL,BANJARA HILLS,BANJARA HILLS,BANJARA HILLS,FILM NAGAR,2025-03-01,2025,3,2,1,3,3.0,False,2460.0,163.0,820.0,0
BANJARA_HILLS_FILM_NAGAR,initial greater-Hyderabad study area,TGSPDCL,BANJARA HILLS,BANJARA HILLS,BANJARA HILLS,FILM NAGAR,2025-04-01,2025,4,2,1,3,3.0,False,3731.0,163.0,1243.67,0
BANJARA_HILLS_FILM_NAGAR,initial greater-Hyderabad study area,TGSPDCL,BANJARA HILLS,BANJARA HILLS,BANJARA HILLS,FILM NAGAR,2025-05-01,2025,5,2,1,3,3.0,False,3428.0,163.0,1142.67,0
BANJARA_HILLS_FILM_NAGAR,initial greater-Hyderabad study area,TGSPDCL,BANJARA HILLS,BANJARA HILLS,BANJARA HILLS,FILM NAGAR,2025-06-01,2025,6,2,1,3,3.0,False,4587.0,163.0,1529.0,0
BANJARA_HILLS_FILM_NAGAR,initial greater-Hyderabad study area,TGSPDCL,BANJARA HILLS,BANJARA HILLS,BANJARA HILLS,FILM NAGAR,2025-07-01,2025,7,2,1,3,3.0,False,6768.0,163.0,2256.0,0
BANJARA_HILLS_FILM_NAGAR,initial greater-Hyderabad study area,TGSPDCL,BANJARA HILLS,BANJARA HILLS,BANJARA HILLS,FILM NAGAR,2025-08-01,2025,8,2,1,3,3.0,False,8113.0,163.0,2704.33,0
BANJARA_HILLS_FILM_NAGAR,initial greater-Hyderabad study area,TGSPDCL,BANJARA HILLS,BANJARA HILLS,BANJARA HILLS,FILM NAGAR,2025-09-01,2025,9,2,1,3,3.0,False,11295.0,163.0,3765.0,0
BANJARA_HILLS_FILM_NAGAR,initial greater-Hyderabad study area,TGSPDCL,BANJARA HILLS,BANJARA HILLS,BANJARA HILLS,FILM NAGAR,2025-10-01,2025,10,2,1,3,2.0,True,12682.0,163.0,4227.33,0
BANJARA_HILLS_FILM_NAGAR,initial greater-Hyderabad study area,TGSPDCL,BANJARA HILLS,BANJARA HILLS,BANJARA HILLS,FILM NAGAR,2025-11-01,2025,11,2,1,3,2.0,True,8998.0,163.0,2999.33,0
BANJARA_HILLS_FILM_NAGAR,initial greater-Hyderabad study area,TGSPDCL,BANJARA HILLS,BANJARA HILLS,BANJARA HILLS,FILM NAGAR,2025-12-01,2025,12,2,1,3,2.0,True,9644.0,163.0,3214.67,0
BANJARA_HILLS_FILM_NAGAR,initial greater-Hyderabad study area,TGSPDCL,BANJARA HILLS,BANJARA HILLS,BANJARA HILLS,FILM NAGAR,2026-01-01,2026,1,2,1,3,2.0,True,5599.0,163.0,1866.33,0
BANJARA_HILLS_FILM_NAGAR,initial greater-Hyderabad study area,TGSPDCL,BANJARA HILLS,BANJARA HILLS,BANJARA HILLS,FILM NAGAR,2026-02-01,2026,2,2,1,3,2.0,True,9952.0,163.0,3317.33,0
BANJARA_HILLS_FILM_NAGAR,initial greater-Hyderabad study area,TGSPDCL,BANJARA HILLS,BANJARA HILLS,BANJARA HILLS,FILM NAGAR,2026-03-01,2026,3,2,1,3,2.0,True,8985.0,163.0,2995.0,0
BANJARA_HILLS_FILM_NAGAR,initial greater-Hyderabad study area,TGSPDCL,BANJARA HILLS,BANJARA HILLS,BANJARA HILLS,FILM NAGAR,2026-04-01,2026,4,2,1,3,2.0,True,21129.0,163.0,7043.0,0
BANJARA_HILLS_FILM_NAGAR,initial greater-Hyderabad study area,TGSPDCL,BANJARA HILLS,BANJARA HILLS,BANJARA HILLS,FILM NAGAR,2026-05-01,2026,5,3,1,3,2.0,True,13621.0,163.0,4540.33,0
BANJARA_HILLS_FILM_NAGAR,initial greater-Hyderabad study area,TGSPDCL,BANJARA HILLS,BANJARA HILLS,BANJARA HILLS,FILM NAGAR,2026-06-01,2026,6,3,1,3,2.0,True,17819.0,163.0,5939.67,0
BANJARA_HILLS_FILM_NAGAR,initial greater-Hyderabad study area,TGSPDCL,BANJARA HILLS,BANJARA HILLS,BANJARA HILLS,FILM NAGAR,2026-07-01,2026,7,3,1,3,2.0,True,10723.0,163.0,3574.33,0
BANJARA_HILLS_FILM_NAGAR,initial greater-Hyderabad study area,TGSPDCL,BANJARA HILLS,BANJARA HILLS,BANJARA HILLS,FILM NAGAR,2026-08-01,2026,8,3,2,3,2.0,True,2842.0,163.0,947.33,0
BANJARA_HILLS_GREENLANDS,initial greater-Hyderabad study area,TGSPDCL,BANJARA HILLS,GREEN LANDS,GREENLANDS,GREENLANDS,2023-01-01,2023,1,1,0,1,1.0,False,227.0,10.0,227.0,0
BANJARA_HILLS_GREENLANDS,initial greater-Hyderabad study area,TGSPDCL,BANJARA HILLS,GREEN LANDS,GREENLANDS,GREENLANDS,2023-02-01,2023,2,1,0,1,1.0,False,449.0,10.0,449.0,0
BANJARA_HILLS_GREENLANDS,initial greater-Hyderabad study area,TGSPDCL,BANJARA HILLS,GREEN LANDS,GREENLANDS,GREENLANDS,2023-03-01,2023,3,1,0,1,1.0,False,292.0,10.0,292.0,0
BANJARA_HILLS_GREENLANDS,initial greater-Hyderabad study area,TGSPDCL,BANJARA HILLS,GREEN LANDS,GREENLANDS,GREENLANDS,2023-04-01,2023,4,1,0,1,1.0,False,350.0,10.0,350.0,0
BANJARA_HILLS_GREENLANDS,initial greater-Hyderabad study area,TGSPDCL,BANJARA HILLS,GREEN LANDS,GREENLANDS,GREENLANDS,2023-05-01,2023,5,1,0,1,1.0,False,275.0,10.0,275.0,0
BANJARA_HILLS_GREENLANDS,initial greater-Hyderabad study area,TGSPDCL,BANJARA HILLS,GREEN LANDS,GREENLANDS,GREENLANDS,2023-06-01,2023,6,1,0,1,1.0,False,466.0,10.0,466.0,0
BANJARA_HILLS_GREENLANDS,initial greater-Hyderabad study area,TGSPDCL,BANJARA HILLS,GREEN LANDS,GREENLANDS,GREENLANDS,2023-07-01,2023,7,1,0,1,1.0,False,609.0,10.0,609.0,0
BANJARA_HILLS_GREENLANDS,initial greater-Hyderabad study area,TGSPDCL,BANJARA HILLS,GREEN LANDS,GREENLANDS,GREENLANDS,2023-08-01,2023,8,1,0,1,1.0,False,191.0,10.0,191.0,0
BANJARA_HILLS_GREENLANDS,initial greater-Hyderabad study area,TGSPDCL,BANJARA HILLS,GREEN LANDS,GREENLANDS,GREENLANDS,2023-09-01,2023,9,1,0,1,1.0,False,364.0,10.0,364.0,0
BANJARA_HILLS_GREENLANDS,initial greater-Hyderabad study area,TGSPDCL,BANJARA HILLS,GREEN LANDS,GREENLANDS,GREENLANDS,2023-10-01,2023,10,1,0,1,1.0,False,271.0,10.0,271.0,0
BANJARA_HILLS_GREENLANDS,initial greater-Hyderabad study area,TGSPDCL,BANJARA HILLS,GREEN LANDS,GREENLANDS,GREENLANDS,2023-11-01,2023,11,1,0,1,1.0,False,355.0,10.0,355.0,0
BANJARA_HILLS_GREENLANDS,initial greater-Hyderabad study area,TGSPDCL,BANJARA HILLS,GREEN LANDS,GREENLANDS,GREENLANDS,2023-12-01,2023,12,1,0,1,1.0,False,215.0,10.0,215.0,0
BANJARA_HILLS_GREENLANDS,initial greater-Hyderabad study area,TGSPDCL,BANJARA HILLS,GREEN LANDS,GREENLANDS,GREENLANDS,2024-01-01,2024,1,1,0,1,1.0,False,349.0,10.0,349.0,0
BANJARA_HILLS_GREENLANDS,initial greater-Hyderabad study area,TGSPDCL,BANJARA HILLS,GREEN LANDS,GREENLANDS,GREENLANDS,2024-02-01,2024,2,1,0,1,1.0,False,335.0,10.0,335.0,0
BANJARA_HILLS_GREENLANDS,initial greater-Hyderabad study area,TGSPDCL,BANJARA HILLS,GREEN LANDS,GREENLANDS,GREENLANDS,2024-03-01,2024,3,1,0,1,1.0,False,296.0,10.0,296.0,0
BANJARA_HILLS_GREENLANDS,initial greater-Hyderabad study area,TGSPDCL,BANJARA HILLS,GREEN LANDS,GREENLANDS,GREENLANDS,2024-04-01,2024,4,1,0,1,1.0,False,395.0,10.0,395.0,0
BANJARA_HILLS_GREENLANDS,initial greater-Hyderabad study area,TGSPDCL,BANJARA HILLS,GREEN LANDS,GREENLANDS,GREENLANDS,2024-05-01,2024,5,1,0,1,1.0,False,327.0,10.0,327.0,0
BANJARA_HILLS_GREENLANDS,initial greater-Hyderabad study area,TGSPDCL,BANJARA HILLS,GREEN LANDS,GREENLANDS,GREENLANDS,2024-06-01,2024,6,1,0,1,1.0,False,493.0,10.0,493.0,0
BANJARA_HILLS_GREENLANDS,initial greater-Hyderabad study area,TGSPDCL,BANJARA HILLS,GREEN LANDS,GREENLANDS,GREENLANDS,2024-07-01,2024,7,1,0,1,1.0,False,403.0,10.0,403.0,0
BANJARA_HILLS_GREENLANDS,initial greater-Hyderabad study area,TGSPDCL,BANJARA HILLS,GREEN LANDS,GREENLANDS,GREENLANDS,2024-08-01,2024,8,1,0,1,1.0,False,219.0,10.0,219.0,0
BANJARA_HILLS_GREENLANDS,initial greater-Hyderabad study area,TGSPDCL,BANJARA HILLS,GREEN LANDS,GREENLANDS,GREENLANDS,2024-09-01,2024,9,1,0,1,1.0,False,237.0,10.0,237.0,0
BANJARA_HILLS_GREENLANDS,initial greater-Hyderabad study area,TGSPDCL,BANJARA HILLS,GREEN LANDS,GREENLANDS,GREENLANDS,2024-10-01,2024,10,1,0,1,1.0,False,252.0,10.0,252.0,0
BANJARA_HILLS_GREENLANDS,initial greater-Hyderabad study area,TGSPDCL,BANJARA HILLS,GREEN LANDS,GREENLANDS,GREENLANDS,2024-11-01,2024,11,1,0,1,1.0,False,326.0,10.0,326.0,0
BANJARA_HILLS_GREENLANDS,initial greater-Hyderabad study area,TGSPDCL,BANJARA HILLS,GREEN LANDS,GREENLANDS,GREENLANDS,2024-12-01,2024,12,1,0,1,1.0,False,161.0,10.0,161.0,0
BANJARA_HILLS_GREENLANDS,initial greater-Hyderabad study area,TGSPDCL,BANJARA HILLS,GREEN LANDS,GREENLANDS,GREENLANDS,2025-01-01,2025,1,1,0,1,1.0,False,308.0,10.0,308.0,0
BANJARA_HILLS_GREENLANDS,initial greater-Hyderabad study area,TGSPDCL,BANJARA HILLS,GREEN LANDS,GREENLANDS,GREENLANDS,2025-02-01,2025,2,1,0,1,1.0,False,187.0,10.0,187.0,0
BANJARA_HILLS_GREENLANDS,initial greater-Hyderabad study area,TGSPDCL,BANJARA HILLS,GREEN LANDS,GREENLANDS,GREENLANDS,2025-03-01,2025,3,1,0,1,1.0,False,189.0,10.0,189.0,0
BANJARA_HILLS_GREENLANDS,initial greater-Hyderabad study area,TGSPDCL,BANJARA HILLS,GREEN LANDS,GREENLANDS,GREENLANDS,2025-04-01,2025,4,1,0,1,1.0,False,357.0,10.0,357.0,0
BANJARA_HILLS_GREENLANDS,initial greater-Hyderabad study area,TGSPDCL,BANJARA HILLS,GREEN LANDS,GREENLANDS,GREENLANDS,2025-05-01,2025,5,1,0,1,1.0,False,371.0,10.0,371.0,0
BANJARA_HILLS_GREENLANDS,initial greater-Hyderabad study area,TGSPDCL,BANJARA HILLS,GREEN LANDS,GREENLANDS,GREENLANDS,2025-06-01,2025,6,1,0,1,1.0,False,297.0,10.0,297.0,0
BANJARA_HILLS_GREENLANDS,initial greater-Hyderabad study area,TGSPDCL,BANJARA HILLS,GREEN LANDS,GREENLANDS,GREENLANDS,2025-07-01,2025,7,1,0,1,1.0,False,340.0,10.0,340.0,0
BANJARA_HILLS_GREENLANDS,initial greater-Hyderabad study area,TGSPDCL,BANJARA HILLS,GREEN LANDS,GREENLANDS,GREENLANDS,2025-08-01,2025,8,1,0,1,1.0,False,168.0,10.0,168.0,0
BANJARA_HILLS_GREENLANDS,initial greater-Hyderabad study area,TGSPDCL,BANJARA HILLS,GREEN LANDS,GREENLANDS,GREENLANDS,2025-09-01,2025,9,1,0,1,1.0,False,212.0,10.0,212.0,0
BANJARA_HILLS_GREENLANDS,initial greater-Hyderabad study area,TGSPDCL,BANJARA HILLS,GREEN LANDS,GREENLANDS,GREENLANDS,2025-10-01,2025,10,1,0,1,1.0,False,330.0,10.0,330.0,0
BANJARA_HILLS_GREENLANDS,initial greater-Hyderabad study area,TGSPDCL,BANJARA HILLS,GREEN LANDS,GREENLANDS,GREENLANDS,2025-11-01,2025,11,1,0,1,1.0,False,332.0,10.0,332.0,0
BANJARA_HILLS_GREENLANDS,initial greater-Hyderabad study area,TGSPDCL,BANJARA HILLS,GREEN LANDS,GREENLANDS,GREENLANDS,2025-12-01,2025,12,1,0,1,1.0,False,313.0,10.0,313.0,0
BANJARA_HILLS_GREENLANDS,initial greater-Hyderabad study area,TGSPDCL,BANJARA HILLS,GREEN LANDS,GREENLANDS,GREENLANDS,2026-01-01,2026,1,1,0,1,1.0,False,257.0,10.0,257.0,0
BANJARA_HILLS_GREENLANDS,initial greater-Hyderabad study area,TGSPDCL,BANJARA HILLS,GREEN LANDS,GREENLANDS,GREENLANDS,2026-02-01,2026,2,1,0,1,1.0,False,182.0,10.0,182.0,0
BANJARA_HILLS_GREENLANDS,initial greater-Hyderabad study area,TGSPDCL,BANJARA HILLS,GREEN LANDS,GREENLANDS,GREENLANDS,2026-03-01,2026,3,1,0,1,1.0,False,469.0,10.0,469.0,0
BANJARA_HILLS_GREENLANDS,initial greater-Hyderabad study area,TGSPDCL,BANJARA HILLS,GREEN LANDS,GREENLANDS,GREENLANDS,2026-04-01,2026,4,1,0,1,1.0,False,114.0,10.0,114.0,0
BANJARA_HILLS_GREENLANDS,initial greater-Hyderabad study area,TGSPDCL,BANJARA HILLS,GREEN LANDS,GREENLANDS,GREENLANDS,2026-05-01,2026,5,1,0,1,1.0,False,338.0,10.0,338.0,0
BANJARA_HILLS_GREENLANDS,initial greater-Hyderabad study area,TGSPDCL,BANJARA HILLS,GREEN LANDS,GREENLANDS,GREENLANDS,2026-06-01,2026,6,1,0,1,1.0,False,362.0,10.0,362.0,0
BANJARA_HILLS_GREENLANDS,initial greater-Hyderabad study area,TGSPDCL,BANJARA HILLS,GREEN LANDS,GREENLANDS,GREENLANDS,2026-07-01,2026,7,1,0,1,1.0,False,516.0,10.0,516.0,0
BANJARA_HILLS_GREENLANDS,initial greater-Hyderabad study area,TGSPDCL,BANJARA HILLS,GREEN LANDS,GREENLANDS,GREENLANDS,2026-08-01,2026,8,1,0,1,1.0,False,452.0,10.0,452.0,0
BANJARA_HILLS_JUBILEE_HILLS,initial greater-Hyderabad study area,TGSPDCL,BANJARA HILLS,BANJARA HILLS,JUBILEE HILLS,JUBILEE HILLS,2023-01-01,2023,1,2,0,2,2.0,False,2960.0,65.0,1480.0,0
BANJARA_HILLS_JUBILEE_HILLS,initial greater-Hyderabad study area,TGSPDCL,BANJARA HILLS,BANJARA HILLS,JUBILEE HILLS,JUBILEE HILLS,2023-02-01,2023,2,2,0,2,2.0,False,1187.0,65.0,593.5,0
BANJARA_HILLS_JUBILEE_HILLS,initial greater-Hyderabad study area,TGSPDCL,BANJARA HILLS,BANJARA HILLS,JUBILEE HILLS,JUBILEE HILLS,2023-03-01,2023,3,2,0,2,2.0,False,69.0,65.0,34.5,0
BANJARA_HILLS_JUBILEE_HILLS,initial greater-Hyderabad study area,TGSPDCL,BANJARA HILLS,BANJARA HILLS,JUBILEE HILLS,JUBILEE HILLS,2023-04-01,2023,4,2,0,2,2.0,False,72.0,65.0,36.0,0
BANJARA_HILLS_JUBILEE_HILLS,initial greater-Hyderabad study area,TGSPDCL,BANJARA HILLS,BANJARA HILLS,JUBILEE HILLS,JUBILEE HILLS,2023-05-01,2023,5,2,0,2,2.0,False,74.0,65.0,37.0,0
BANJARA_HILLS_JUBILEE_HILLS,initial greater-Hyderabad study area,TGSPDCL,BANJARA HILLS,BANJARA HILLS,JUBILEE HILLS,JUBILEE HILLS,2023-06-01,2023,6,2,0,2,2.0,False,159.0,65.0,79.5,0
BANJARA_HILLS_JUBILEE_HILLS,initial greater-Hyderabad study area,TGSPDCL,BANJARA HILLS,BANJARA HILLS,JUBILEE HILLS,JUBILEE HILLS,2023-07-01,2023,7,2,0,2,2.0,False,226.0,65.0,113.0,0
BANJARA_HILLS_JUBILEE_HILLS,initial greater-Hyderabad study area,TGSPDCL,BANJARA HILLS,BANJARA HILLS,JUBILEE HILLS,JUBILEE HILLS,2023-08-01,2023,8,2,1,2,2.0,False,301.0,65.0,150.5,0
BANJARA_HILLS_JUBILEE_HILLS,initial greater-Hyderabad study area,TGSPDCL,BANJARA HILLS,BANJARA HILLS,JUBILEE HILLS,JUBILEE HILLS,2023-09-01,2023,9,2,1,2,2.0,False,340.0,65.0,170.0,0
BANJARA_HILLS_JUBILEE_HILLS,initial greater-Hyderabad study area,TGSPDCL,BANJARA HILLS,BANJARA HILLS,JUBILEE HILLS,JUBILEE HILLS,2023-10-01,2023,10,2,1,2,2.0,False,347.0,65.0,173.5,0
BANJARA_HILLS_JUBILEE_HILLS,initial greater-Hyderabad study area,TGSPDCL,BANJARA HILLS,BANJARA HILLS,JUBILEE HILLS,JUBILEE HILLS,2023-11-01,2023,11,2,1,2,2.0,False,92.0,65.0,46.0,0
BANJARA_HILLS_JUBILEE_HILLS,initial greater-Hyderabad study area,TGSPDCL,BANJARA HILLS,BANJARA HILLS,JUBILEE HILLS,JUBILEE HILLS,2023-12-01,2023,12,2,1,2,2.0,False,124.0,65.0,62.0,0
BANJARA_HILLS_JUBILEE_HILLS,initial greater-Hyderabad study area,TGSPDCL,BANJARA HILLS,BANJARA HILLS,JUBILEE HILLS,JUBILEE HILLS,2024-01-01,2024,1,2,1,2,2.0,False,7.0,65.0,3.5,0
BANJARA_HILLS_JUBILEE_HILLS,initial greater-Hyderabad study area,TGSPDCL,BANJARA HILLS,BANJARA HILLS,JUBILEE HILLS,JUBILEE HILLS,2024-02-01,2024,2,2,1,2,2.0,False,49.0,65.0,24.5,0
BANJARA_HILLS_JUBILEE_HILLS,initial greater-Hyderabad study area,TGSPDCL,BANJARA HILLS,BANJARA HILLS,JUBILEE HILLS,JUBILEE HILLS,2024-03-01,2024,3,2,1,2,2.0,False,10.0,65.0,5.0,0
BANJARA_HILLS_JUBILEE_HILLS,initial greater-Hyderabad study area,TGSPDCL,BANJARA HILLS,BANJARA HILLS,JUBILEE HILLS,JUBILEE HILLS,2024-04-01,2024,4,2,1,2,2.0,False,20.0,65.0,10.0,0
BANJARA_HILLS_JUBILEE_HILLS,initial greater-Hyderabad study area,TGSPDCL,BANJARA HILLS,BANJARA HILLS,JUBILEE HILLS,JUBILEE HILLS,2024-05-01,2024,5,2,1,2,2.0,False,61.0,65.0,30.5,0
BANJARA_HILLS_JUBILEE_HILLS,initial greater-Hyderabad study area,TGSPDCL,BANJARA HILLS,BANJARA HILLS,JUBILEE HILLS,JUBILEE HILLS,2024-06-01,2024,6,2,1,2,2.0,False,5.0,65.0,2.5,0
BANJARA_HILLS_JUBILEE_HILLS,initial greater-Hyderabad study area,TGSPDCL,BANJARA HILLS,BANJARA HILLS,JUBILEE HILLS,JUBILEE HILLS,2024-07-01,2024,7,2,1,2,2.0,False,10.0,65.0,5.0,0
BANJARA_HILLS_JUBILEE_HILLS,initial greater-Hyderabad study area,TGSPDCL,BANJARA HILLS,BANJARA HILLS,JUBILEE HILLS,JUBILEE HILLS,2024-08-01,2024,8,2,1,2,2.0,False,14.0,65.0,7.0,0
BANJARA_HILLS_JUBILEE_HILLS,initial greater-Hyderabad study area,TGSPDCL,BANJARA HILLS,BANJARA HILLS,JUBILEE HILLS,JUBILEE HILLS,2024-09-01,2024,9,2,1,2,2.0,False,5.0,65.0,2.5,0
BANJARA_HILLS_JUBILEE_HILLS,initial greater-Hyderabad study area,TGSPDCL,BANJARA HILLS,BANJARA HILLS,JUBILEE HILLS,JUBILEE HILLS,2024-10-01,2024,10,2,2,2,2.0,False,0.0,65.0,0.0,0
BANJARA_HILLS_JUBILEE_HILLS,initial greater-Hyderabad study area,TGSPDCL,BANJARA HILLS,BANJARA HILLS,JUBILEE HILLS,JUBILEE HILLS,2024-11-01,2024,11,2,1,2,2.0,False,4.0,65.0,2.0,0
BANJARA_HILLS_JUBILEE_HILLS,initial greater-Hyderabad study area,TGSPDCL,BANJARA HILLS,BANJARA HILLS,JUBILEE HILLS,JUBILEE HILLS,2024-12-01,2024,12,2,1,2,2.0,False,13.0,65.0,6.5,0
BANJARA_HILLS_JUBILEE_HILLS,initial greater-Hyderabad study area,TGSPDCL,BANJARA HILLS,BANJARA HILLS,JUBILEE HILLS,JUBILEE HILLS,2025-01-01,2025,1,2,1,2,2.0,False,25.0,65.0,12.5,0
BANJARA_HILLS_JUBILEE_HILLS,initial greater-Hyderabad study area,TGSPDCL,BANJARA HILLS,BANJARA HILLS,JUBILEE HILLS,JUBILEE HILLS,2025-02-01,2025,2,2,1,2,2.0,False,15.0,65.0,7.5,0
BANJARA_HILLS_JUBILEE_HILLS,initial greater-Hyderabad study area,TGSPDCL,BANJARA HILLS,BANJARA HILLS,JUBILEE HILLS,JUBILEE HILLS,2025-03-01,2025,3,2,1,2,2.0,False,14.0,65.0,7.0,0
BANJARA_HILLS_JUBILEE_HILLS,initial greater-Hyderabad study area,TGSPDCL,BANJARA HILLS,BANJARA HILLS,JUBILEE HILLS,JUBILEE HILLS,2025-04-01,2025,4,2,1,3,2.0,False,16.0,119.0,5.33,0
BANJARA_HILLS_JUBILEE_HILLS,initial greater-Hyderabad study area,TGSPDCL,BANJARA HILLS,BANJARA HILLS,JUBILEE HILLS,JUBILEE HILLS,2025-05-01,2025,5,2,1,3,3.0,False,24.0,119.0,8.0,0
BANJARA_HILLS_JUBILEE_HILLS,initial greater-Hyderabad study area,TGSPDCL,BANJARA HILLS,BANJARA HILLS,JUBILEE HILLS,JUBILEE HILLS,2025-06-01,2025,6,2,1,3,3.0,False,16.0,119.0,5.33,0
BANJARA_HILLS_JUBILEE_HILLS,initial greater-Hyderabad study area,TGSPDCL,BANJARA HILLS,BANJARA HILLS,JUBILEE HILLS,JUBILEE HILLS,2025-07-01,2025,7,2,1,3,3.0,False,325.0,119.0,108.33,0
BANJARA_HILLS_JUBILEE_HILLS,initial greater-Hyderabad study area,TGSPDCL,BANJARA HILLS,BANJARA HILLS,JUBILEE HILLS,JUBILEE HILLS,2025-08-01,2025,8,2,1,3,3.0,False,2287.0,119.0,762.33,0
BANJARA_HILLS_JUBILEE_HILLS,initial greater-Hyderabad study area,TGSPDCL,BANJARA HILLS,BANJARA HILLS,JUBILEE HILLS,JUBILEE HILLS,2025-09-01,2025,9,2,1,3,3.0,False,3123.0,119.0,1041.0,0
BANJARA_HILLS_JUBILEE_HILLS,initial greater-Hyderabad study area,TGSPDCL,BANJARA HILLS,BANJARA HILLS,JUBILEE HILLS,JUBILEE HILLS,2025-10-01,2025,10,2,1,3,3.0,False,4000.0,119.0,1333.33,0
BANJARA_HILLS_JUBILEE_HILLS,initial greater-Hyderabad study area,TGSPDCL,BANJARA HILLS,BANJARA HILLS,JUBILEE HILLS,JUBILEE HILLS,2025-11-01,2025,11,2,1,3,3.0,False,3779.0,119.0,1259.67,0
BANJARA_HILLS_JUBILEE_HILLS,initial greater-Hyderabad study area,TGSPDCL,BANJARA HILLS,BANJARA HILLS,JUBILEE HILLS,JUBILEE HILLS,2025-12-01,2025,12,2,1,3,3.0,False,5914.0,119.0,1971.33,0
BANJARA_HILLS_JUBILEE_HILLS,initial greater-Hyderabad study area,TGSPDCL,BANJARA HILLS,BANJARA HILLS,JUBILEE HILLS,JUBILEE HILLS,2026-01-01,2026,1,2,1,3,3.0,False,4914.0,119.0,1638.0,0
BANJARA_HILLS_JUBILEE_HILLS,initial greater-Hyderabad study area,TGSPDCL,BANJARA HILLS,BANJARA HILLS,JUBILEE HILLS,JUBILEE HILLS,2026-02-01,2026,2,2,1,3,3.0,False,4164.0,119.0,1388.0,0
BANJARA_HILLS_JUBILEE_HILLS,initial greater-Hyderabad study area,TGSPDCL,BANJARA HILLS,BANJARA HILLS,JUBILEE HILLS,JUBILEE HILLS,2026-03-01,2026,3,2,1,3,3.0,False,1698.0,119.0,566.0,0
BANJARA_HILLS_JUBILEE_HILLS,initial greater-Hyderabad study area,TGSPDCL,BANJARA HILLS,BANJARA HILLS,JUBILEE HILLS,JUBILEE HILLS,2026-04-01,2026,4,2,1,3,3.0,False,4501.0,119.0,1500.33,0
BANJARA_HILLS_JUBILEE_HILLS,initial greater-Hyderabad study area,TGSPDCL,BANJARA HILLS,BANJARA HILLS,JUBILEE HILLS,JUBILEE HILLS,2026-05-01,2026,5,2,1,3,3.0,False,6214.0,119.0,2071.33,0
BANJARA_HILLS_JUBILEE_HILLS,initial greater-Hyderabad study area,TGSPDCL,BANJARA HILLS,BANJARA HILLS,JUBILEE HILLS,JUBILEE HILLS,2026-06-01,2026,6,2,1,3,3.0,False,4471.0,119.0,1490.33,0
BANJARA_HILLS_JUBILEE_HILLS,initial greater-Hyderabad study area,TGSPDCL,BANJARA HILLS,BANJARA HILLS,JUBILEE HILLS,JUBILEE HILLS,2026-07-01,2026,7,2,1,3,3.0,False,608.0,119.0,202.67,0
BANJARA_HILLS_JUBILEE_HILLS,initial greater-Hyderabad study area,TGSPDCL,BANJARA HILLS,BANJARA HILLS,JUBILEE HILLS,JUBILEE HILLS,2026-08-01,2026,8,2,1,3,3.0,False,59.0,119.0,19.67,0
BANJARA_HILLS_MADHAPUR,initial greater-Hyderabad study area,TGSPDCL,BANJARA HILLS,BANJARA HILLS,JUBILEE HILLS,MADHAPUR,2023-01-01,2023,1,2,0,3,3.0,False,2437.0,23.0,812.33,0
BANJARA_HILLS_MADHAPUR,initial greater-Hyderabad study area,TGSPDCL,BANJARA HILLS,BANJARA HILLS,JUBILEE HILLS,MADHAPUR,2023-02-01,2023,2,2,0,3,3.0,False,1865.0,23.0,621.67,0
BANJARA_HILLS_MADHAPUR,initial greater-Hyderabad study area,TGSPDCL,BANJARA HILLS,BANJARA HILLS,JUBILEE HILLS,MADHAPUR,2023-03-01,2023,3,2,0,3,3.0,False,2672.0,23.0,890.67,0
BANJARA_HILLS_MADHAPUR,initial greater-Hyderabad study area,TGSPDCL,BANJARA HILLS,BANJARA HILLS,JUBILEE HILLS,MADHAPUR,2023-04-01,2023,4,2,0,3,3.0,False,2506.0,23.0,835.33,0
BANJARA_HILLS_MADHAPUR,initial greater-Hyderabad study area,TGSPDCL,BANJARA HILLS,BANJARA HILLS,JUBILEE HILLS,MADHAPUR,2023-05-01,2023,5,3,1,4,3.0,True,2211.0,77.0,552.75,0
BANJARA_HILLS_MADHAPUR,initial greater-Hyderabad study area,TGSPDCL,BANJARA HILLS,BANJARA HILLS,JUBILEE HILLS,MADHAPUR,2023-06-01,2023,6,3,0,4,4.0,False,2160.0,77.0,540.0,0
BANJARA_HILLS_MADHAPUR,initial greater-Hyderabad study area,TGSPDCL,BANJARA HILLS,BANJARA HILLS,JUBILEE HILLS,MADHAPUR,2023-07-01,2023,7,3,0,4,4.0,False,1870.0,77.0,467.5,0
BANJARA_HILLS_MADHAPUR,initial greater-Hyderabad study area,TGSPDCL,BANJARA HILLS,BANJARA HILLS,JUBILEE HILLS,MADHAPUR,2023-08-01,2023,8,3,0,4,4.0,False,2472.0,77.0,618.0,0
BANJARA_HILLS_MADHAPUR,initial greater-Hyderabad study area,TGSPDCL,BANJARA HILLS,BANJARA HILLS,JUBILEE HILLS,MADHAPUR,2023-09-01,2023,9,3,0,4,4.0,False,3095.0,77.0,773.75,0
BANJARA_HILLS_MADHAPUR,initial greater-Hyderabad study area,TGSPDCL,BANJARA HILLS,BANJARA HILLS,JUBILEE HILLS,MADHAPUR,2023-10-01,2023,10,3,0,4,4.0,False,8173.0,77.0,2043.25,0
BANJARA_HILLS_MADHAPUR,initial greater-Hyderabad study area,TGSPDCL,BANJARA HILLS,BANJARA HILLS,JUBILEE HILLS,MADHAPUR,2023-11-01,2023,11,3,1,4,4.0,False,11454.0,77.0,2863.5,0
BANJARA_HILLS_MADHAPUR,initial greater-Hyderabad study area,TGSPDCL,BANJARA HILLS,BANJARA HILLS,JUBILEE HILLS,MADHAPUR,2023-12-01,2023,12,3,0,4,4.0,False,21605.0,77.0,5401.25,0
BANJARA_HILLS_MADHAPUR,initial greater-Hyderabad study area,TGSPDCL,BANJARA HILLS,BANJARA HILLS,JUBILEE HILLS,MADHAPUR,2024-01-01,2024,1,3,1,4,4.0,False,18096.0,77.0,4524.0,0
BANJARA_HILLS_MADHAPUR,initial greater-Hyderabad study area,TGSPDCL,BANJARA HILLS,BANJARA HILLS,JUBILEE HILLS,MADHAPUR,2024-02-01,2024,2,3,1,4,4.0,False,20637.0,77.0,5159.25,0
BANJARA_HILLS_MADHAPUR,initial greater-Hyderabad study area,TGSPDCL,BANJARA HILLS,BANJARA HILLS,JUBILEE HILLS,MADHAPUR,2024-03-01,2024,3,3,1,4,4.0,False,15420.0,77.0,3855.0,0
BANJARA_HILLS_MADHAPUR,initial greater-Hyderabad study area,TGSPDCL,BANJARA HILLS,BANJARA HILLS,JUBILEE HILLS,MADHAPUR,2024-04-01,2024,4,3,1,4,4.0,False,10123.0,77.0,2530.75,0
BANJARA_HILLS_MADHAPUR,initial greater-Hyderabad study area,TGSPDCL,BANJARA HILLS,BANJARA HILLS,JUBILEE HILLS,MADHAPUR,2024-05-01,2024,5,3,1,4,4.0,False,8226.0,77.0,2056.5,0
BANJARA_HILLS_MADHAPUR,initial greater-Hyderabad study area,TGSPDCL,BANJARA HILLS,BANJARA HILLS,JUBILEE HILLS,MADHAPUR,2024-06-01,2024,6,3,1,4,4.0,False,15893.0,77.0,3973.25,0
BANJARA_HILLS_MADHAPUR,initial greater-Hyderabad study area,TGSPDCL,BANJARA HILLS,BANJARA HILLS,JUBILEE HILLS,MADHAPUR,2024-07-01,2024,7,3,1,6,5.0,False,9092.0,185.0,1515.33,0
BANJARA_HILLS_MADHAPUR,initial greater-Hyderabad study area,TGSPDCL,BANJARA HILLS,BANJARA HILLS,JUBILEE HILLS,MADHAPUR,2024-08-01,2024,8,3,1,6,5.0,False,8062.0,185.0,1343.67,0
BANJARA_HILLS_MADHAPUR,initial greater-Hyderabad study area,TGSPDCL,BANJARA HILLS,BANJARA HILLS,JUBILEE HILLS,MADHAPUR,2024-09-01,2024,9,3,0,6,5.0,False,11833.0,185.0,1972.17,0
BANJARA_HILLS_MADHAPUR,initial greater-Hyderabad study area,TGSPDCL,BANJARA HILLS,BANJARA HILLS,JUBILEE HILLS,MADHAPUR,2024-10-01,2024,10,3,1,6,5.0,False,16713.0,185.0,2785.5,0
BANJARA_HILLS_MADHAPUR,initial greater-Hyderabad study area,TGSPDCL,BANJARA HILLS,BANJARA HILLS,JUBILEE HILLS,MADHAPUR,2024-11-01,2024,11,3,0,6,5.0,False,24401.0,185.0,4066.83,0
BANJARA_HILLS_MADHAPUR,initial greater-Hyderabad study area,TGSPDCL,BANJARA HILLS,BANJARA HILLS,JUBILEE HILLS,MADHAPUR,2024-12-01,2024,12,3,1,6,5.0,False,24425.0,185.0,4070.83,0
BANJARA_HILLS_MADHAPUR,initial greater-Hyderabad study area,TGSPDCL,BANJARA HILLS,BANJARA HILLS,JUBILEE HILLS,MADHAPUR,2025-01-01,2025,1,3,1,6,5.0,False,27978.0,185.0,4663.0,0
BANJARA_HILLS_MADHAPUR,initial greater-Hyderabad study area,TGSPDCL,BANJARA HILLS,BANJARA HILLS,JUBILEE HILLS,MADHAPUR,2025-02-01,2025,2,3,1,6,5.0,False,34477.0,185.0,5746.17,0
BANJARA_HILLS_MADHAPUR,initial greater-Hyderabad study area,TGSPDCL,BANJARA HILLS,BANJARA HILLS,JUBILEE HILLS,MADHAPUR,2025-03-01,2025,3,3,1,6,5.0,False,35747.0,185.0,5957.83,0
BANJARA_HILLS_MADHAPUR,initial greater-Hyderabad study area,TGSPDCL,BANJARA HILLS,BANJARA HILLS,JUBILEE HILLS,MADHAPUR,2025-04-01,2025,4,3,1,7,5.0,False,38799.0,239.0,5542.71,0
BANJARA_HILLS_MADHAPUR,initial greater-Hyderabad study area,TGSPDCL,BANJARA HILLS,BANJARA HILLS,JUBILEE HILLS,MADHAPUR,2025-05-01,2025,5,3,1,7,6.0,False,36023.0,239.0,5146.14,0
BANJARA_HILLS_MADHAPUR,initial greater-Hyderabad study area,TGSPDCL,BANJARA HILLS,BANJARA HILLS,JUBILEE HILLS,MADHAPUR,2025-06-01,2025,6,3,1,7,6.0,False,27013.0,239.0,3859.0,0
BANJARA_HILLS_MADHAPUR,initial greater-Hyderabad study area,TGSPDCL,BANJARA HILLS,BANJARA HILLS,JUBILEE HILLS,MADHAPUR,2025-07-01,2025,7,3,1,8,5.0,True,36507.0,292.0,4563.38,0
BANJARA_HILLS_MADHAPUR,initial greater-Hyderabad study area,TGSPDCL,BANJARA HILLS,BANJARA HILLS,JUBILEE HILLS,MADHAPUR,2025-08-01,2025,8,3,1,8,5.0,True,44039.0,292.0,5504.88,0
BANJARA_HILLS_MADHAPUR,initial greater-Hyderabad study area,TGSPDCL,BANJARA HILLS,BANJARA HILLS,JUBILEE HILLS,MADHAPUR,2025-09-01,2025,9,3,1,8,5.0,True,52285.0,292.0,6535.62,0
BANJARA_HILLS_MADHAPUR,initial greater-Hyderabad study area,TGSPDCL,BANJARA HILLS,BANJARA HILLS,JUBILEE HILLS,MADHAPUR,2025-10-01,2025,10,3,1,8,5.0,True,48824.0,292.0,6103.0,0
BANJARA_HILLS_MADHAPUR,initial greater-Hyderabad study area,TGSPDCL,BANJARA HILLS,BANJARA HILLS,JUBILEE HILLS,MADHAPUR,2025-11-01,2025,11,3,1,8,5.0,True,41947.0,292.0,5243.38,0
BANJARA_HILLS_MADHAPUR,initial greater-Hyderabad study area,TGSPDCL,BANJARA HILLS,BANJARA HILLS,JUBILEE HILLS,MADHAPUR,2025-12-01,2025,12,3,1,8,5.0,True,46150.0,292.0,5768.75,0
BANJARA_HILLS_MADHAPUR,initial greater-Hyderabad study area,TGSPDCL,BANJARA HILLS,BANJARA HILLS,JUBILEE HILLS,MADHAPUR,2026-01-01,2026,1,3,1,8,5.0,True,54812.0,292.0,6851.5,0
BANJARA_HILLS_MADHAPUR,initial greater-Hyderabad study area,TGSPDCL,BANJARA HILLS,BANJARA HILLS,JUBILEE HILLS,MADHAPUR,2026-02-01,2026,2,3,1,8,5.0,True,49967.0,292.0,6245.88,0
BANJARA_HILLS_MADHAPUR,initial greater-Hyderabad study area,TGSPDCL,BANJARA HILLS,BANJARA HILLS,JUBILEE HILLS,MADHAPUR,2026-03-01,2026,3,3,1,8,5.0,True,48036.0,292.0,6004.5,0
BANJARA_HILLS_MADHAPUR,initial greater-Hyderabad study area,TGSPDCL,BANJARA HILLS,BANJARA HILLS,JUBILEE HILLS,MADHAPUR,2026-04-01,2026,4,3,1,8,5.0,True,49607.0,292.0,6200.88,0
BANJARA_HILLS_MADHAPUR,initial greater-Hyderabad study area,TGSPDCL,BANJARA HILLS,BANJARA HILLS,JUBILEE HILLS,MADHAPUR,2026-05-01,2026,5,3,1,8,5.0,True,52810.0,292.0,6601.25,0
BANJARA_HILLS_MADHAPUR,initial greater-Hyderabad study area,TGSPDCL,BANJARA HILLS,BANJARA HILLS,JUBILEE HILLS,MADHAPUR,2026-06-01,2026,6,3,1,8,5.0,True,51825.0,292.0,6478.12,0
BANJARA_HILLS_MADHAPUR,initial greater-Hyderabad study area,TGSPDCL,BANJARA HILLS,BANJARA HILLS,JUBILEE HILLS,MADHAPUR,2026-07-01,2026,7,3,1,8,5.0,True,67636.0,292.0,8454.5,0
BANJARA_HILLS_MADHAPUR,initial greater-Hyderabad study area,TGSPDCL,BANJARA HILLS,BANJARA HILLS,JUBILEE HILLS,MADHAPUR,2026-08-01,2026,8,3,1,8,5.0,True,44254.0,292.0,5531.75,0
BANJARA_HILLS_MOTHI_NAGAR,initial greater-Hyderabad study area,TGSPDCL,BANJARA HILLS,GREEN LANDS,SANATH NAGAR,MOTHI NAGAR,2025-05-01,2025,5,1,0,1,1.0,False,169.0,11.0,169.0,0
BANJARA_HILLS_MOTHI_NAGAR,initial greater-Hyderabad study area,TGSPDCL,BANJARA HILLS,GREEN LANDS,SANATH NAGAR,MOTHI NAGAR,2025-06-01,2025,6,1,0,1,1.0,False,873.0,11.0,873.0,0
BANJARA_HILLS_MOTHI_NAGAR,initial greater-Hyderabad study area,TGSPDCL,BANJARA HILLS,GREEN LANDS,SANATH NAGAR,MOTHI NAGAR,2025-07-01,2025,7,1,0,1,1.0,False,704.0,11.0,704.0,0
BANJARA_HILLS_MOTHI_NAGAR,initial greater-Hyderabad study area,TGSPDCL,BANJARA HILLS,GREEN LANDS,SANATH NAGAR,MOTHI NAGAR,2025-08-01,2025,8,1,0,1,1.0,False,459.0,11.0,459.0,0
BANJARA_HILLS_MOTHI_NAGAR,initial greater-Hyderabad study area,TGSPDCL,BANJARA HILLS,GREEN LANDS,SANATH NAGAR,MOTHI NAGAR,2025-09-01,2025,9,1,0,1,1.0,False,528.0,11.0,528.0,0
BANJARA_HILLS_MOTHI_NAGAR,initial greater-Hyderabad study area,TGSPDCL,BANJARA HILLS,GREEN LANDS,SANATH NAGAR,MOTHI NAGAR,2025-10-01,2025,10,1,0,1,1.0,False,939.0,11.0,939.0,0
BANJARA_HILLS_MOTHI_NAGAR,initial greater-Hyderabad study area,TGSPDCL,BANJARA HILLS,GREEN LANDS,SANATH NAGAR,MOTHI NAGAR,2025-11-01,2025,11,1,0,1,1.0,False,481.0,11.0,481.0,0
BANJARA_HILLS_MOTHI_NAGAR,initial greater-Hyderabad study area,TGSPDCL,BANJARA HILLS,GREEN LANDS,SANATH NAGAR,MOTHI NAGAR,2025-12-01,2025,12,1,0,2,1.0,False,925.0,65.0,462.5,0
BANJARA_HILLS_MOTHI_NAGAR,initial greater-Hyderabad study area,TGSPDCL,BANJARA HILLS,GREEN LANDS,SANATH NAGAR,MOTHI NAGAR,2026-01-01,2026,1,1,0,2,2.0,False,262.0,65.0,131.0,0
BANJARA_HILLS_MOTHI_NAGAR,initial greater-Hyderabad study area,TGSPDCL,BANJARA HILLS,GREEN LANDS,SANATH NAGAR,MOTHI NAGAR,2026-02-01,2026,2,1,0,2,2.0,False,36.0,65.0,18.0,0
BANJARA_HILLS_MOTHI_NAGAR,initial greater-Hyderabad study area,TGSPDCL,BANJARA HILLS,GREEN LANDS,SANATH NAGAR,MOTHI NAGAR,2026-03-01,2026,3,1,0,2,2.0,False,1880.0,65.0,940.0,0
BANJARA_HILLS_MOTHI_NAGAR,initial greater-Hyderabad study area,TGSPDCL,BANJARA HILLS,GREEN LANDS,SANATH NAGAR,MOTHI NAGAR,2026-04-01,2026,4,1,0,2,2.0,False,4124.0,65.0,2062.0,0
BANJARA_HILLS_MOTHI_NAGAR,initial greater-Hyderabad study area,TGSPDCL,BANJARA HILLS,GREEN LANDS,SANATH NAGAR,MOTHI NAGAR,2026-05-01,2026,5,1,0,2,2.0,False,6473.0,65.0,3236.5,0
BANJARA_HILLS_MOTHI_NAGAR,initial greater-Hyderabad study area,TGSPDCL,BANJARA HILLS,GREEN LANDS,SANATH NAGAR,MOTHI NAGAR,2026-06-01,2026,6,1,0,2,2.0,False,5930.0,65.0,2965.0,0
BANJARA_HILLS_MOTHI_NAGAR,initial greater-Hyderabad study area,TGSPDCL,BANJARA HILLS,GREEN LANDS,SANATH NAGAR,MOTHI NAGAR,2026-07-01,2026,7,1,0,2,2.0,False,5993.0,65.0,2996.5,0
BANJARA_HILLS_MOTHI_NAGAR,initial greater-Hyderabad study area,TGSPDCL,BANJARA HILLS,GREEN LANDS,SANATH NAGAR,MOTHI NAGAR,2026-08-01,2026,8,1,0,2,2.0,False,7023.0,65.0,3511.5,0
BANJARA_HILLS_SANATHNAGAR,initial greater-Hyderabad study area,TGSPDCL,BANJARA HILLS,GREEN LANDS,SANATH NAGAR,SANATHNAGAR,2023-10-01,2023,10,1,0,1,1.0,False,21.0,54.0,21.0,0
BANJARA_HILLS_SANATHNAGAR,initial greater-Hyderabad study area,TGSPDCL,BANJARA HILLS,GREEN LANDS,SANATH NAGAR,SANATHNAGAR,2023-11-01,2023,11,1,0,1,1.0,False,6.0,54.0,6.0,0
BANJARA_HILLS_SANATHNAGAR,initial greater-Hyderabad study area,TGSPDCL,BANJARA HILLS,GREEN LANDS,SANATH NAGAR,SANATHNAGAR,2023-12-01,2023,12,1,0,1,1.0,False,2927.0,54.0,2927.0,0
BANJARA_HILLS_SANATHNAGAR,initial greater-Hyderabad study area,TGSPDCL,BANJARA HILLS,GREEN LANDS,SANATH NAGAR,SANATHNAGAR,2024-01-01,2024,1,1,0,1,1.0,False,4355.0,54.0,4355.0,0
BANJARA_HILLS_SANATHNAGAR,initial greater-Hyderabad study area,TGSPDCL,BANJARA HILLS,GREEN LANDS,SANATH NAGAR,SANATHNAGAR,2024-02-01,2024,2,1,0,1,1.0,False,6040.0,54.0,6040.0,0
BANJARA_HILLS_SANATHNAGAR,initial greater-Hyderabad study area,TGSPDCL,BANJARA HILLS,GREEN LANDS,SANATH NAGAR,SANATHNAGAR,2024-03-01,2024,3,1,0,1,1.0,False,5284.0,54.0,5284.0,0
BANJARA_HILLS_SANATHNAGAR,initial greater-Hyderabad study area,TGSPDCL,BANJARA HILLS,GREEN LANDS,SANATH NAGAR,SANATHNAGAR,2024-04-01,2024,4,1,0,1,1.0,False,3039.0,54.0,3039.0,0
BANJARA_HILLS_SANATHNAGAR,initial greater-Hyderabad study area,TGSPDCL,BANJARA HILLS,GREEN LANDS,SANATH NAGAR,SANATHNAGAR,2024-05-01,2024,5,1,0,1,1.0,False,4854.0,54.0,4854.0,0
BANJARA_HILLS_SANATHNAGAR,initial greater-Hyderabad study area,TGSPDCL,BANJARA HILLS,GREEN LANDS,SANATH NAGAR,SANATHNAGAR,2024-06-01,2024,6,1,0,1,1.0,False,4966.0,54.0,4966.0,0
BANJARA_HILLS_SANATHNAGAR,initial greater-Hyderabad study area,TGSPDCL,BANJARA HILLS,GREEN LANDS,SANATH NAGAR,SANATHNAGAR,2024-07-01,2024,7,1,0,1,1.0,False,5298.0,54.0,5298.0,0
BANJARA_HILLS_SANATHNAGAR,initial greater-Hyderabad study area,TGSPDCL,BANJARA HILLS,GREEN LANDS,SANATH NAGAR,SANATHNAGAR,2024-08-01,2024,8,1,0,1,1.0,False,3000.0,54.0,3000.0,0
BANJARA_HILLS_SANATHNAGAR,initial greater-Hyderabad study area,TGSPDCL,BANJARA HILLS,GREEN LANDS,SANATH NAGAR,SANATHNAGAR,2024-09-01,2024,9,1,0,2,1.0,False,4651.0,108.0,2325.5,0
BANJARA_HILLS_SANATHNAGAR,initial greater-Hyderabad study area,TGSPDCL,BANJARA HILLS,GREEN LANDS,SANATH NAGAR,SANATHNAGAR,2024-10-01,2024,10,1,0,2,2.0,False,436.0,108.0,218.0,0
BANJARA_HILLS_SANATHNAGAR,initial greater-Hyderabad study area,TGSPDCL,BANJARA HILLS,GREEN LANDS,SANATH NAGAR,SANATHNAGAR,2024-11-01,2024,11,1,0,2,2.0,False,3054.0,108.0,1527.0,0
BANJARA_HILLS_SANATHNAGAR,initial greater-Hyderabad study area,TGSPDCL,BANJARA HILLS,GREEN LANDS,SANATH NAGAR,SANATHNAGAR,2024-12-01,2024,12,1,0,2,2.0,False,4424.0,108.0,2212.0,0
BANJARA_HILLS_SANATHNAGAR,initial greater-Hyderabad study area,TGSPDCL,BANJARA HILLS,GREEN LANDS,SANATH NAGAR,SANATHNAGAR,2025-01-01,2025,1,1,0,2,2.0,False,4262.0,108.0,2131.0,0
BANJARA_HILLS_SANATHNAGAR,initial greater-Hyderabad study area,TGSPDCL,BANJARA HILLS,GREEN LANDS,SANATH NAGAR,SANATHNAGAR,2025-02-01,2025,2,1,0,3,2.0,False,4626.0,161.0,1542.0,0
BANJARA_HILLS_SANATHNAGAR,initial greater-Hyderabad study area,TGSPDCL,BANJARA HILLS,GREEN LANDS,SANATH NAGAR,SANATHNAGAR,2025-03-01,2025,3,1,0,3,3.0,False,7646.0,161.0,2548.67,0
BANJARA_HILLS_SANATHNAGAR,initial greater-Hyderabad study area,TGSPDCL,BANJARA HILLS,GREEN LANDS,SANATH NAGAR,SANATHNAGAR,2025-04-01,2025,4,1,0,3,3.0,False,11257.0,161.0,3752.33,0
BANJARA_HILLS_SANATHNAGAR,initial greater-Hyderabad study area,TGSPDCL,BANJARA HILLS,GREEN LANDS,SANATH NAGAR,SANATHNAGAR,2025-05-01,2025,5,1,0,3,3.0,False,15191.0,161.0,5063.67,0
BANJARA_HILLS_SANATHNAGAR,initial greater-Hyderabad study area,TGSPDCL,BANJARA HILLS,GREEN LANDS,SANATH NAGAR,SANATHNAGAR,2025-06-01,2025,6,1,0,3,3.0,False,15358.0,161.0,5119.33,0
BANJARA_HILLS_SANATHNAGAR,initial greater-Hyderabad study area,TGSPDCL,BANJARA HILLS,GREEN LANDS,SANATH NAGAR,SANATHNAGAR,2025-07-01,2025,7,1,0,3,3.0,False,12314.0,161.0,4104.67,0
BANJARA_HILLS_SANATHNAGAR,initial greater-Hyderabad study area,TGSPDCL,BANJARA HILLS,GREEN LANDS,SANATH NAGAR,SANATHNAGAR,2025-08-01,2025,8,1,0,3,3.0,False,12053.0,161.0,4017.67,0
BANJARA_HILLS_SANATHNAGAR,initial greater-Hyderabad study area,TGSPDCL,BANJARA HILLS,GREEN LANDS,SANATH NAGAR,SANATHNAGAR,2025-09-01,2025,9,1,0,3,3.0,False,14085.0,161.0,4695.0,0
BANJARA_HILLS_SANATHNAGAR,initial greater-Hyderabad study area,TGSPDCL,BANJARA HILLS,GREEN LANDS,SANATH NAGAR,SANATHNAGAR,2025-10-01,2025,10,1,0,3,3.0,False,12615.0,161.0,4205.0,0
BANJARA_HILLS_SANATHNAGAR,initial greater-Hyderabad study area,TGSPDCL,BANJARA HILLS,GREEN LANDS,SANATH NAGAR,SANATHNAGAR,2025-11-01,2025,11,1,0,3,3.0,False,12654.0,161.0,4218.0,0
BANJARA_HILLS_SANATHNAGAR,initial greater-Hyderabad study area,TGSPDCL,BANJARA HILLS,GREEN LANDS,SANATH NAGAR,SANATHNAGAR,2025-12-01,2025,12,1,0,3,3.0,False,25054.0,161.0,8351.33,0
BANJARA_HILLS_SANATHNAGAR,initial greater-Hyderabad study area,TGSPDCL,BANJARA HILLS,GREEN LANDS,SANATH NAGAR,SANATHNAGAR,2026-01-01,2026,1,1,0,3,3.0,False,28110.0,161.0,9370.0,0
BANJARA_HILLS_SANATHNAGAR,initial greater-Hyderabad study area,TGSPDCL,BANJARA HILLS,GREEN LANDS,SANATH NAGAR,SANATHNAGAR,2026-02-01,2026,2,1,0,3,3.0,False,31492.0,161.0,10497.33,0
BANJARA_HILLS_SANATHNAGAR,initial greater-Hyderabad study area,TGSPDCL,BANJARA HILLS,GREEN LANDS,SANATH NAGAR,SANATHNAGAR,2026-03-01,2026,3,1,0,3,3.0,False,39060.0,161.0,13020.0,0
BANJARA_HILLS_SANATHNAGAR,initial greater-Hyderabad study area,TGSPDCL,BANJARA HILLS,GREEN LANDS,SANATH NAGAR,SANATHNAGAR,2026-04-01,2026,4,1,0,3,3.0,False,44893.0,161.0,14964.33,0
BANJARA_HILLS_SANATHNAGAR,initial greater-Hyderabad study area,TGSPDCL,BANJARA HILLS,GREEN LANDS,SANATH NAGAR,SANATHNAGAR,2026-05-01,2026,5,1,0,3,3.0,False,50047.0,161.0,16682.33,0
BANJARA_HILLS_SANATHNAGAR,initial greater-Hyderabad study area,TGSPDCL,BANJARA HILLS,GREEN LANDS,SANATH NAGAR,SANATHNAGAR,2026-06-01,2026,6,1,0,3,3.0,False,54354.0,161.0,18118.0,0
BANJARA_HILLS_SANATHNAGAR,initial greater-Hyderabad study area,TGSPDCL,BANJARA HILLS,GREEN LANDS,SANATH NAGAR,SANATHNAGAR,2026-07-01,2026,7,1,0,3,3.0,False,50688.0,223.0,16896.0,0
BANJARA_HILLS_SANATHNAGAR,initial greater-Hyderabad study area,TGSPDCL,BANJARA HILLS,GREEN LANDS,SANATH NAGAR,SANATHNAGAR,2026-08-01,2026,8,1,0,3,3.0,False,50048.0,223.0,16682.67,0
BANJARA_HILLS_SANJEEV_REDDY_NAGAR,initial greater-Hyderabad study area,TGSPDCL,BANJARA HILLS,GREEN LANDS,GREENLANDS,SANJEEV REDDY NAGAR,2025-01-01,2025,1,1,1,1,,True,0.0,53.0,0.0,0
BANJARA_HILLS_SANJEEV_REDDY_NAGAR,initial greater-Hyderabad study area,TGSPDCL,BANJARA HILLS,GREEN LANDS,GREENLANDS,SANJEEV REDDY NAGAR,2025-02-01,2025,2,1,0,1,1.0,False,3569.0,53.0,3569.0,0
BANJARA_HILLS_SANJEEV_REDDY_NAGAR,initial greater-Hyderabad study area,TGSPDCL,BANJARA HILLS,GREEN LANDS,GREENLANDS,SANJEEV REDDY NAGAR,2025-03-01,2025,3,1,0,1,1.0,False,5022.0,53.0,5022.0,0
BANJARA_HILLS_SANJEEV_REDDY_NAGAR,initial greater-Hyderabad study area,TGSPDCL,BANJARA HILLS,GREEN LANDS,GREENLANDS,SANJEEV REDDY NAGAR,2025-04-01,2025,4,1,0,1,1.0,False,5256.0,53.0,5256.0,0
BANJARA_HILLS_SANJEEV_REDDY_NAGAR,initial greater-Hyderabad study area,TGSPDCL,BANJARA HILLS,GREEN LANDS,GREENLANDS,SANJEEV REDDY NAGAR,2025-05-01,2025,5,1,0,1,1.0,False,5931.0,53.0,5931.0,0
BANJARA_HILLS_SANJEEV_REDDY_NAGAR,initial greater-Hyderabad study area,TGSPDCL,BANJARA HILLS,GREEN LANDS,GREENLANDS,SANJEEV REDDY NAGAR,2025-06-01,2025,6,1,0,1,1.0,False,5604.0,53.0,5604.0,0
BANJARA_HILLS_SANJEEV_REDDY_NAGAR,initial greater-Hyderabad study area,TGSPDCL,BANJARA HILLS,GREEN LANDS,GREENLANDS,SANJEEV REDDY NAGAR,2025-07-01,2025,7,1,0,1,1.0,False,6041.0,53.0,6041.0,0
BANJARA_HILLS_SANJEEV_REDDY_NAGAR,initial greater-Hyderabad study area,TGSPDCL,BANJARA HILLS,GREEN LANDS,GREENLANDS,SANJEEV REDDY NAGAR,2025-08-01,2025,8,1,0,1,1.0,False,7155.0,53.0,7155.0,0
BANJARA_HILLS_SANJEEV_REDDY_NAGAR,initial greater-Hyderabad study area,TGSPDCL,BANJARA HILLS,GREEN LANDS,GREENLANDS,SANJEEV REDDY NAGAR,2025-09-01,2025,9,1,0,1,1.0,False,6568.0,53.0,6568.0,0
BANJARA_HILLS_SANJEEV_REDDY_NAGAR,initial greater-Hyderabad study area,TGSPDCL,BANJARA HILLS,GREEN LANDS,GREENLANDS,SANJEEV REDDY NAGAR,2025-10-01,2025,10,1,0,1,1.0,False,8751.0,53.0,8751.0,0
BANJARA_HILLS_SANJEEV_REDDY_NAGAR,initial greater-Hyderabad study area,TGSPDCL,BANJARA HILLS,GREEN LANDS,GREENLANDS,SANJEEV REDDY NAGAR,2025-11-01,2025,11,1,0,1,1.0,False,11986.0,53.0,11986.0,0
BANJARA_HILLS_SANJEEV_REDDY_NAGAR,initial greater-Hyderabad study area,TGSPDCL,BANJARA HILLS,GREEN LANDS,GREENLANDS,SANJEEV REDDY NAGAR,2025-12-01,2025,12,1,0,1,1.0,False,11607.0,53.0,11607.0,0
BANJARA_HILLS_SANJEEV_REDDY_NAGAR,initial greater-Hyderabad study area,TGSPDCL,BANJARA HILLS,GREEN LANDS,GREENLANDS,SANJEEV REDDY NAGAR,2026-01-01,2026,1,1,0,1,1.0,False,18543.0,53.0,18543.0,0
BANJARA_HILLS_SANJEEV_REDDY_NAGAR,initial greater-Hyderabad study area,TGSPDCL,BANJARA HILLS,GREEN LANDS,GREENLANDS,SANJEEV REDDY NAGAR,2026-02-01,2026,2,1,0,1,1.0,False,19497.0,53.0,19497.0,0
BANJARA_HILLS_SANJEEV_REDDY_NAGAR,initial greater-Hyderabad study area,TGSPDCL,BANJARA HILLS,GREEN LANDS,GREENLANDS,SANJEEV REDDY NAGAR,2026-03-01,2026,3,1,0,1,1.0,False,19830.0,53.0,19830.0,0
BANJARA_HILLS_SANJEEV_REDDY_NAGAR,initial greater-Hyderabad study area,TGSPDCL,BANJARA HILLS,GREEN LANDS,GREENLANDS,SANJEEV REDDY NAGAR,2026-04-01,2026,4,1,0,1,1.0,False,23920.0,53.0,23920.0,0
BANJARA_HILLS_SANJEEV_REDDY_NAGAR,initial greater-Hyderabad study area,TGSPDCL,BANJARA HILLS,GREEN LANDS,GREENLANDS,SANJEEV REDDY NAGAR,2026-05-01,2026,5,1,0,1,1.0,False,20165.0,53.0,20165.0,0
BANJARA_HILLS_SANJEEV_REDDY_NAGAR,initial greater-Hyderabad study area,TGSPDCL,BANJARA HILLS,GREEN LANDS,GREENLANDS,SANJEEV REDDY NAGAR,2026-06-01,2026,6,1,0,1,1.0,False,20850.0,53.0,20850.0,0
BANJARA_HILLS_SANJEEV_REDDY_NAGAR,initial greater-Hyderabad study area,TGSPDCL,BANJARA HILLS,GREEN LANDS,GREENLANDS,SANJEEV REDDY NAGAR,2026-07-01,2026,7,1,0,1,1.0,False,22923.0,53.0,22923.0,0
BANJARA_HILLS_SANJEEV_REDDY_NAGAR,initial greater-Hyderabad study area,TGSPDCL,BANJARA HILLS,GREEN LANDS,GREENLANDS,SANJEEV REDDY NAGAR,2026-08-01,2026,8,1,0,1,1.0,False,25694.0,53.0,25694.0,0
BANJARA_HILLS_SRI_KRISHNA_NAGAR,initial greater-Hyderabad study area,TGSPDCL,BANJARA HILLS,BANJARA HILLS,AMEERPET,SRI KRISHNA NAGAR,2023-08-01,2023,8,1,1,1,1.0,False,0.0,54.0,0.0,0
BANJARA_HILLS_SRI_KRISHNA_NAGAR,initial greater-Hyderabad study area,TGSPDCL,BANJARA HILLS,BANJARA HILLS,AMEERPET,SRI KRISHNA NAGAR,2023-09-01,2023,9,1,0,1,1.0,False,460.0,54.0,460.0,0
BANJARA_HILLS_SRI_KRISHNA_NAGAR,initial greater-Hyderabad study area,TGSPDCL,BANJARA HILLS,BANJARA HILLS,AMEERPET,SRI KRISHNA NAGAR,2023-10-01,2023,10,1,0,1,1.0,False,329.0,54.0,329.0,0
BANJARA_HILLS_SRI_KRISHNA_NAGAR,initial greater-Hyderabad study area,TGSPDCL,BANJARA HILLS,BANJARA HILLS,AMEERPET,SRI KRISHNA NAGAR,2023-11-01,2023,11,1,0,1,1.0,False,5729.0,54.0,5729.0,0
BANJARA_HILLS_SRI_KRISHNA_NAGAR,initial greater-Hyderabad study area,TGSPDCL,BANJARA HILLS,BANJARA HILLS,AMEERPET,SRI KRISHNA NAGAR,2023-12-01,2023,12,1,0,1,1.0,False,10396.0,54.0,10396.0,0
BANJARA_HILLS_SRI_KRISHNA_NAGAR,initial greater-Hyderabad study area,TGSPDCL,BANJARA HILLS,BANJARA HILLS,AMEERPET,SRI KRISHNA NAGAR,2024-01-01,2024,1,1,0,1,1.0,False,4899.0,54.0,4899.0,0
BANJARA_HILLS_SRI_KRISHNA_NAGAR,initial greater-Hyderabad study area,TGSPDCL,BANJARA HILLS,BANJARA HILLS,AMEERPET,SRI KRISHNA NAGAR,2024-02-01,2024,2,1,0,1,1.0,False,7075.0,54.0,7075.0,0
BANJARA_HILLS_SRI_KRISHNA_NAGAR,initial greater-Hyderabad study area,TGSPDCL,BANJARA HILLS,BANJARA HILLS,AMEERPET,SRI KRISHNA NAGAR,2024-03-01,2024,3,1,0,1,1.0,False,4446.0,54.0,4446.0,0
BANJARA_HILLS_SRI_KRISHNA_NAGAR,initial greater-Hyderabad study area,TGSPDCL,BANJARA HILLS,BANJARA HILLS,AMEERPET,SRI KRISHNA NAGAR,2024-04-01,2024,4,1,0,1,1.0,False,7074.0,54.0,7074.0,0
BANJARA_HILLS_SRI_KRISHNA_NAGAR,initial greater-Hyderabad study area,TGSPDCL,BANJARA HILLS,BANJARA HILLS,AMEERPET,SRI KRISHNA NAGAR,2024-05-01,2024,5,1,0,1,1.0,False,3282.0,54.0,3282.0,0
BANJARA_HILLS_SRI_KRISHNA_NAGAR,initial greater-Hyderabad study area,TGSPDCL,BANJARA HILLS,BANJARA HILLS,AMEERPET,SRI KRISHNA NAGAR,2024-06-01,2024,6,1,0,1,1.0,False,7808.0,54.0,7808.0,0
BANJARA_HILLS_SRI_KRISHNA_NAGAR,initial greater-Hyderabad study area,TGSPDCL,BANJARA HILLS,BANJARA HILLS,AMEERPET,SRI KRISHNA NAGAR,2024-07-01,2024,7,1,0,1,1.0,False,8010.0,54.0,8010.0,0
BANJARA_HILLS_SRI_KRISHNA_NAGAR,initial greater-Hyderabad study area,TGSPDCL,BANJARA HILLS,BANJARA HILLS,AMEERPET,SRI KRISHNA NAGAR,2024-08-01,2024,8,1,0,1,1.0,False,8606.0,54.0,8606.0,0
BANJARA_HILLS_SRI_KRISHNA_NAGAR,initial greater-Hyderabad study area,TGSPDCL,BANJARA HILLS,BANJARA HILLS,AMEERPET,SRI KRISHNA NAGAR,2024-09-01,2024,9,1,0,1,1.0,False,5501.0,54.0,5501.0,0
BANJARA_HILLS_SRI_KRISHNA_NAGAR,initial greater-Hyderabad study area,TGSPDCL,BANJARA HILLS,BANJARA HILLS,AMEERPET,SRI KRISHNA NAGAR,2024-10-01,2024,10,1,1,1,1.0,False,0.0,54.0,0.0,0
BANJARA_HILLS_SRI_KRISHNA_NAGAR,initial greater-Hyderabad study area,TGSPDCL,BANJARA HILLS,BANJARA HILLS,AMEERPET,SRI KRISHNA NAGAR,2024-11-01,2024,11,1,0,1,1.0,False,1768.0,54.0,1768.0,0
BANJARA_HILLS_SRI_KRISHNA_NAGAR,initial greater-Hyderabad study area,TGSPDCL,BANJARA HILLS,BANJARA HILLS,AMEERPET,SRI KRISHNA NAGAR,2024-12-01,2024,12,1,0,1,1.0,False,1804.0,54.0,1804.0,0
BANJARA_HILLS_SRI_KRISHNA_NAGAR,initial greater-Hyderabad study area,TGSPDCL,BANJARA HILLS,BANJARA HILLS,AMEERPET,SRI KRISHNA NAGAR,2025-01-01,2025,1,1,0,1,1.0,False,3156.0,54.0,3156.0,0
BANJARA_HILLS_SRI_KRISHNA_NAGAR,initial greater-Hyderabad study area,TGSPDCL,BANJARA HILLS,BANJARA HILLS,AMEERPET,SRI KRISHNA NAGAR,2025-02-01,2025,2,1,0,1,1.0,False,4182.0,54.0,4182.0,0
BANJARA_HILLS_SRI_KRISHNA_NAGAR,initial greater-Hyderabad study area,TGSPDCL,BANJARA HILLS,BANJARA HILLS,AMEERPET,SRI KRISHNA NAGAR,2025-03-01,2025,3,1,0,2,2.0,False,4400.0,108.0,2200.0,0
BANJARA_HILLS_SRI_KRISHNA_NAGAR,initial greater-Hyderabad study area,TGSPDCL,BANJARA HILLS,BANJARA HILLS,AMEERPET,SRI KRISHNA NAGAR,2025-04-01,2025,4,1,0,3,2.0,False,5896.0,162.0,1965.33,0
BANJARA_HILLS_SRI_KRISHNA_NAGAR,initial greater-Hyderabad study area,TGSPDCL,BANJARA HILLS,BANJARA HILLS,AMEERPET,SRI KRISHNA NAGAR,2025-05-01,2025,5,1,0,3,3.0,False,6245.0,162.0,2081.67,0
BANJARA_HILLS_SRI_KRISHNA_NAGAR,initial greater-Hyderabad study area,TGSPDCL,BANJARA HILLS,BANJARA HILLS,AMEERPET,SRI KRISHNA NAGAR,2025-06-01,2025,6,1,0,3,3.0,False,8337.0,162.0,2779.0,0
BANJARA_HILLS_SRI_KRISHNA_NAGAR,initial greater-Hyderabad study area,TGSPDCL,BANJARA HILLS,BANJARA HILLS,AMEERPET,SRI KRISHNA NAGAR,2025-07-01,2025,7,1,0,3,3.0,False,5128.0,162.0,1709.33,0
BANJARA_HILLS_SRI_KRISHNA_NAGAR,initial greater-Hyderabad study area,TGSPDCL,BANJARA HILLS,BANJARA HILLS,AMEERPET,SRI KRISHNA NAGAR,2025-08-01,2025,8,1,0,3,3.0,False,7015.0,162.0,2338.33,0
BANJARA_HILLS_SRI_KRISHNA_NAGAR,initial greater-Hyderabad study area,TGSPDCL,BANJARA HILLS,BANJARA HILLS,AMEERPET,SRI KRISHNA NAGAR,2025-09-01,2025,9,1,0,3,3.0,False,8576.0,162.0,2858.67,0
BANJARA_HILLS_SRI_KRISHNA_NAGAR,initial greater-Hyderabad study area,TGSPDCL,BANJARA HILLS,BANJARA HILLS,AMEERPET,SRI KRISHNA NAGAR,2025-10-01,2025,10,1,0,3,3.0,False,13077.0,162.0,4359.0,0
BANJARA_HILLS_SRI_KRISHNA_NAGAR,initial greater-Hyderabad study area,TGSPDCL,BANJARA HILLS,BANJARA HILLS,AMEERPET,SRI KRISHNA NAGAR,2025-11-01,2025,11,1,0,3,3.0,False,14896.0,162.0,4965.33,0
BANJARA_HILLS_SRI_KRISHNA_NAGAR,initial greater-Hyderabad study area,TGSPDCL,BANJARA HILLS,BANJARA HILLS,AMEERPET,SRI KRISHNA NAGAR,2025-12-01,2025,12,1,0,3,3.0,False,14581.0,162.0,4860.33,0
BANJARA_HILLS_SRI_KRISHNA_NAGAR,initial greater-Hyderabad study area,TGSPDCL,BANJARA HILLS,BANJARA HILLS,AMEERPET,SRI KRISHNA NAGAR,2026-01-01,2026,1,1,0,3,3.0,False,14584.0,162.0,4861.33,0
BANJARA_HILLS_SRI_KRISHNA_NAGAR,initial greater-Hyderabad study area,TGSPDCL,BANJARA HILLS,BANJARA HILLS,AMEERPET,SRI KRISHNA NAGAR,2026-02-01,2026,2,1,0,3,3.0,False,15492.0,162.0,5164.0,0
BANJARA_HILLS_SRI_KRISHNA_NAGAR,initial greater-Hyderabad study area,TGSPDCL,BANJARA HILLS,BANJARA HILLS,AMEERPET,SRI KRISHNA NAGAR,2026-03-01,2026,3,1,0,3,3.0,False,19314.0,162.0,6438.0,0
BANJARA_HILLS_SRI_KRISHNA_NAGAR,initial greater-Hyderabad study area,TGSPDCL,BANJARA HILLS,BANJARA HILLS,AMEERPET,SRI KRISHNA NAGAR,2026-04-01,2026,4,1,0,3,3.0,False,12633.0,162.0,4211.0,0
BANJARA_HILLS_SRI_KRISHNA_NAGAR,initial greater-Hyderabad study area,TGSPDCL,BANJARA HILLS,BANJARA HILLS,AMEERPET,SRI KRISHNA NAGAR,2026-05-01,2026,5,1,0,3,3.0,False,12811.0,162.0,4270.33,0
BANJARA_HILLS_SRI_KRISHNA_NAGAR,initial greater-Hyderabad study area,TGSPDCL,BANJARA HILLS,BANJARA HILLS,AMEERPET,SRI KRISHNA NAGAR,2026-06-01,2026,6,1,0,3,3.0,False,14718.0,162.0,4906.0,0
BANJARA_HILLS_SRI_KRISHNA_NAGAR,initial greater-Hyderabad study area,TGSPDCL,BANJARA HILLS,BANJARA HILLS,AMEERPET,SRI KRISHNA NAGAR,2026-07-01,2026,7,1,0,3,3.0,False,16365.0,162.0,5455.0,0
BANJARA_HILLS_SRI_KRISHNA_NAGAR,initial greater-Hyderabad study area,TGSPDCL,BANJARA HILLS,BANJARA HILLS,AMEERPET,SRI KRISHNA NAGAR,2026-08-01,2026,8,1,0,3,3.0,False,31218.0,162.0,10406.0,0
BANJARA_HILLS_YELLA_REDDY_GUDA,initial greater-Hyderabad study area,TGSPDCL,BANJARA HILLS,BANJARA HILLS,AMEERPET,YELLA REDDY GUDA,2025-02-01,2025,2,1,1,1,,True,0.0,53.0,0.0,0
BANJARA_HILLS_YELLA_REDDY_GUDA,initial greater-Hyderabad study area,TGSPDCL,BANJARA HILLS,BANJARA HILLS,AMEERPET,YELLA REDDY GUDA,2025-03-01,2025,3,1,0,1,1.0,False,2765.0,53.0,2765.0,0
BANJARA_HILLS_YELLA_REDDY_GUDA,initial greater-Hyderabad study area,TGSPDCL,BANJARA HILLS,BANJARA HILLS,AMEERPET,YELLA REDDY GUDA,2025-04-01,2025,4,1,0,1,1.0,False,6037.0,53.0,6037.0,0
BANJARA_HILLS_YELLA_REDDY_GUDA,initial greater-Hyderabad study area,TGSPDCL,BANJARA HILLS,BANJARA HILLS,AMEERPET,YELLA REDDY GUDA,2025-05-01,2025,5,1,0,1,1.0,False,7584.0,53.0,7584.0,0
BANJARA_HILLS_YELLA_REDDY_GUDA,initial greater-Hyderabad study area,TGSPDCL,BANJARA HILLS,BANJARA HILLS,AMEERPET,YELLA REDDY GUDA,2025-06-01,2025,6,1,0,1,1.0,False,9312.0,53.0,9312.0,0
BANJARA_HILLS_YELLA_REDDY_GUDA,initial greater-Hyderabad study area,TGSPDCL,BANJARA HILLS,BANJARA HILLS,AMEERPET,YELLA REDDY GUDA,2025-07-01,2025,7,1,0,1,1.0,False,9559.0,53.0,9559.0,0
BANJARA_HILLS_YELLA_REDDY_GUDA,initial greater-Hyderabad study area,TGSPDCL,BANJARA HILLS,BANJARA HILLS,AMEERPET,YELLA REDDY GUDA,2025-08-01,2025,8,1,0,1,1.0,False,10175.0,53.0,10175.0,0
BANJARA_HILLS_YELLA_REDDY_GUDA,initial greater-Hyderabad study area,TGSPDCL,BANJARA HILLS,BANJARA HILLS,AMEERPET,YELLA REDDY GUDA,2025-09-01,2025,9,1,0,1,1.0,False,10490.0,53.0,10490.0,0
BANJARA_HILLS_YELLA_REDDY_GUDA,initial greater-Hyderabad study area,TGSPDCL,BANJARA HILLS,BANJARA HILLS,AMEERPET,YELLA REDDY GUDA,2025-10-01,2025,10,1,0,1,1.0,False,12375.0,53.0,12375.0,0
BANJARA_HILLS_YELLA_REDDY_GUDA,initial greater-Hyderabad study area,TGSPDCL,BANJARA HILLS,BANJARA HILLS,AMEERPET,YELLA REDDY GUDA,2025-11-01,2025,11,1,0,1,1.0,False,14748.0,53.0,14748.0,0
BANJARA_HILLS_YELLA_REDDY_GUDA,initial greater-Hyderabad study area,TGSPDCL,BANJARA HILLS,BANJARA HILLS,AMEERPET,YELLA REDDY GUDA,2025-12-01,2025,12,1,0,1,1.0,False,16796.0,53.0,16796.0,0
BANJARA_HILLS_YELLA_REDDY_GUDA,initial greater-Hyderabad study area,TGSPDCL,BANJARA HILLS,BANJARA HILLS,AMEERPET,YELLA REDDY GUDA,2026-01-01,2026,1,1,0,1,1.0,False,21856.0,53.0,21856.0,0
BANJARA_HILLS_YELLA_REDDY_GUDA,initial greater-Hyderabad study area,TGSPDCL,BANJARA HILLS,BANJARA HILLS,AMEERPET,YELLA REDDY GUDA,2026-02-01,2026,2,1,0,1,1.0,False,22431.0,53.0,22431.0,0
BANJARA_HILLS_YELLA_REDDY_GUDA,initial greater-Hyderabad study area,TGSPDCL,BANJARA HILLS,BANJARA HILLS,AMEERPET,YELLA REDDY GUDA,2026-03-01,2026,3,1,0,1,1.0,False,25564.0,53.0,25564.0,0
BANJARA_HILLS_YELLA_REDDY_GUDA,initial greater-Hyderabad study area,TGSPDCL,BANJARA HILLS,BANJARA HILLS,AMEERPET,YELLA REDDY GUDA,2026-04-01,2026,4,1,0,1,1.0,False,28233.0,53.0,28233.0,0
BANJARA_HILLS_YELLA_REDDY_GUDA,initial greater-Hyderabad study area,TGSPDCL,BANJARA HILLS,BANJARA HILLS,AMEERPET,YELLA REDDY GUDA,2026-05-01,2026,5,1,0,1,1.0,False,23266.0,53.0,23266.0,0
BANJARA_HILLS_YELLA_REDDY_GUDA,initial greater-Hyderabad study area,TGSPDCL,BANJARA HILLS,BANJARA HILLS,AMEERPET,YELLA REDDY GUDA,2026-06-01,2026,6,1,0,1,1.0,False,26016.0,53.0,26016.0,0
BANJARA_HILLS_YELLA_REDDY_GUDA,initial greater-Hyderabad study area,TGSPDCL,BANJARA HILLS,BANJARA HILLS,AMEERPET,YELLA REDDY GUDA,2026-07-01,2026,7,1,0,1,1.0,False,6715.0,53.0,6715.0,0
BANJARA_HILLS_YELLA_REDDY_GUDA,initial greater-Hyderabad study area,TGSPDCL,BANJARA HILLS,BANJARA HILLS,AMEERPET,YELLA REDDY GUDA,2026-08-01,2026,8,1,0,1,1.0,False,1.0,53.0,1.0,0
BANJARA_HILLS_YOUSUFGUDA,initial greater-Hyderabad study area,TGSPDCL,BANJARA HILLS,BANJARA HILLS,AMEERPET,YOUSUFGUDA,2023-01-01,2023,1,1,0,1,1.0,False,216.0,8.0,216.0,0
BANJARA_HILLS_YOUSUFGUDA,initial greater-Hyderabad study area,TGSPDCL,BANJARA HILLS,BANJARA HILLS,AMEERPET,YOUSUFGUDA,2023-02-01,2023,2,1,0,1,1.0,False,139.0,8.0,139.0,0
BANJARA_HILLS_YOUSUFGUDA,initial greater-Hyderabad study area,TGSPDCL,BANJARA HILLS,BANJARA HILLS,AMEERPET,YOUSUFGUDA,2023-03-01,2023,3,1,0,1,1.0,False,60.0,8.0,60.0,0
BANJARA_HILLS_YOUSUFGUDA,initial greater-Hyderabad study area,TGSPDCL,BANJARA HILLS,BANJARA HILLS,AMEERPET,YOUSUFGUDA,2023-04-01,2023,4,1,0,1,1.0,False,126.0,8.0,126.0,0
BANJARA_HILLS_YOUSUFGUDA,initial greater-Hyderabad study area,TGSPDCL,BANJARA HILLS,BANJARA HILLS,AMEERPET,YOUSUFGUDA,2023-05-01,2023,5,1,0,1,1.0,False,129.0,8.0,129.0,0
BANJARA_HILLS_YOUSUFGUDA,initial greater-Hyderabad study area,TGSPDCL,BANJARA HILLS,BANJARA HILLS,AMEERPET,YOUSUFGUDA,2023-06-01,2023,6,1,0,1,1.0,False,84.0,8.0,84.0,0
BANJARA_HILLS_YOUSUFGUDA,initial greater-Hyderabad study area,TGSPDCL,BANJARA HILLS,BANJARA HILLS,AMEERPET,YOUSUFGUDA,2023-07-01,2023,7,1,0,1,1.0,False,178.0,8.0,178.0,0
BANJARA_HILLS_YOUSUFGUDA,initial greater-Hyderabad study area,TGSPDCL,BANJARA HILLS,BANJARA HILLS,AMEERPET,YOUSUFGUDA,2023-08-01,2023,8,1,0,1,1.0,False,144.0,8.0,144.0,0
BANJARA_HILLS_YOUSUFGUDA,initial greater-Hyderabad study area,TGSPDCL,BANJARA HILLS,BANJARA HILLS,AMEERPET,YOUSUFGUDA,2023-09-01,2023,9,1,0,1,1.0,False,77.0,8.0,77.0,0
BANJARA_HILLS_YOUSUFGUDA,initial greater-Hyderabad study area,TGSPDCL,BANJARA HILLS,BANJARA HILLS,AMEERPET,YOUSUFGUDA,2023-10-01,2023,10,1,0,1,1.0,False,141.0,8.0,141.0,0
BANJARA_HILLS_YOUSUFGUDA,initial greater-Hyderabad study area,TGSPDCL,BANJARA HILLS,BANJARA HILLS,AMEERPET,YOUSUFGUDA,2023-11-01,2023,11,1,0,1,1.0,False,165.0,8.0,165.0,0
BANJARA_HILLS_YOUSUFGUDA,initial greater-Hyderabad study area,TGSPDCL,BANJARA HILLS,BANJARA HILLS,AMEERPET,YOUSUFGUDA,2023-12-01,2023,12,1,0,1,1.0,False,138.0,8.0,138.0,0
BANJARA_HILLS_YOUSUFGUDA,initial greater-Hyderabad study area,TGSPDCL,BANJARA HILLS,BANJARA HILLS,AMEERPET,YOUSUFGUDA,2024-01-01,2024,1,1,0,1,1.0,False,247.0,8.0,247.0,0
BANJARA_HILLS_YOUSUFGUDA,initial greater-Hyderabad study area,TGSPDCL,BANJARA HILLS,BANJARA HILLS,AMEERPET,YOUSUFGUDA,2024-02-01,2024,2,1,0,1,1.0,False,137.0,8.0,137.0,0
BANJARA_HILLS_YOUSUFGUDA,initial greater-Hyderabad study area,TGSPDCL,BANJARA HILLS,BANJARA HILLS,AMEERPET,YOUSUFGUDA,2024-03-01,2024,3,1,0,1,1.0,False,141.0,8.0,141.0,0
BANJARA_HILLS_YOUSUFGUDA,initial greater-Hyderabad study area,TGSPDCL,BANJARA HILLS,BANJARA HILLS,AMEERPET,YOUSUFGUDA,2024-04-01,2024,4,1,0,1,1.0,False,55.0,8.0,55.0,0
BANJARA_HILLS_YOUSUFGUDA,initial greater-Hyderabad study area,TGSPDCL,BANJARA HILLS,BANJARA HILLS,AMEERPET,YOUSUFGUDA,2024-05-01,2024,5,1,0,1,1.0,False,166.0,8.0,166.0,0
BANJARA_HILLS_YOUSUFGUDA,initial greater-Hyderabad study area,TGSPDCL,BANJARA HILLS,BANJARA HILLS,AMEERPET,YOUSUFGUDA,2024-06-01,2024,6,1,0,1,1.0,False,92.0,8.0,92.0,0
BANJARA_HILLS_YOUSUFGUDA,initial greater-Hyderabad study area,TGSPDCL,BANJARA HILLS,BANJARA HILLS,AMEERPET,YOUSUFGUDA,2024-07-01,2024,7,1,0,1,1.0,False,133.0,8.0,133.0,0
BANJARA_HILLS_YOUSUFGUDA,initial greater-Hyderabad study area,TGSPDCL,BANJARA HILLS,BANJARA HILLS,AMEERPET,YOUSUFGUDA,2024-08-01,2024,8,1,0,1,1.0,False,133.0,8.0,133.0,0
BANJARA_HILLS_YOUSUFGUDA,initial greater-Hyderabad study area,TGSPDCL,BANJARA HILLS,BANJARA HILLS,AMEERPET,YOUSUFGUDA,2024-09-01,2024,9,1,0,1,1.0,False,160.0,8.0,160.0,0
BANJARA_HILLS_YOUSUFGUDA,initial greater-Hyderabad study area,TGSPDCL,BANJARA HILLS,BANJARA HILLS,AMEERPET,YOUSUFGUDA,2024-10-01,2024,10,1,0,1,1.0,False,134.0,8.0,134.0,0
BANJARA_HILLS_YOUSUFGUDA,initial greater-Hyderabad study area,TGSPDCL,BANJARA HILLS,BANJARA HILLS,AMEERPET,YOUSUFGUDA,2024-11-01,2024,11,1,0,1,1.0,False,179.0,8.0,179.0,0
BANJARA_HILLS_YOUSUFGUDA,initial greater-Hyderabad study area,TGSPDCL,BANJARA HILLS,BANJARA HILLS,AMEERPET,YOUSUFGUDA,2024-12-01,2024,12,1,0,1,1.0,False,156.0,8.0,156.0,0
BANJARA_HILLS_YOUSUFGUDA,initial greater-Hyderabad study area,TGSPDCL,BANJARA HILLS,BANJARA HILLS,AMEERPET,YOUSUFGUDA,2025-01-01,2025,1,1,0,1,1.0,False,127.0,8.0,127.0,0
BANJARA_HILLS_YOUSUFGUDA,initial greater-Hyderabad study area,TGSPDCL,BANJARA HILLS,BANJARA HILLS,AMEERPET,YOUSUFGUDA,2025-02-01,2025,2,1,0,1,1.0,False,119.0,8.0,119.0,0
BANJARA_HILLS_YOUSUFGUDA,initial greater-Hyderabad study area,TGSPDCL,BANJARA HILLS,BANJARA HILLS,AMEERPET,YOUSUFGUDA,2025-03-01,2025,3,1,0,1,1.0,False,140.0,8.0,140.0,0
BANJARA_HILLS_YOUSUFGUDA,initial greater-Hyderabad study area,TGSPDCL,BANJARA HILLS,BANJARA HILLS,AMEERPET,YOUSUFGUDA,2025-04-01,2025,4,1,0,1,1.0,False,172.0,8.0,172.0,0
BANJARA_HILLS_YOUSUFGUDA,initial greater-Hyderabad study area,TGSPDCL,BANJARA HILLS,BANJARA HILLS,AMEERPET,YOUSUFGUDA,2025-05-01,2025,5,1,0,1,1.0,False,92.0,8.0,92.0,0
BANJARA_HILLS_YOUSUFGUDA,initial greater-Hyderabad study area,TGSPDCL,BANJARA HILLS,BANJARA HILLS,AMEERPET,YOUSUFGUDA,2025-06-01,2025,6,1,0,1,1.0,False,155.0,8.0,155.0,0
BANJARA_HILLS_YOUSUFGUDA,initial greater-Hyderabad study area,TGSPDCL,BANJARA HILLS,BANJARA HILLS,AMEERPET,YOUSUFGUDA,2025-07-01,2025,7,1,0,1,1.0,False,206.0,8.0,206.0,0
BANJARA_HILLS_YOUSUFGUDA,initial greater-Hyderabad study area,TGSPDCL,BANJARA HILLS,BANJARA HILLS,AMEERPET,YOUSUFGUDA,2025-08-01,2025,8,1,0,1,1.0,False,88.0,8.0,88.0,0
BANJARA_HILLS_YOUSUFGUDA,initial greater-Hyderabad study area,TGSPDCL,BANJARA HILLS,BANJARA HILLS,AMEERPET,YOUSUFGUDA,2025-09-01,2025,9,1,0,1,1.0,False,185.0,8.0,185.0,0
BANJARA_HILLS_YOUSUFGUDA,initial greater-Hyderabad study area,TGSPDCL,BANJARA HILLS,BANJARA HILLS,AMEERPET,YOUSUFGUDA,2025-10-01,2025,10,1,0,1,1.0,False,164.0,8.0,164.0,0
BANJARA_HILLS_YOUSUFGUDA,initial greater-Hyderabad study area,TGSPDCL,BANJARA HILLS,BANJARA HILLS,AMEERPET,YOUSUFGUDA,2025-11-01,2025,11,1,0,1,1.0,False,92.0,8.0,92.0,0
BANJARA_HILLS_YOUSUFGUDA,initial greater-Hyderabad study area,TGSPDCL,BANJARA HILLS,BANJARA HILLS,AMEERPET,YOUSUFGUDA,2025-12-01,2025,12,1,0,1,1.0,False,201.0,8.0,201.0,0
BANJARA_HILLS_YOUSUFGUDA,initial greater-Hyderabad study area,TGSPDCL,BANJARA HILLS,BANJARA HILLS,AMEERPET,YOUSUFGUDA,2026-01-01,2026,1,1,0,1,1.0,False,102.0,8.0,102.0,0
BANJARA_HILLS_YOUSUFGUDA,initial greater-Hyderabad study area,TGSPDCL,BANJARA HILLS,BANJARA HILLS,AMEERPET,YOUSUFGUDA,2026-02-01,2026,2,1,0,1,1.0,False,144.0,8.0,144.0,0
BANJARA_HILLS_YOUSUFGUDA,initial greater-Hyderabad study area,TGSPDCL,BANJARA HILLS,BANJARA HILLS,AMEERPET,YOUSUFGUDA,2026-03-01,2026,3,1,0,1,1.0,False,94.0,8.0,94.0,0
BANJARA_HILLS_YOUSUFGUDA,initial greater-Hyderabad study area,TGSPDCL,BANJARA HILLS,BANJARA HILLS,AMEERPET,YOUSUFGUDA,2026-04-01,2026,4,1,0,1,1.0,False,163.0,8.0,163.0,0
BANJARA_HILLS_YOUSUFGUDA,initial greater-Hyderabad study area,TGSPDCL,BANJARA HILLS,BANJARA HILLS,AMEERPET,YOUSUFGUDA,2026-05-01,2026,5,1,0,1,1.0,False,31.0,8.0,31.0,0
BANJARA_HILLS_YOUSUFGUDA,initial greater-Hyderabad study area,TGSPDCL,BANJARA HILLS,BANJARA HILLS,AMEERPET,YOUSUFGUDA,2026-06-01,2026,6,1,0,1,1.0,False,219.0,8.0,219.0,0
BANJARA_HILLS_YOUSUFGUDA,initial greater-Hyderabad study area,TGSPDCL,BANJARA HILLS,BANJARA HILLS,AMEERPET,YOUSUFGUDA,2026-07-01,2026,7,1,0,1,1.0,False,182.0,8.0,182.0,0
BANJARA_HILLS_YOUSUFGUDA,initial greater-Hyderabad study area,TGSPDCL,BANJARA HILLS,BANJARA HILLS,AMEERPET,YOUSUFGUDA,2026-08-01,2026,8,1,0,1,1.0,False,91.0,8.0,91.0,0
CYBERCITY_ALLAPUR,initial greater-Hyderabad study area,TGSPDCL,CYBERCITY,KONDAPUR,KONDAPUR,ALLAPUR,2023-01-01,2023,1,1,0,1,1.0,False,328.0,15.0,328.0,0
CYBERCITY_ALLAPUR,initial greater-Hyderabad study area,TGSPDCL,CYBERCITY,KONDAPUR,KONDAPUR,ALLAPUR,2023-02-01,2023,2,1,0,1,1.0,False,144.0,15.0,144.0,0
CYBERCITY_ALLAPUR,initial greater-Hyderabad study area,TGSPDCL,CYBERCITY,KONDAPUR,KONDAPUR,ALLAPUR,2023-03-01,2023,3,1,0,1,1.0,False,319.0,15.0,319.0,0
CYBERCITY_ALLAPUR,initial greater-Hyderabad study area,TGSPDCL,CYBERCITY,KONDAPUR,KONDAPUR,ALLAPUR,2023-04-01,2023,4,1,0,1,1.0,False,107.0,15.0,107.0,0
CYBERCITY_ALLAPUR,initial greater-Hyderabad study area,TGSPDCL,CYBERCITY,KONDAPUR,KONDAPUR,ALLAPUR,2023-05-01,2023,5,1,0,1,1.0,False,16.0,15.0,16.0,0
CYBERCITY_ALLAPUR,initial greater-Hyderabad study area,TGSPDCL,CYBERCITY,KONDAPUR,KONDAPUR,ALLAPUR,2023-06-01,2023,6,1,0,1,1.0,False,6.0,15.0,6.0,0
CYBERCITY_ALLAPUR,initial greater-Hyderabad study area,TGSPDCL,CYBERCITY,KONDAPUR,KONDAPUR,ALLAPUR,2023-07-01,2023,7,1,0,1,1.0,False,11.0,15.0,11.0,0
CYBERCITY_ALLAPUR,initial greater-Hyderabad study area,TGSPDCL,CYBERCITY,KONDAPUR,KONDAPUR,ALLAPUR,2023-08-01,2023,8,1,0,1,1.0,False,7.0,15.0,7.0,0
CYBERCITY_ALLAPUR,initial greater-Hyderabad study area,TGSPDCL,CYBERCITY,KONDAPUR,KONDAPUR,ALLAPUR,2023-09-01,2023,9,1,0,1,1.0,False,18.0,15.0,18.0,0
CYBERCITY_ALLAPUR,initial greater-Hyderabad study area,TGSPDCL,CYBERCITY,KONDAPUR,KONDAPUR,ALLAPUR,2023-10-01,2023,10,1,0,1,1.0,False,11.0,15.0,11.0,0
CYBERCITY_ALLAPUR,initial greater-Hyderabad study area,TGSPDCL,CYBERCITY,KONDAPUR,KONDAPUR,ALLAPUR,2023-11-01,2023,11,1,0,1,1.0,False,17.0,15.0,17.0,0
CYBERCITY_ALLAPUR,initial greater-Hyderabad study area,TGSPDCL,CYBERCITY,KONDAPUR,KONDAPUR,ALLAPUR,2023-12-01,2023,12,1,0,1,1.0,False,8.0,15.0,8.0,0
CYBERCITY_ALLAPUR,initial greater-Hyderabad study area,TGSPDCL,CYBERCITY,KONDAPUR,KONDAPUR,ALLAPUR,2024-01-01,2024,1,1,0,1,1.0,False,28.0,15.0,28.0,0
CYBERCITY_ALLAPUR,initial greater-Hyderabad study area,TGSPDCL,CYBERCITY,KONDAPUR,KONDAPUR,ALLAPUR,2024-02-01,2024,2,1,0,1,1.0,False,19.0,15.0,19.0,0
CYBERCITY_ALLAPUR,initial greater-Hyderabad study area,TGSPDCL,CYBERCITY,KONDAPUR,KONDAPUR,ALLAPUR,2024-03-01,2024,3,1,0,1,1.0,False,15.0,15.0,15.0,0
CYBERCITY_ALLAPUR,initial greater-Hyderabad study area,TGSPDCL,CYBERCITY,KONDAPUR,KONDAPUR,ALLAPUR,2024-04-01,2024,4,1,0,1,1.0,False,70.0,15.0,70.0,0
CYBERCITY_ALLAPUR,initial greater-Hyderabad study area,TGSPDCL,CYBERCITY,KONDAPUR,KONDAPUR,ALLAPUR,2024-05-01,2024,5,1,0,1,1.0,False,236.0,15.0,236.0,0
CYBERCITY_ALLAPUR,initial greater-Hyderabad study area,TGSPDCL,CYBERCITY,KONDAPUR,KONDAPUR,ALLAPUR,2024-06-01,2024,6,1,0,1,1.0,False,96.0,15.0,96.0,0
CYBERCITY_ALLAPUR,initial greater-Hyderabad study area,TGSPDCL,CYBERCITY,KONDAPUR,KONDAPUR,ALLAPUR,2024-07-01,2024,7,1,0,1,1.0,False,131.0,15.0,131.0,0
CYBERCITY_ALLAPUR,initial greater-Hyderabad study area,TGSPDCL,CYBERCITY,KONDAPUR,KONDAPUR,ALLAPUR,2024-08-01,2024,8,1,0,1,1.0,False,87.0,15.0,87.0,0
CYBERCITY_ALLAPUR,initial greater-Hyderabad study area,TGSPDCL,CYBERCITY,KONDAPUR,KONDAPUR,ALLAPUR,2024-09-01,2024,9,1,0,1,1.0,False,322.0,15.0,322.0,0
CYBERCITY_ALLAPUR,initial greater-Hyderabad study area,TGSPDCL,CYBERCITY,KONDAPUR,KONDAPUR,ALLAPUR,2024-10-01,2024,10,1,0,1,1.0,False,119.0,15.0,119.0,0
CYBERCITY_ALLAPUR,initial greater-Hyderabad study area,TGSPDCL,CYBERCITY,KONDAPUR,KONDAPUR,ALLAPUR,2024-11-01,2024,11,1,0,1,1.0,False,189.0,15.0,189.0,0
CYBERCITY_ALLAPUR,initial greater-Hyderabad study area,TGSPDCL,CYBERCITY,KONDAPUR,KONDAPUR,ALLAPUR,2024-12-01,2024,12,1,0,1,1.0,False,126.0,15.0,126.0,0
CYBERCITY_ALLAPUR,initial greater-Hyderabad study area,TGSPDCL,CYBERCITY,KONDAPUR,KONDAPUR,ALLAPUR,2025-01-01,2025,1,1,0,1,1.0,False,68.0,15.0,68.0,0
CYBERCITY_ALLAPUR,initial greater-Hyderabad study area,TGSPDCL,CYBERCITY,KONDAPUR,KONDAPUR,ALLAPUR,2025-02-01,2025,2,2,1,2,1.0,True,179.0,68.0,89.5,0
CYBERCITY_ALLAPUR,initial greater-Hyderabad study area,TGSPDCL,CYBERCITY,KONDAPUR,KONDAPUR,ALLAPUR,2025-03-01,2025,3,2,0,2,2.0,False,2896.0,68.0,1448.0,0
CYBERCITY_ALLAPUR,initial greater-Hyderabad study area,TGSPDCL,CYBERCITY,KONDAPUR,KONDAPUR,ALLAPUR,2025-04-01,2025,4,2,0,2,2.0,False,1963.0,68.0,981.5,0
CYBERCITY_ALLAPUR,initial greater-Hyderabad study area,TGSPDCL,CYBERCITY,KONDAPUR,KONDAPUR,ALLAPUR,2025-05-01,2025,5,2,0,2,2.0,False,2600.0,68.0,1300.0,0
CYBERCITY_ALLAPUR,initial greater-Hyderabad study area,TGSPDCL,CYBERCITY,KONDAPUR,KONDAPUR,ALLAPUR,2025-06-01,2025,6,2,0,2,2.0,False,2690.0,68.0,1345.0,0
CYBERCITY_ALLAPUR,initial greater-Hyderabad study area,TGSPDCL,CYBERCITY,KONDAPUR,KONDAPUR,ALLAPUR,2025-07-01,2025,7,2,0,2,2.0,False,3067.0,68.0,1533.5,0
CYBERCITY_ALLAPUR,initial greater-Hyderabad study area,TGSPDCL,CYBERCITY,KONDAPUR,KONDAPUR,ALLAPUR,2025-08-01,2025,8,2,0,2,2.0,False,2444.0,68.0,1222.0,0
CYBERCITY_ALLAPUR,initial greater-Hyderabad study area,TGSPDCL,CYBERCITY,KONDAPUR,KONDAPUR,ALLAPUR,2025-09-01,2025,9,2,0,2,2.0,False,2585.0,68.0,1292.5,0
CYBERCITY_ALLAPUR,initial greater-Hyderabad study area,TGSPDCL,CYBERCITY,KONDAPUR,KONDAPUR,ALLAPUR,2025-10-01,2025,10,2,0,2,2.0,False,2659.0,68.0,1329.5,0
CYBERCITY_ALLAPUR,initial greater-Hyderabad study area,TGSPDCL,CYBERCITY,KONDAPUR,KONDAPUR,ALLAPUR,2025-11-01,2025,11,2,0,2,2.0,False,2998.0,68.0,1499.0,0
CYBERCITY_ALLAPUR,initial greater-Hyderabad study area,TGSPDCL,CYBERCITY,KONDAPUR,KONDAPUR,ALLAPUR,2025-12-01,2025,12,2,0,2,2.0,False,6164.0,68.0,3082.0,0
CYBERCITY_ALLAPUR,initial greater-Hyderabad study area,TGSPDCL,CYBERCITY,KONDAPUR,KONDAPUR,ALLAPUR,2026-01-01,2026,1,2,0,2,2.0,False,10061.0,68.0,5030.5,0
CYBERCITY_ALLAPUR,initial greater-Hyderabad study area,TGSPDCL,CYBERCITY,KONDAPUR,KONDAPUR,ALLAPUR,2026-02-01,2026,2,2,0,2,2.0,False,8840.0,68.0,4420.0,0
CYBERCITY_ALLAPUR,initial greater-Hyderabad study area,TGSPDCL,CYBERCITY,KONDAPUR,KONDAPUR,ALLAPUR,2026-03-01,2026,3,2,0,2,2.0,False,15120.0,68.0,7560.0,0
CYBERCITY_ALLAPUR,initial greater-Hyderabad study area,TGSPDCL,CYBERCITY,KONDAPUR,KONDAPUR,ALLAPUR,2026-04-01,2026,4,2,0,2,2.0,False,24034.0,68.0,12017.0,0
CYBERCITY_ALLAPUR,initial greater-Hyderabad study area,TGSPDCL,CYBERCITY,KONDAPUR,KONDAPUR,ALLAPUR,2026-05-01,2026,5,2,0,2,2.0,False,30697.0,68.0,15348.5,0
CYBERCITY_ALLAPUR,initial greater-Hyderabad study area,TGSPDCL,CYBERCITY,KONDAPUR,KONDAPUR,ALLAPUR,2026-06-01,2026,6,2,0,2,2.0,False,31642.0,68.0,15821.0,0
CYBERCITY_ALLAPUR,initial greater-Hyderabad study area,TGSPDCL,CYBERCITY,KONDAPUR,KONDAPUR,ALLAPUR,2026-07-01,2026,7,2,0,2,2.0,False,39099.0,68.0,19549.5,0
CYBERCITY_ALLAPUR,initial greater-Hyderabad study area,TGSPDCL,CYBERCITY,KONDAPUR,KONDAPUR,ALLAPUR,2026-08-01,2026,8,2,0,2,2.0,False,34901.0,68.0,17450.5,0
CYBERCITY_BALAJI_NAGAR,initial greater-Hyderabad study area,TGSPDCL,CYBERCITY,KONDAPUR,KPHB,BALAJI NAGAR,2023-01-01,2023,1,1,0,1,1.0,False,397.0,5.0,397.0,0
CYBERCITY_BALAJI_NAGAR,initial greater-Hyderabad study area,TGSPDCL,CYBERCITY,KONDAPUR,KPHB,BALAJI NAGAR,2023-02-01,2023,2,1,0,1,1.0,False,319.0,5.0,319.0,0
CYBERCITY_BALAJI_NAGAR,initial greater-Hyderabad study area,TGSPDCL,CYBERCITY,KONDAPUR,KPHB,BALAJI NAGAR,2023-03-01,2023,3,1,0,1,1.0,False,370.0,5.0,370.0,0
CYBERCITY_BALAJI_NAGAR,initial greater-Hyderabad study area,TGSPDCL,CYBERCITY,KONDAPUR,KPHB,BALAJI NAGAR,2023-04-01,2023,4,2,1,2,1.0,True,400.0,10.0,200.0,0
CYBERCITY_BALAJI_NAGAR,initial greater-Hyderabad study area,TGSPDCL,CYBERCITY,KONDAPUR,KPHB,BALAJI NAGAR,2023-05-01,2023,5,2,0,2,2.0,False,845.0,10.0,422.5,0
CYBERCITY_BALAJI_NAGAR,initial greater-Hyderabad study area,TGSPDCL,CYBERCITY,KONDAPUR,KPHB,BALAJI NAGAR,2023-06-01,2023,6,2,0,2,2.0,False,2269.0,10.0,1134.5,0
CYBERCITY_BALAJI_NAGAR,initial greater-Hyderabad study area,TGSPDCL,CYBERCITY,KONDAPUR,KPHB,BALAJI NAGAR,2023-07-01,2023,7,2,0,2,2.0,False,2985.0,10.0,1492.5,0
CYBERCITY_BALAJI_NAGAR,initial greater-Hyderabad study area,TGSPDCL,CYBERCITY,KONDAPUR,KPHB,BALAJI NAGAR,2023-08-01,2023,8,2,0,2,2.0,False,3985.0,10.0,1992.5,0
CYBERCITY_BALAJI_NAGAR,initial greater-Hyderabad study area,TGSPDCL,CYBERCITY,KONDAPUR,KPHB,BALAJI NAGAR,2023-09-01,2023,9,2,0,2,2.0,False,6095.0,10.0,3047.5,0
CYBERCITY_BALAJI_NAGAR,initial greater-Hyderabad study area,TGSPDCL,CYBERCITY,KONDAPUR,KPHB,BALAJI NAGAR,2023-10-01,2023,10,3,1,3,2.0,True,4503.0,66.0,1501.0,0
CYBERCITY_BALAJI_NAGAR,initial greater-Hyderabad study area,TGSPDCL,CYBERCITY,KONDAPUR,KPHB,BALAJI NAGAR,2023-11-01,2023,11,3,0,3,3.0,False,14212.0,66.0,4737.33,0
CYBERCITY_BALAJI_NAGAR,initial greater-Hyderabad study area,TGSPDCL,CYBERCITY,KONDAPUR,KPHB,BALAJI NAGAR,2023-12-01,2023,12,3,1,3,3.0,False,12490.0,66.0,4163.33,0
CYBERCITY_BALAJI_NAGAR,initial greater-Hyderabad study area,TGSPDCL,CYBERCITY,KONDAPUR,KPHB,BALAJI NAGAR,2024-01-01,2024,1,3,1,3,3.0,False,9666.0,66.0,3222.0,0
CYBERCITY_BALAJI_NAGAR,initial greater-Hyderabad study area,TGSPDCL,CYBERCITY,KONDAPUR,KPHB,BALAJI NAGAR,2024-02-01,2024,2,3,1,3,3.0,False,9407.0,66.0,3135.67,0
CYBERCITY_BALAJI_NAGAR,initial greater-Hyderabad study area,TGSPDCL,CYBERCITY,KONDAPUR,KPHB,BALAJI NAGAR,2024-03-01,2024,3,3,1,3,3.0,False,8829.0,66.0,2943.0,0
CYBERCITY_BALAJI_NAGAR,initial greater-Hyderabad study area,TGSPDCL,CYBERCITY,KONDAPUR,KPHB,BALAJI NAGAR,2024-04-01,2024,4,3,0,3,3.0,False,9811.0,66.0,3270.33,0
CYBERCITY_BALAJI_NAGAR,initial greater-Hyderabad study area,TGSPDCL,CYBERCITY,KONDAPUR,KPHB,BALAJI NAGAR,2024-05-01,2024,5,3,0,3,3.0,False,9895.0,66.0,3298.33,0
CYBERCITY_BALAJI_NAGAR,initial greater-Hyderabad study area,TGSPDCL,CYBERCITY,KONDAPUR,KPHB,BALAJI NAGAR,2024-06-01,2024,6,3,1,3,3.0,False,14640.0,66.0,4880.0,0
CYBERCITY_BALAJI_NAGAR,initial greater-Hyderabad study area,TGSPDCL,CYBERCITY,KONDAPUR,KPHB,BALAJI NAGAR,2024-07-01,2024,7,3,1,3,3.0,False,11841.0,66.0,3947.0,0
CYBERCITY_BALAJI_NAGAR,initial greater-Hyderabad study area,TGSPDCL,CYBERCITY,KONDAPUR,KPHB,BALAJI NAGAR,2024-08-01,2024,8,3,0,3,3.0,False,10307.0,66.0,3435.67,0
CYBERCITY_BALAJI_NAGAR,initial greater-Hyderabad study area,TGSPDCL,CYBERCITY,KONDAPUR,KPHB,BALAJI NAGAR,2024-09-01,2024,9,3,1,3,3.0,False,11154.0,66.0,3718.0,0
CYBERCITY_BALAJI_NAGAR,initial greater-Hyderabad study area,TGSPDCL,CYBERCITY,KONDAPUR,KPHB,BALAJI NAGAR,2024-10-01,2024,10,3,0,3,3.0,False,10102.0,66.0,3367.33,0
CYBERCITY_BALAJI_NAGAR,initial greater-Hyderabad study area,TGSPDCL,CYBERCITY,KONDAPUR,KPHB,BALAJI NAGAR,2024-11-01,2024,11,3,1,3,3.0,False,11730.0,66.0,3910.0,0
CYBERCITY_BALAJI_NAGAR,initial greater-Hyderabad study area,TGSPDCL,CYBERCITY,KONDAPUR,KPHB,BALAJI NAGAR,2024-12-01,2024,12,3,1,3,3.0,False,13478.0,66.0,4492.67,0
CYBERCITY_BALAJI_NAGAR,initial greater-Hyderabad study area,TGSPDCL,CYBERCITY,KONDAPUR,KPHB,BALAJI NAGAR,2025-01-01,2025,1,2,0,2,2.0,False,11087.0,61.0,5543.5,1
CYBERCITY_BALAJI_NAGAR,initial greater-Hyderabad study area,TGSPDCL,CYBERCITY,KONDAPUR,KPHB,BALAJI NAGAR,2025-02-01,2025,2,3,1,3,3.0,False,13372.0,66.0,4457.33,0
CYBERCITY_BALAJI_NAGAR,initial greater-Hyderabad study area,TGSPDCL,CYBERCITY,KONDAPUR,KPHB,BALAJI NAGAR,2025-03-01,2025,3,3,1,3,3.0,False,10950.0,66.0,3650.0,0
CYBERCITY_BALAJI_NAGAR,initial greater-Hyderabad study area,TGSPDCL,CYBERCITY,KONDAPUR,KPHB,BALAJI NAGAR,2025-04-01,2025,4,3,1,3,3.0,False,10644.0,66.0,3548.0,0
CYBERCITY_BALAJI_NAGAR,initial greater-Hyderabad study area,TGSPDCL,CYBERCITY,KONDAPUR,KPHB,BALAJI NAGAR,2025-05-01,2025,5,3,1,3,3.0,False,14996.0,66.0,4998.67,0
CYBERCITY_BALAJI_NAGAR,initial greater-Hyderabad study area,TGSPDCL,CYBERCITY,KONDAPUR,KPHB,BALAJI NAGAR,2025-06-01,2025,6,4,0,6,6.0,False,10918.0,228.0,1819.67,0
CYBERCITY_BALAJI_NAGAR,initial greater-Hyderabad study area,TGSPDCL,CYBERCITY,KONDAPUR,KPHB,BALAJI NAGAR,2025-07-01,2025,7,4,1,7,6.0,False,16026.0,282.0,2289.43,0
CYBERCITY_BALAJI_NAGAR,initial greater-Hyderabad study area,TGSPDCL,CYBERCITY,KONDAPUR,KPHB,BALAJI NAGAR,2025-08-01,2025,8,4,1,7,7.0,False,24811.0,282.0,3544.43,0
CYBERCITY_BALAJI_NAGAR,initial greater-Hyderabad study area,TGSPDCL,CYBERCITY,KONDAPUR,KPHB,BALAJI NAGAR,2025-09-01,2025,9,4,0,7,7.0,False,34625.0,282.0,4946.43,0
CYBERCITY_BALAJI_NAGAR,initial greater-Hyderabad study area,TGSPDCL,CYBERCITY,KONDAPUR,KPHB,BALAJI NAGAR,2025-10-01,2025,10,4,0,7,7.0,False,33501.0,282.0,4785.86,0
CYBERCITY_BALAJI_NAGAR,initial greater-Hyderabad study area,TGSPDCL,CYBERCITY,KONDAPUR,KPHB,BALAJI NAGAR,2025-11-01,2025,11,4,0,7,7.0,False,31098.0,282.0,4442.57,0
CYBERCITY_BALAJI_NAGAR,initial greater-Hyderabad study area,TGSPDCL,CYBERCITY,KONDAPUR,KPHB,BALAJI NAGAR,2025-12-01,2025,12,4,0,7,7.0,False,30953.0,282.0,4421.86,0
CYBERCITY_BALAJI_NAGAR,initial greater-Hyderabad study area,TGSPDCL,CYBERCITY,KONDAPUR,KPHB,BALAJI NAGAR,2026-01-01,2026,1,4,0,7,7.0,False,26342.0,282.0,3763.14,0
CYBERCITY_BALAJI_NAGAR,initial greater-Hyderabad study area,TGSPDCL,CYBERCITY,KONDAPUR,KPHB,BALAJI NAGAR,2026-02-01,2026,2,4,1,7,7.0,False,18432.0,290.0,2633.14,0
CYBERCITY_BALAJI_NAGAR,initial greater-Hyderabad study area,TGSPDCL,CYBERCITY,KONDAPUR,KPHB,BALAJI NAGAR,2026-03-01,2026,3,4,1,7,7.0,False,18509.0,290.0,2644.14,0
CYBERCITY_BALAJI_NAGAR,initial greater-Hyderabad study area,TGSPDCL,CYBERCITY,KONDAPUR,KPHB,BALAJI NAGAR,2026-04-01,2026,4,4,1,7,7.0,False,25091.0,290.0,3584.43,0
CYBERCITY_BALAJI_NAGAR,initial greater-Hyderabad study area,TGSPDCL,CYBERCITY,KONDAPUR,KPHB,BALAJI NAGAR,2026-05-01,2026,5,4,0,7,7.0,False,29766.0,290.0,4252.29,0
CYBERCITY_BALAJI_NAGAR,initial greater-Hyderabad study area,TGSPDCL,CYBERCITY,KONDAPUR,KPHB,BALAJI NAGAR,2026-06-01,2026,6,4,0,7,7.0,False,18835.0,290.0,2690.71,0
CYBERCITY_BALAJI_NAGAR,initial greater-Hyderabad study area,TGSPDCL,CYBERCITY,KONDAPUR,KPHB,BALAJI NAGAR,2026-07-01,2026,7,4,0,7,7.0,False,25473.0,290.0,3639.0,0
CYBERCITY_BALAJI_NAGAR,initial greater-Hyderabad study area,TGSPDCL,CYBERCITY,KONDAPUR,KPHB,BALAJI NAGAR,2026-08-01,2026,8,4,0,7,7.0,False,27780.0,290.0,3968.57,0
CYBERCITY_CHANDA_NAGAR,initial greater-Hyderabad study area,TGSPDCL,CYBERCITY,GACHIBOWLI,CHANDA NAGAR,CHANDA NAGAR,2023-01-01,2023,1,2,0,2,2.0,False,317.0,67.0,158.5,0
CYBERCITY_CHANDA_NAGAR,initial greater-Hyderabad study area,TGSPDCL,CYBERCITY,GACHIBOWLI,CHANDA NAGAR,CHANDA NAGAR,2023-02-01,2023,2,2,0,2,2.0,False,672.0,67.0,336.0,0
CYBERCITY_CHANDA_NAGAR,initial greater-Hyderabad study area,TGSPDCL,CYBERCITY,GACHIBOWLI,CHANDA NAGAR,CHANDA NAGAR,2023-03-01,2023,3,2,0,2,2.0,False,1426.0,67.0,713.0,0
CYBERCITY_CHANDA_NAGAR,initial greater-Hyderabad study area,TGSPDCL,CYBERCITY,GACHIBOWLI,CHANDA NAGAR,CHANDA NAGAR,2023-04-01,2023,4,2,0,2,2.0,False,520.0,67.0,260.0,0
CYBERCITY_CHANDA_NAGAR,initial greater-Hyderabad study area,TGSPDCL,CYBERCITY,GACHIBOWLI,CHANDA NAGAR,CHANDA NAGAR,2023-05-01,2023,5,2,0,2,2.0,False,750.0,67.0,375.0,0
CYBERCITY_CHANDA_NAGAR,initial greater-Hyderabad study area,TGSPDCL,CYBERCITY,GACHIBOWLI,CHANDA NAGAR,CHANDA NAGAR,2023-06-01,2023,6,2,0,2,2.0,False,2238.0,67.0,1119.0,0
CYBERCITY_CHANDA_NAGAR,initial greater-Hyderabad study area,TGSPDCL,CYBERCITY,GACHIBOWLI,CHANDA NAGAR,CHANDA NAGAR,2023-07-01,2023,7,2,0,2,2.0,False,1938.0,67.0,969.0,0
CYBERCITY_CHANDA_NAGAR,initial greater-Hyderabad study area,TGSPDCL,CYBERCITY,GACHIBOWLI,CHANDA NAGAR,CHANDA NAGAR,2023-09-01,2023,9,1,0,1,1.0,False,1185.0,22.0,1185.0,0
CYBERCITY_CHANDA_NAGAR,initial greater-Hyderabad study area,TGSPDCL,CYBERCITY,GACHIBOWLI,CHANDA NAGAR,CHANDA NAGAR,2023-10-01,2023,10,1,0,1,1.0,False,881.0,22.0,881.0,0
CYBERCITY_CHANDA_NAGAR,initial greater-Hyderabad study area,TGSPDCL,CYBERCITY,GACHIBOWLI,CHANDA NAGAR,CHANDA NAGAR,2023-11-01,2023,11,1,0,1,1.0,False,537.0,22.0,537.0,0
CYBERCITY_CHANDA_NAGAR,initial greater-Hyderabad study area,TGSPDCL,CYBERCITY,GACHIBOWLI,CHANDA NAGAR,CHANDA NAGAR,2023-12-01,2023,12,2,1,2,1.0,True,509.0,34.0,254.5,0
CYBERCITY_CHANDA_NAGAR,initial greater-Hyderabad study area,TGSPDCL,CYBERCITY,GACHIBOWLI,CHANDA NAGAR,CHANDA NAGAR,2024-01-01,2024,1,2,0,2,2.0,False,1880.0,34.0,940.0,0
CYBERCITY_CHANDA_NAGAR,initial greater-Hyderabad study area,TGSPDCL,CYBERCITY,GACHIBOWLI,CHANDA NAGAR,CHANDA NAGAR,2024-02-01,2024,2,2,0,2,2.0,False,1341.0,34.0,670.5,0
CYBERCITY_CHANDA_NAGAR,initial greater-Hyderabad study area,TGSPDCL,CYBERCITY,GACHIBOWLI,CHANDA NAGAR,CHANDA NAGAR,2024-03-01,2024,3,2,0,2,2.0,False,2766.0,34.0,1383.0,0
CYBERCITY_CHANDA_NAGAR,initial greater-Hyderabad study area,TGSPDCL,CYBERCITY,GACHIBOWLI,CHANDA NAGAR,CHANDA NAGAR,2024-04-01,2024,4,2,0,2,2.0,False,3055.0,34.0,1527.5,0
CYBERCITY_CHANDA_NAGAR,initial greater-Hyderabad study area,TGSPDCL,CYBERCITY,GACHIBOWLI,CHANDA NAGAR,CHANDA NAGAR,2024-05-01,2024,5,2,0,2,2.0,False,4297.0,34.0,2148.5,0
CYBERCITY_CHANDA_NAGAR,initial greater-Hyderabad study area,TGSPDCL,CYBERCITY,GACHIBOWLI,CHANDA NAGAR,CHANDA NAGAR,2024-06-01,2024,6,2,0,2,2.0,False,3824.0,34.0,1912.0,0
CYBERCITY_CHANDA_NAGAR,initial greater-Hyderabad study area,TGSPDCL,CYBERCITY,GACHIBOWLI,CHANDA NAGAR,CHANDA NAGAR,2024-07-01,2024,7,2,0,2,2.0,False,4435.0,34.0,2217.5,0
CYBERCITY_CHANDA_NAGAR,initial greater-Hyderabad study area,TGSPDCL,CYBERCITY,GACHIBOWLI,CHANDA NAGAR,CHANDA NAGAR,2024-08-01,2024,8,2,0,2,2.0,False,3922.0,34.0,1961.0,0
CYBERCITY_CHANDA_NAGAR,initial greater-Hyderabad study area,TGSPDCL,CYBERCITY,GACHIBOWLI,CHANDA NAGAR,CHANDA NAGAR,2024-09-01,2024,9,2,0,2,2.0,False,5042.0,34.0,2521.0,0
CYBERCITY_CHANDA_NAGAR,initial greater-Hyderabad study area,TGSPDCL,CYBERCITY,GACHIBOWLI,CHANDA NAGAR,CHANDA NAGAR,2024-10-01,2024,10,2,0,2,2.0,False,4840.0,34.0,2420.0,0
CYBERCITY_CHANDA_NAGAR,initial greater-Hyderabad study area,TGSPDCL,CYBERCITY,GACHIBOWLI,CHANDA NAGAR,CHANDA NAGAR,2024-11-01,2024,11,2,0,2,2.0,False,6250.0,34.0,3125.0,0
CYBERCITY_CHANDA_NAGAR,initial greater-Hyderabad study area,TGSPDCL,CYBERCITY,GACHIBOWLI,CHANDA NAGAR,CHANDA NAGAR,2024-12-01,2024,12,2,0,2,2.0,False,6355.0,34.0,3177.5,0
CYBERCITY_CHANDA_NAGAR,initial greater-Hyderabad study area,TGSPDCL,CYBERCITY,GACHIBOWLI,CHANDA NAGAR,CHANDA NAGAR,2025-01-01,2025,1,2,0,2,2.0,False,7486.0,34.0,3743.0,0
CYBERCITY_CHANDA_NAGAR,initial greater-Hyderabad study area,TGSPDCL,CYBERCITY,GACHIBOWLI,CHANDA NAGAR,CHANDA NAGAR,2025-02-01,2025,2,2,0,2,2.0,False,7568.0,34.0,3784.0,0
CYBERCITY_CHANDA_NAGAR,initial greater-Hyderabad study area,TGSPDCL,CYBERCITY,GACHIBOWLI,CHANDA NAGAR,CHANDA NAGAR,2025-03-01,2025,3,2,0,2,2.0,False,6595.0,34.0,3297.5,0
CYBERCITY_CHANDA_NAGAR,initial greater-Hyderabad study area,TGSPDCL,CYBERCITY,GACHIBOWLI,CHANDA NAGAR,CHANDA NAGAR,2025-04-01,2025,4,2,0,2,2.0,False,7547.0,34.0,3773.5,0
CYBERCITY_CHANDA_NAGAR,initial greater-Hyderabad study area,TGSPDCL,CYBERCITY,GACHIBOWLI,CHANDA NAGAR,CHANDA NAGAR,2025-05-01,2025,5,2,0,2,2.0,False,6978.0,34.0,3489.0,0
CYBERCITY_CHANDA_NAGAR,initial greater-Hyderabad study area,TGSPDCL,CYBERCITY,GACHIBOWLI,CHANDA NAGAR,CHANDA NAGAR,2025-06-01,2025,6,3,1,3,2.0,True,6002.0,45.0,2000.67,0
CYBERCITY_CHANDA_NAGAR,initial greater-Hyderabad study area,TGSPDCL,CYBERCITY,GACHIBOWLI,CHANDA NAGAR,CHANDA NAGAR,2025-07-01,2025,7,3,0,3,3.0,False,2637.0,45.0,879.0,0
CYBERCITY_CHANDA_NAGAR,initial greater-Hyderabad study area,TGSPDCL,CYBERCITY,GACHIBOWLI,CHANDA NAGAR,CHANDA NAGAR,2025-08-01,2025,8,3,0,3,3.0,False,3392.0,45.0,1130.67,0
CYBERCITY_CHANDA_NAGAR,initial greater-Hyderabad study area,TGSPDCL,CYBERCITY,GACHIBOWLI,CHANDA NAGAR,CHANDA NAGAR,2025-09-01,2025,9,3,0,3,3.0,False,4798.0,45.0,1599.33,0
CYBERCITY_CHANDA_NAGAR,initial greater-Hyderabad study area,TGSPDCL,CYBERCITY,GACHIBOWLI,CHANDA NAGAR,CHANDA NAGAR,2025-10-01,2025,10,3,1,3,3.0,False,5991.0,45.0,1997.0,0
CYBERCITY_CHANDA_NAGAR,initial greater-Hyderabad study area,TGSPDCL,CYBERCITY,GACHIBOWLI,CHANDA NAGAR,CHANDA NAGAR,2025-11-01,2025,11,3,0,3,3.0,False,6409.0,45.0,2136.33,0
CYBERCITY_CHANDA_NAGAR,initial greater-Hyderabad study area,TGSPDCL,CYBERCITY,GACHIBOWLI,CHANDA NAGAR,CHANDA NAGAR,2025-12-01,2025,12,3,0,3,3.0,False,6973.0,45.0,2324.33,0
CYBERCITY_CHANDA_NAGAR,initial greater-Hyderabad study area,TGSPDCL,CYBERCITY,GACHIBOWLI,CHANDA NAGAR,CHANDA NAGAR,2026-01-01,2026,1,3,0,3,3.0,False,11391.0,55.0,3797.0,0
CYBERCITY_CHANDA_NAGAR,initial greater-Hyderabad study area,TGSPDCL,CYBERCITY,GACHIBOWLI,CHANDA NAGAR,CHANDA NAGAR,2026-02-01,2026,2,3,0,3,3.0,False,11569.0,55.0,3856.33,0
CYBERCITY_CHANDA_NAGAR,initial greater-Hyderabad study area,TGSPDCL,CYBERCITY,GACHIBOWLI,CHANDA NAGAR,CHANDA NAGAR,2026-03-01,2026,3,3,0,3,3.0,False,9382.0,55.0,3127.33,0
CYBERCITY_CHANDA_NAGAR,initial greater-Hyderabad study area,TGSPDCL,CYBERCITY,GACHIBOWLI,CHANDA NAGAR,CHANDA NAGAR,2026-04-01,2026,4,3,0,3,3.0,False,11916.0,55.0,3972.0,0
CYBERCITY_CHANDA_NAGAR,initial greater-Hyderabad study area,TGSPDCL,CYBERCITY,GACHIBOWLI,CHANDA NAGAR,CHANDA NAGAR,2026-05-01,2026,5,4,1,4,3.0,True,10666.0,108.0,2666.5,0
CYBERCITY_CHANDA_NAGAR,initial greater-Hyderabad study area,TGSPDCL,CYBERCITY,GACHIBOWLI,CHANDA NAGAR,CHANDA NAGAR,2026-06-01,2026,6,6,1,6,5.0,True,19505.0,216.0,3250.83,0
CYBERCITY_CHANDA_NAGAR,initial greater-Hyderabad study area,TGSPDCL,CYBERCITY,GACHIBOWLI,CHANDA NAGAR,CHANDA NAGAR,2026-07-01,2026,7,6,0,6,6.0,False,41095.0,216.0,6849.17,0
CYBERCITY_CHANDA_NAGAR,initial greater-Hyderabad study area,TGSPDCL,CYBERCITY,GACHIBOWLI,CHANDA NAGAR,CHANDA NAGAR,2026-08-01,2026,8,6,0,6,6.0,False,56577.0,216.0,9429.5,0
CYBERCITY_CHEVELLA,initial greater-Hyderabad study area,TGSPDCL,CYBERCITY,IBRAHIMBAGH,CHEVELLA,CHEVELLA,2025-08-01,2025,8,1,1,1,,True,0.0,60.0,0.0,0
CYBERCITY_CHEVELLA,initial greater-Hyderabad study area,TGSPDCL,CYBERCITY,IBRAHIMBAGH,CHEVELLA,CHEVELLA,2025-09-01,2025,9,1,0,1,1.0,False,6639.0,60.0,6639.0,0
CYBERCITY_CHEVELLA,initial greater-Hyderabad study area,TGSPDCL,CYBERCITY,IBRAHIMBAGH,CHEVELLA,CHEVELLA,2025-10-01,2025,10,1,0,1,1.0,False,6439.0,60.0,6439.0,0
CYBERCITY_CHEVELLA,initial greater-Hyderabad study area,TGSPDCL,CYBERCITY,IBRAHIMBAGH,CHEVELLA,CHEVELLA,2025-11-01,2025,11,1,0,1,1.0,False,6750.0,60.0,6750.0,0
CYBERCITY_CHEVELLA,initial greater-Hyderabad study area,TGSPDCL,CYBERCITY,IBRAHIMBAGH,CHEVELLA,CHEVELLA,2025-12-01,2025,12,1,0,1,1.0,False,7489.0,60.0,7489.0,0
CYBERCITY_CHEVELLA,initial greater-Hyderabad study area,TGSPDCL,CYBERCITY,IBRAHIMBAGH,CHEVELLA,CHEVELLA,2026-01-01,2026,1,1,0,1,1.0,False,7237.0,60.0,7237.0,0
CYBERCITY_CHEVELLA,initial greater-Hyderabad study area,TGSPDCL,CYBERCITY,IBRAHIMBAGH,CHEVELLA,CHEVELLA,2026-02-01,2026,2,1,0,1,1.0,False,7141.0,60.0,7141.0,0
CYBERCITY_CHEVELLA,initial greater-Hyderabad study area,TGSPDCL,CYBERCITY,IBRAHIMBAGH,CHEVELLA,CHEVELLA,2026-03-01,2026,3,1,0,1,1.0,False,7565.0,60.0,7565.0,0
CYBERCITY_CHEVELLA,initial greater-Hyderabad study area,TGSPDCL,CYBERCITY,IBRAHIMBAGH,CHEVELLA,CHEVELLA,2026-04-01,2026,4,1,0,1,1.0,False,6732.0,60.0,6732.0,0
CYBERCITY_CHEVELLA,initial greater-Hyderabad study area,TGSPDCL,CYBERCITY,IBRAHIMBAGH,CHEVELLA,CHEVELLA,2026-05-01,2026,5,1,0,1,1.0,False,10133.0,60.0,10133.0,0
CYBERCITY_CHEVELLA,initial greater-Hyderabad study area,TGSPDCL,CYBERCITY,IBRAHIMBAGH,CHEVELLA,CHEVELLA,2026-06-01,2026,6,1,0,1,1.0,False,10780.0,60.0,10780.0,0
CYBERCITY_CHEVELLA,initial greater-Hyderabad study area,TGSPDCL,CYBERCITY,IBRAHIMBAGH,CHEVELLA,CHEVELLA,2026-07-01,2026,7,1,0,2,2.0,False,31993.0,120.0,15996.5,0
CYBERCITY_CHEVELLA,initial greater-Hyderabad study area,TGSPDCL,CYBERCITY,IBRAHIMBAGH,CHEVELLA,CHEVELLA,2026-08-01,2026,8,2,0,3,3.0,False,14863.0,240.0,4954.33,0
CYBERCITY_CHILKUR,initial greater-Hyderabad study area,TGSPDCL,CYBERCITY,IBRAHIMBAGH,MOKILA,CHILKUR,2026-01-01,2026,1,1,1,1,,True,0.0,54.0,0.0,0
CYBERCITY_CHILKUR,initial greater-Hyderabad study area,TGSPDCL,CYBERCITY,IBRAHIMBAGH,MOKILA,CHILKUR,2026-02-01,2026,2,1,0,1,1.0,False,75.0,54.0,75.0,0
CYBERCITY_CHILKUR,initial greater-Hyderabad study area,TGSPDCL,CYBERCITY,IBRAHIMBAGH,MOKILA,CHILKUR,2026-03-01,2026,3,1,0,1,1.0,False,421.0,54.0,421.0,0
CYBERCITY_CHILKUR,initial greater-Hyderabad study area,TGSPDCL,CYBERCITY,IBRAHIMBAGH,MOKILA,CHILKUR,2026-04-01,2026,4,1,0,1,1.0,False,786.0,54.0,786.0,0
CYBERCITY_CHILKUR,initial greater-Hyderabad study area,TGSPDCL,CYBERCITY,IBRAHIMBAGH,MOKILA,CHILKUR,2026-05-01,2026,5,1,0,1,1.0,False,688.0,54.0,688.0,0
CYBERCITY_CHILKUR,initial greater-Hyderabad study area,TGSPDCL,CYBERCITY,IBRAHIMBAGH,MOKILA,CHILKUR,2026-06-01,2026,6,1,0,1,1.0,False,940.0,54.0,940.0,0
CYBERCITY_CHILKUR,initial greater-Hyderabad study area,TGSPDCL,CYBERCITY,IBRAHIMBAGH,MOKILA,CHILKUR,2026-07-01,2026,7,1,0,1,1.0,False,623.0,54.0,623.0,0
CYBERCITY_CHILKUR,initial greater-Hyderabad study area,TGSPDCL,CYBERCITY,IBRAHIMBAGH,MOKILA,CHILKUR,2026-08-01,2026,8,1,0,1,1.0,False,1989.0,54.0,1989.0,0
CYBERCITY_GACHIBOWLI,initial greater-Hyderabad study area,TGSPDCL,CYBERCITY,GACHIBOWLI,GACHIBOWLI,GACHIBOWLI,2023-01-01,2023,1,1,0,1,1.0,False,1573.0,45.0,1573.0,0
CYBERCITY_GACHIBOWLI,initial greater-Hyderabad study area,TGSPDCL,CYBERCITY,GACHIBOWLI,GACHIBOWLI,GACHIBOWLI,2023-02-01,2023,2,1,0,1,1.0,False,1930.0,45.0,1930.0,0
CYBERCITY_GACHIBOWLI,initial greater-Hyderabad study area,TGSPDCL,CYBERCITY,GACHIBOWLI,GACHIBOWLI,GACHIBOWLI,2023-03-01,2023,3,1,0,1,1.0,False,888.0,45.0,888.0,0
CYBERCITY_GACHIBOWLI,initial greater-Hyderabad study area,TGSPDCL,CYBERCITY,GACHIBOWLI,GACHIBOWLI,GACHIBOWLI,2023-04-01,2023,4,1,0,1,1.0,False,436.0,45.0,436.0,0
CYBERCITY_GACHIBOWLI,initial greater-Hyderabad study area,TGSPDCL,CYBERCITY,GACHIBOWLI,GACHIBOWLI,GACHIBOWLI,2023-05-01,2023,5,1,0,1,1.0,False,1621.0,45.0,1621.0,0
CYBERCITY_GACHIBOWLI,initial greater-Hyderabad study area,TGSPDCL,CYBERCITY,GACHIBOWLI,GACHIBOWLI,GACHIBOWLI,2023-06-01,2023,6,1,0,1,1.0,False,1860.0,45.0,1860.0,0
CYBERCITY_GACHIBOWLI,initial greater-Hyderabad study area,TGSPDCL,CYBERCITY,GACHIBOWLI,GACHIBOWLI,GACHIBOWLI,2023-07-01,2023,7,1,0,1,1.0,False,1042.0,45.0,1042.0,0
CYBERCITY_GACHIBOWLI,initial greater-Hyderabad study area,TGSPDCL,CYBERCITY,GACHIBOWLI,GACHIBOWLI,GACHIBOWLI,2023-08-01,2023,8,2,1,2,1.0,True,1890.0,99.0,945.0,0
CYBERCITY_GACHIBOWLI,initial greater-Hyderabad study area,TGSPDCL,CYBERCITY,GACHIBOWLI,GACHIBOWLI,GACHIBOWLI,2023-09-01,2023,9,2,1,2,2.0,False,2540.0,99.0,1270.0,0
CYBERCITY_GACHIBOWLI,initial greater-Hyderabad study area,TGSPDCL,CYBERCITY,GACHIBOWLI,GACHIBOWLI,GACHIBOWLI,2023-10-01,2023,10,2,0,2,2.0,False,1891.0,99.0,945.5,0
CYBERCITY_GACHIBOWLI,initial greater-Hyderabad study area,TGSPDCL,CYBERCITY,GACHIBOWLI,GACHIBOWLI,GACHIBOWLI,2023-11-01,2023,11,2,0,3,2.0,False,2659.0,153.0,886.33,0
CYBERCITY_GACHIBOWLI,initial greater-Hyderabad study area,TGSPDCL,CYBERCITY,GACHIBOWLI,GACHIBOWLI,GACHIBOWLI,2023-12-01,2023,12,2,0,3,3.0,False,5447.0,153.0,1815.67,0
CYBERCITY_GACHIBOWLI,initial greater-Hyderabad study area,TGSPDCL,CYBERCITY,GACHIBOWLI,GACHIBOWLI,GACHIBOWLI,2024-01-01,2024,1,2,0,4,3.0,False,7755.0,207.0,1938.75,0
CYBERCITY_GACHIBOWLI,initial greater-Hyderabad study area,TGSPDCL,CYBERCITY,GACHIBOWLI,GACHIBOWLI,GACHIBOWLI,2024-02-01,2024,2,2,0,5,5.0,False,15418.0,219.0,3083.6,0
CYBERCITY_GACHIBOWLI,initial greater-Hyderabad study area,TGSPDCL,CYBERCITY,GACHIBOWLI,GACHIBOWLI,GACHIBOWLI,2024-03-01,2024,3,2,0,5,5.0,False,15409.0,219.0,3081.8,0
CYBERCITY_GACHIBOWLI,initial greater-Hyderabad study area,TGSPDCL,CYBERCITY,GACHIBOWLI,GACHIBOWLI,GACHIBOWLI,2024-04-01,2024,4,2,0,5,5.0,False,32961.0,219.0,6592.2,0
CYBERCITY_GACHIBOWLI,initial greater-Hyderabad study area,TGSPDCL,CYBERCITY,GACHIBOWLI,GACHIBOWLI,GACHIBOWLI,2024-05-01,2024,5,2,0,5,5.0,False,40019.0,219.0,8003.8,0
CYBERCITY_GACHIBOWLI,initial greater-Hyderabad study area,TGSPDCL,CYBERCITY,GACHIBOWLI,GACHIBOWLI,GACHIBOWLI,2024-06-01,2024,6,2,0,5,5.0,False,39550.0,219.0,7910.0,0
CYBERCITY_GACHIBOWLI,initial greater-Hyderabad study area,TGSPDCL,CYBERCITY,GACHIBOWLI,GACHIBOWLI,GACHIBOWLI,2024-07-01,2024,7,4,2,7,5.0,True,39804.0,328.0,5686.29,0
CYBERCITY_GACHIBOWLI,initial greater-Hyderabad study area,TGSPDCL,CYBERCITY,GACHIBOWLI,GACHIBOWLI,GACHIBOWLI,2024-08-01,2024,8,4,0,7,7.0,False,47042.0,328.0,6720.29,0
CYBERCITY_GACHIBOWLI,initial greater-Hyderabad study area,TGSPDCL,CYBERCITY,GACHIBOWLI,GACHIBOWLI,GACHIBOWLI,2024-09-01,2024,9,4,0,7,7.0,False,33459.0,328.0,4779.86,0
CYBERCITY_GACHIBOWLI,initial greater-Hyderabad study area,TGSPDCL,CYBERCITY,GACHIBOWLI,GACHIBOWLI,GACHIBOWLI,2024-10-01,2024,10,4,0,7,7.0,False,39057.0,328.0,5579.57,0
CYBERCITY_GACHIBOWLI,initial greater-Hyderabad study area,TGSPDCL,CYBERCITY,GACHIBOWLI,GACHIBOWLI,GACHIBOWLI,2024-11-01,2024,11,4,1,8,7.0,True,26426.0,333.0,3303.25,0
CYBERCITY_GACHIBOWLI,initial greater-Hyderabad study area,TGSPDCL,CYBERCITY,GACHIBOWLI,GACHIBOWLI,GACHIBOWLI,2024-12-01,2024,12,4,0,8,8.0,False,33874.0,333.0,4234.25,0
CYBERCITY_GACHIBOWLI,initial greater-Hyderabad study area,TGSPDCL,CYBERCITY,GACHIBOWLI,GACHIBOWLI,GACHIBOWLI,2025-01-01,2025,1,4,0,8,8.0,False,41600.0,333.0,5200.0,0
CYBERCITY_GACHIBOWLI,initial greater-Hyderabad study area,TGSPDCL,CYBERCITY,GACHIBOWLI,GACHIBOWLI,GACHIBOWLI,2025-02-01,2025,2,4,0,8,8.0,False,45511.0,333.0,5688.88,0
CYBERCITY_GACHIBOWLI,initial greater-Hyderabad study area,TGSPDCL,CYBERCITY,GACHIBOWLI,GACHIBOWLI,GACHIBOWLI,2025-03-01,2025,3,4,0,8,8.0,False,39581.0,333.0,4947.62,0
CYBERCITY_GACHIBOWLI,initial greater-Hyderabad study area,TGSPDCL,CYBERCITY,GACHIBOWLI,GACHIBOWLI,GACHIBOWLI,2025-04-01,2025,4,6,2,12,8.0,True,57429.0,525.0,4785.75,0
CYBERCITY_GACHIBOWLI,initial greater-Hyderabad study area,TGSPDCL,CYBERCITY,GACHIBOWLI,GACHIBOWLI,GACHIBOWLI,2025-05-01,2025,5,8,3,14,12.0,True,54119.0,633.0,3865.64,0
CYBERCITY_GACHIBOWLI,initial greater-Hyderabad study area,TGSPDCL,CYBERCITY,GACHIBOWLI,GACHIBOWLI,GACHIBOWLI,2025-06-01,2025,6,8,1,14,14.0,False,63688.0,633.0,4549.14,0
CYBERCITY_GACHIBOWLI,initial greater-Hyderabad study area,TGSPDCL,CYBERCITY,GACHIBOWLI,GACHIBOWLI,GACHIBOWLI,2025-07-01,2025,7,8,2,14,14.0,False,64388.0,633.0,4599.14,0
CYBERCITY_GACHIBOWLI,initial greater-Hyderabad study area,TGSPDCL,CYBERCITY,GACHIBOWLI,GACHIBOWLI,GACHIBOWLI,2025-08-01,2025,8,8,2,14,14.0,False,74752.0,633.0,5339.43,0
CYBERCITY_GACHIBOWLI,initial greater-Hyderabad study area,TGSPDCL,CYBERCITY,GACHIBOWLI,GACHIBOWLI,GACHIBOWLI,2025-09-01,2025,9,8,2,14,14.0,False,79516.0,633.0,5679.71,0
CYBERCITY_GACHIBOWLI,initial greater-Hyderabad study area,TGSPDCL,CYBERCITY,GACHIBOWLI,GACHIBOWLI,GACHIBOWLI,2025-10-01,2025,10,8,1,14,14.0,False,83692.0,669.0,5978.0,0
CYBERCITY_GACHIBOWLI,initial greater-Hyderabad study area,TGSPDCL,CYBERCITY,GACHIBOWLI,GACHIBOWLI,GACHIBOWLI,2025-11-01,2025,11,8,0,14,14.0,False,85699.0,669.0,6121.36,0
CYBERCITY_GACHIBOWLI,initial greater-Hyderabad study area,TGSPDCL,CYBERCITY,GACHIBOWLI,GACHIBOWLI,GACHIBOWLI,2025-12-01,2025,12,8,0,14,14.0,False,103722.0,669.0,7408.71,0
CYBERCITY_GACHIBOWLI,initial greater-Hyderabad study area,TGSPDCL,CYBERCITY,GACHIBOWLI,GACHIBOWLI,GACHIBOWLI,2026-01-01,2026,1,8,1,15,15.0,False,109482.0,722.0,7298.8,0
CYBERCITY_GACHIBOWLI,initial greater-Hyderabad study area,TGSPDCL,CYBERCITY,GACHIBOWLI,GACHIBOWLI,GACHIBOWLI,2026-02-01,2026,2,8,1,15,15.0,False,97858.0,722.0,6523.87,0
CYBERCITY_GACHIBOWLI,initial greater-Hyderabad study area,TGSPDCL,CYBERCITY,GACHIBOWLI,GACHIBOWLI,GACHIBOWLI,2026-03-01,2026,3,8,1,15,15.0,False,109122.0,722.0,7274.8,0
CYBERCITY_GACHIBOWLI,initial greater-Hyderabad study area,TGSPDCL,CYBERCITY,GACHIBOWLI,GACHIBOWLI,GACHIBOWLI,2026-04-01,2026,4,8,1,15,15.0,False,89098.0,722.0,5939.87,0
CYBERCITY_GACHIBOWLI,initial greater-Hyderabad study area,TGSPDCL,CYBERCITY,GACHIBOWLI,GACHIBOWLI,GACHIBOWLI,2026-05-01,2026,5,8,2,15,15.0,False,76365.0,722.0,5091.0,0
CYBERCITY_GACHIBOWLI,initial greater-Hyderabad study area,TGSPDCL,CYBERCITY,GACHIBOWLI,GACHIBOWLI,GACHIBOWLI,2026-06-01,2026,6,10,3,18,15.0,True,115901.0,884.0,6438.94,0
CYBERCITY_GACHIBOWLI,initial greater-Hyderabad study area,TGSPDCL,CYBERCITY,GACHIBOWLI,GACHIBOWLI,GACHIBOWLI,2026-07-01,2026,7,11,4,19,18.0,True,123445.0,1004.0,6497.11,0
CYBERCITY_GACHIBOWLI,initial greater-Hyderabad study area,TGSPDCL,CYBERCITY,GACHIBOWLI,GACHIBOWLI,GACHIBOWLI,2026-08-01,2026,8,11,4,19,19.0,False,121592.0,1014.1600000000001,6399.58,0
CYBERCITY_HAFEEZPET,initial greater-Hyderabad study area,TGSPDCL,CYBERCITY,GACHIBOWLI,CHANDA NAGAR,HAFEEZPET,2023-08-01,2023,8,2,0,2,2.0,False,1597.0,67.0,798.5,0
CYBERCITY_HAFEEZPET,initial greater-Hyderabad study area,TGSPDCL,CYBERCITY,GACHIBOWLI,CHANDA NAGAR,HAFEEZPET,2023-09-01,2023,9,1,0,2,1.0,False,1536.0,95.0,768.0,0
CYBERCITY_HAFEEZPET,initial greater-Hyderabad study area,TGSPDCL,CYBERCITY,GACHIBOWLI,CHANDA NAGAR,HAFEEZPET,2023-10-01,2023,10,1,0,2,2.0,False,935.0,95.0,467.5,0
CYBERCITY_HAFEEZPET,initial greater-Hyderabad study area,TGSPDCL,CYBERCITY,GACHIBOWLI,CHANDA NAGAR,HAFEEZPET,2023-11-01,2023,11,1,0,2,2.0,False,2748.0,95.0,1374.0,0
CYBERCITY_HAFEEZPET,initial greater-Hyderabad study area,TGSPDCL,CYBERCITY,GACHIBOWLI,CHANDA NAGAR,HAFEEZPET,2023-12-01,2023,12,1,0,2,2.0,False,2687.0,95.0,1343.5,0
CYBERCITY_HAFEEZPET,initial greater-Hyderabad study area,TGSPDCL,CYBERCITY,GACHIBOWLI,CHANDA NAGAR,HAFEEZPET,2024-01-01,2024,1,1,0,2,2.0,False,3550.0,95.0,1775.0,0
CYBERCITY_HAFEEZPET,initial greater-Hyderabad study area,TGSPDCL,CYBERCITY,GACHIBOWLI,CHANDA NAGAR,HAFEEZPET,2024-02-01,2024,2,1,0,2,2.0,False,3263.0,95.0,1631.5,0
CYBERCITY_HAFEEZPET,initial greater-Hyderabad study area,TGSPDCL,CYBERCITY,GACHIBOWLI,CHANDA NAGAR,HAFEEZPET,2024-03-01,2024,3,1,0,2,2.0,False,3942.0,95.0,1971.0,0
CYBERCITY_HAFEEZPET,initial greater-Hyderabad study area,TGSPDCL,CYBERCITY,GACHIBOWLI,CHANDA NAGAR,HAFEEZPET,2024-04-01,2024,4,1,0,2,2.0,False,5225.0,95.0,2612.5,0
CYBERCITY_HAFEEZPET,initial greater-Hyderabad study area,TGSPDCL,CYBERCITY,GACHIBOWLI,CHANDA NAGAR,HAFEEZPET,2024-05-01,2024,5,1,0,2,2.0,False,4730.0,95.0,2365.0,0
CYBERCITY_HAFEEZPET,initial greater-Hyderabad study area,TGSPDCL,CYBERCITY,GACHIBOWLI,CHANDA NAGAR,HAFEEZPET,2024-06-01,2024,6,1,0,2,2.0,False,3979.0,95.0,1989.5,0
CYBERCITY_HAFEEZPET,initial greater-Hyderabad study area,TGSPDCL,CYBERCITY,GACHIBOWLI,CHANDA NAGAR,HAFEEZPET,2024-07-01,2024,7,1,0,2,2.0,False,3301.0,95.0,1650.5,0
CYBERCITY_HAFEEZPET,initial greater-Hyderabad study area,TGSPDCL,CYBERCITY,GACHIBOWLI,CHANDA NAGAR,HAFEEZPET,2024-08-01,2024,8,1,0,2,2.0,False,4468.0,95.0,2234.0,0
CYBERCITY_HAFEEZPET,initial greater-Hyderabad study area,TGSPDCL,CYBERCITY,GACHIBOWLI,CHANDA NAGAR,HAFEEZPET,2024-09-01,2024,9,1,0,2,2.0,False,5671.0,95.0,2835.5,0
CYBERCITY_HAFEEZPET,initial greater-Hyderabad study area,TGSPDCL,CYBERCITY,GACHIBOWLI,CHANDA NAGAR,HAFEEZPET,2024-10-01,2024,10,1,0,2,2.0,False,5481.0,95.0,2740.5,0
CYBERCITY_HAFEEZPET,initial greater-Hyderabad study area,TGSPDCL,CYBERCITY,GACHIBOWLI,CHANDA NAGAR,HAFEEZPET,2024-11-01,2024,11,1,0,2,2.0,False,6420.0,95.0,3210.0,0
CYBERCITY_HAFEEZPET,initial greater-Hyderabad study area,TGSPDCL,CYBERCITY,GACHIBOWLI,CHANDA NAGAR,HAFEEZPET,2024-12-01,2024,12,1,0,2,2.0,False,4883.0,95.0,2441.5,0
CYBERCITY_HAFEEZPET,initial greater-Hyderabad study area,TGSPDCL,CYBERCITY,GACHIBOWLI,CHANDA NAGAR,HAFEEZPET,2025-01-01,2025,1,1,0,1,1.0,False,2064.0,45.0,2064.0,0
CYBERCITY_HAFEEZPET,initial greater-Hyderabad study area,TGSPDCL,CYBERCITY,GACHIBOWLI,CHANDA NAGAR,HAFEEZPET,2025-02-01,2025,2,1,0,1,1.0,False,1944.0,45.0,1944.0,0
CYBERCITY_HAFEEZPET,initial greater-Hyderabad study area,TGSPDCL,CYBERCITY,GACHIBOWLI,CHANDA NAGAR,HAFEEZPET,2025-03-01,2025,3,1,0,1,1.0,False,1127.0,45.0,1127.0,0
CYBERCITY_HAFEEZPET,initial greater-Hyderabad study area,TGSPDCL,CYBERCITY,GACHIBOWLI,CHANDA NAGAR,HAFEEZPET,2025-04-01,2025,4,1,0,1,1.0,False,1615.0,45.0,1615.0,0
CYBERCITY_HAFEEZPET,initial greater-Hyderabad study area,TGSPDCL,CYBERCITY,GACHIBOWLI,CHANDA NAGAR,HAFEEZPET,2025-05-01,2025,5,1,0,2,1.0,False,2631.0,98.0,1315.5,0
CYBERCITY_HAFEEZPET,initial greater-Hyderabad study area,TGSPDCL,CYBERCITY,GACHIBOWLI,CHANDA NAGAR,HAFEEZPET,2025-06-01,2025,6,1,0,2,2.0,False,8135.0,98.0,4067.5,0
CYBERCITY_HAFEEZPET,initial greater-Hyderabad study area,TGSPDCL,CYBERCITY,GACHIBOWLI,CHANDA NAGAR,HAFEEZPET,2025-07-01,2025,7,1,0,2,2.0,False,11279.0,98.0,5639.5,0
CYBERCITY_HAFEEZPET,initial greater-Hyderabad study area,TGSPDCL,CYBERCITY,GACHIBOWLI,CHANDA NAGAR,HAFEEZPET,2025-08-01,2025,8,1,0,2,2.0,False,13658.0,98.0,6829.0,0
CYBERCITY_HAFEEZPET,initial greater-Hyderabad study area,TGSPDCL,CYBERCITY,GACHIBOWLI,CHANDA NAGAR,HAFEEZPET,2025-09-01,2025,9,1,0,2,2.0,False,15758.0,98.0,7879.0,0
CYBERCITY_HAFEEZPET,initial greater-Hyderabad study area,TGSPDCL,CYBERCITY,GACHIBOWLI,CHANDA NAGAR,HAFEEZPET,2025-10-01,2025,10,1,0,2,2.0,False,18499.0,98.0,9249.5,0
CYBERCITY_HAFEEZPET,initial greater-Hyderabad study area,TGSPDCL,CYBERCITY,GACHIBOWLI,CHANDA NAGAR,HAFEEZPET,2025-11-01,2025,11,1,0,2,2.0,False,16004.0,98.0,8002.0,0
CYBERCITY_HAFEEZPET,initial greater-Hyderabad study area,TGSPDCL,CYBERCITY,GACHIBOWLI,CHANDA NAGAR,HAFEEZPET,2025-12-01,2025,12,1,0,2,2.0,False,13872.0,98.0,6936.0,0
CYBERCITY_HAFEEZPET,initial greater-Hyderabad study area,TGSPDCL,CYBERCITY,GACHIBOWLI,CHANDA NAGAR,HAFEEZPET,2026-01-01,2026,1,1,0,2,2.0,False,14644.0,98.0,7322.0,0
CYBERCITY_HAFEEZPET,initial greater-Hyderabad study area,TGSPDCL,CYBERCITY,GACHIBOWLI,CHANDA NAGAR,HAFEEZPET,2026-02-01,2026,2,1,0,2,2.0,False,18249.0,98.0,9124.5,0
CYBERCITY_HAFEEZPET,initial greater-Hyderabad study area,TGSPDCL,CYBERCITY,GACHIBOWLI,CHANDA NAGAR,HAFEEZPET,2026-03-01,2026,3,1,0,2,2.0,False,20125.0,98.0,10062.5,0
CYBERCITY_HAFEEZPET,initial greater-Hyderabad study area,TGSPDCL,CYBERCITY,GACHIBOWLI,CHANDA NAGAR,HAFEEZPET,2026-04-01,2026,4,1,0,2,2.0,False,23058.0,98.0,11529.0,0
CYBERCITY_HAFEEZPET,initial greater-Hyderabad study area,TGSPDCL,CYBERCITY,GACHIBOWLI,CHANDA NAGAR,HAFEEZPET,2026-05-01,2026,5,1,0,2,2.0,False,24996.0,98.0,12498.0,0
CYBERCITY_HAFEEZPET,initial greater-Hyderabad study area,TGSPDCL,CYBERCITY,GACHIBOWLI,CHANDA NAGAR,HAFEEZPET,2026-06-01,2026,6,1,0,2,2.0,False,22139.0,98.0,11069.5,0
CYBERCITY_HAFEEZPET,initial greater-Hyderabad study area,TGSPDCL,CYBERCITY,GACHIBOWLI,CHANDA NAGAR,HAFEEZPET,2026-07-01,2026,7,1,0,2,2.0,False,20413.0,98.0,10206.5,0
CYBERCITY_HAFEEZPET,initial greater-Hyderabad study area,TGSPDCL,CYBERCITY,GACHIBOWLI,CHANDA NAGAR,HAFEEZPET,2026-08-01,2026,8,1,0,3,2.0,False,24270.0,114.0,8090.0,0
CYBERCITY_IBRAHIMBAGH,initial greater-Hyderabad study area,TGSPDCL,CYBERCITY,IBRAHIMBAGH,IBRAHIMBAG,IBRAHIMBAGH,2023-04-01,2023,4,1,1,1,,True,0.0,5.0,0.0,0
CYBERCITY_IBRAHIMBAGH,initial greater-Hyderabad study area,TGSPDCL,CYBERCITY,IBRAHIMBAGH,IBRAHIMBAG,IBRAHIMBAGH,2023-05-01,2023,5,1,0,1,1.0,False,21.0,5.0,21.0,0
CYBERCITY_IBRAHIMBAGH,initial greater-Hyderabad study area,TGSPDCL,CYBERCITY,IBRAHIMBAGH,IBRAHIMBAG,IBRAHIMBAGH,2023-06-01,2023,6,1,0,1,1.0,False,375.0,5.0,375.0,0
CYBERCITY_IBRAHIMBAGH,initial greater-Hyderabad study area,TGSPDCL,CYBERCITY,IBRAHIMBAGH,IBRAHIMBAG,IBRAHIMBAGH,2023-08-01,2023,8,1,0,1,1.0,False,511.0,5.0,511.0,0
CYBERCITY_IBRAHIMBAGH,initial greater-Hyderabad study area,TGSPDCL,CYBERCITY,IBRAHIMBAGH,IBRAHIMBAG,IBRAHIMBAGH,2023-09-01,2023,9,1,0,1,1.0,False,946.0,5.0,946.0,0
CYBERCITY_IBRAHIMBAGH,initial greater-Hyderabad study area,TGSPDCL,CYBERCITY,IBRAHIMBAGH,IBRAHIMBAG,IBRAHIMBAGH,2023-10-01,2023,10,1,0,1,1.0,False,2508.0,5.0,2508.0,0
CYBERCITY_IBRAHIMBAGH,initial greater-Hyderabad study area,TGSPDCL,CYBERCITY,IBRAHIMBAGH,IBRAHIMBAG,IBRAHIMBAGH,2023-11-01,2023,11,1,0,1,1.0,False,3974.0,5.0,3974.0,0
CYBERCITY_IBRAHIMBAGH,initial greater-Hyderabad study area,TGSPDCL,CYBERCITY,IBRAHIMBAGH,IBRAHIMBAG,IBRAHIMBAGH,2023-12-01,2023,12,1,0,1,1.0,False,5099.0,5.0,5099.0,0
CYBERCITY_IBRAHIMBAGH,initial greater-Hyderabad study area,TGSPDCL,CYBERCITY,IBRAHIMBAGH,IBRAHIMBAG,IBRAHIMBAGH,2024-01-01,2024,1,1,0,1,1.0,False,5954.0,5.0,5954.0,0
CYBERCITY_IBRAHIMBAGH,initial greater-Hyderabad study area,TGSPDCL,CYBERCITY,IBRAHIMBAGH,IBRAHIMBAG,IBRAHIMBAGH,2024-02-01,2024,2,1,0,1,1.0,False,7805.0,5.0,7805.0,0
CYBERCITY_IBRAHIMBAGH,initial greater-Hyderabad study area,TGSPDCL,CYBERCITY,IBRAHIMBAGH,IBRAHIMBAG,IBRAHIMBAGH,2024-03-01,2024,3,1,0,1,1.0,False,4729.0,5.0,4729.0,0
CYBERCITY_IBRAHIMBAGH,initial greater-Hyderabad study area,TGSPDCL,CYBERCITY,IBRAHIMBAGH,IBRAHIMBAG,IBRAHIMBAGH,2024-04-01,2024,4,1,0,1,1.0,False,7403.0,5.0,7403.0,0
CYBERCITY_IBRAHIMBAGH,initial greater-Hyderabad study area,TGSPDCL,CYBERCITY,IBRAHIMBAGH,IBRAHIMBAG,IBRAHIMBAGH,2024-05-01,2024,5,1,0,1,1.0,False,7336.0,5.0,7336.0,0
CYBERCITY_IBRAHIMBAGH,initial greater-Hyderabad study area,TGSPDCL,CYBERCITY,IBRAHIMBAGH,IBRAHIMBAG,IBRAHIMBAGH,2024-06-01,2024,6,1,0,1,1.0,False,7657.0,5.0,7657.0,0
CYBERCITY_IBRAHIMBAGH,initial greater-Hyderabad study area,TGSPDCL,CYBERCITY,IBRAHIMBAGH,IBRAHIMBAG,IBRAHIMBAGH,2024-07-01,2024,7,1,0,1,1.0,False,7172.0,5.0,7172.0,0
CYBERCITY_IBRAHIMBAGH,initial greater-Hyderabad study area,TGSPDCL,CYBERCITY,IBRAHIMBAGH,IBRAHIMBAG,IBRAHIMBAGH,2024-08-01,2024,8,1,0,1,1.0,False,7743.0,5.0,7743.0,0
CYBERCITY_IBRAHIMBAGH,initial greater-Hyderabad study area,TGSPDCL,CYBERCITY,IBRAHIMBAGH,IBRAHIMBAG,IBRAHIMBAGH,2024-09-01,2024,9,1,0,1,1.0,False,4220.0,55.0,4220.0,0
CYBERCITY_IBRAHIMBAGH,initial greater-Hyderabad study area,TGSPDCL,CYBERCITY,IBRAHIMBAGH,IBRAHIMBAG,IBRAHIMBAGH,2024-10-01,2024,10,1,0,1,1.0,False,12626.0,55.0,12626.0,0
CYBERCITY_IBRAHIMBAGH,initial greater-Hyderabad study area,TGSPDCL,CYBERCITY,IBRAHIMBAGH,IBRAHIMBAG,IBRAHIMBAGH,2024-11-01,2024,11,1,0,1,1.0,False,6960.0,55.0,6960.0,0
CYBERCITY_IBRAHIMBAGH,initial greater-Hyderabad study area,TGSPDCL,CYBERCITY,IBRAHIMBAGH,IBRAHIMBAG,IBRAHIMBAGH,2024-12-01,2024,12,2,1,2,2.0,False,8371.0,62.0,4185.5,0
CYBERCITY_IBRAHIMBAGH,initial greater-Hyderabad study area,TGSPDCL,CYBERCITY,IBRAHIMBAGH,IBRAHIMBAG,IBRAHIMBAGH,2025-01-01,2025,1,2,0,2,2.0,False,9737.0,62.0,4868.5,0
CYBERCITY_IBRAHIMBAGH,initial greater-Hyderabad study area,TGSPDCL,CYBERCITY,IBRAHIMBAGH,IBRAHIMBAG,IBRAHIMBAGH,2025-02-01,2025,2,2,0,2,2.0,False,9413.0,62.0,4706.5,0
CYBERCITY_IBRAHIMBAGH,initial greater-Hyderabad study area,TGSPDCL,CYBERCITY,IBRAHIMBAGH,IBRAHIMBAG,IBRAHIMBAGH,2025-03-01,2025,3,2,0,2,2.0,False,13896.0,62.0,6948.0,0
CYBERCITY_IBRAHIMBAGH,initial greater-Hyderabad study area,TGSPDCL,CYBERCITY,IBRAHIMBAGH,IBRAHIMBAG,IBRAHIMBAGH,2025-04-01,2025,4,2,0,2,2.0,False,13841.0,62.0,6920.5,0
CYBERCITY_IBRAHIMBAGH,initial greater-Hyderabad study area,TGSPDCL,CYBERCITY,IBRAHIMBAGH,IBRAHIMBAG,IBRAHIMBAGH,2025-05-01,2025,5,2,0,2,2.0,False,14853.0,62.0,7426.5,0
CYBERCITY_IBRAHIMBAGH,initial greater-Hyderabad study area,TGSPDCL,CYBERCITY,IBRAHIMBAGH,IBRAHIMBAG,IBRAHIMBAGH,2025-06-01,2025,6,2,0,2,2.0,False,13339.0,62.0,6669.5,0
CYBERCITY_IBRAHIMBAGH,initial greater-Hyderabad study area,TGSPDCL,CYBERCITY,IBRAHIMBAGH,IBRAHIMBAG,IBRAHIMBAGH,2025-07-01,2025,7,2,0,2,2.0,False,16217.0,62.0,8108.5,0
CYBERCITY_IBRAHIMBAGH,initial greater-Hyderabad study area,TGSPDCL,CYBERCITY,IBRAHIMBAGH,IBRAHIMBAG,IBRAHIMBAGH,2025-08-01,2025,8,2,0,2,2.0,False,15824.0,62.0,7912.0,0
CYBERCITY_IBRAHIMBAGH,initial greater-Hyderabad study area,TGSPDCL,CYBERCITY,IBRAHIMBAGH,IBRAHIMBAG,IBRAHIMBAGH,2025-09-01,2025,9,3,1,3,2.0,True,16512.0,116.0,5504.0,0
CYBERCITY_IBRAHIMBAGH,initial greater-Hyderabad study area,TGSPDCL,CYBERCITY,IBRAHIMBAGH,IBRAHIMBAG,IBRAHIMBAGH,2025-10-01,2025,10,3,0,3,3.0,False,19776.0,116.0,6592.0,0
CYBERCITY_IBRAHIMBAGH,initial greater-Hyderabad study area,TGSPDCL,CYBERCITY,IBRAHIMBAGH,IBRAHIMBAG,IBRAHIMBAGH,2025-11-01,2025,11,3,1,3,3.0,False,14067.0,116.0,4689.0,0
CYBERCITY_IBRAHIMBAGH,initial greater-Hyderabad study area,TGSPDCL,CYBERCITY,IBRAHIMBAGH,IBRAHIMBAG,IBRAHIMBAGH,2025-12-01,2025,12,3,1,3,3.0,False,21224.0,116.0,7074.67,0
CYBERCITY_IBRAHIMBAGH,initial greater-Hyderabad study area,TGSPDCL,CYBERCITY,IBRAHIMBAGH,IBRAHIMBAG,IBRAHIMBAGH,2026-01-01,2026,1,3,1,3,3.0,False,29837.0,116.0,9945.67,0
CYBERCITY_IBRAHIMBAGH,initial greater-Hyderabad study area,TGSPDCL,CYBERCITY,IBRAHIMBAGH,IBRAHIMBAG,IBRAHIMBAGH,2026-02-01,2026,2,4,2,4,3.0,True,24937.0,169.0,6234.25,0
CYBERCITY_IBRAHIMBAGH,initial greater-Hyderabad study area,TGSPDCL,CYBERCITY,IBRAHIMBAGH,IBRAHIMBAG,IBRAHIMBAGH,2026-03-01,2026,3,4,1,4,4.0,False,34187.0,169.0,8546.75,0
CYBERCITY_IBRAHIMBAGH,initial greater-Hyderabad study area,TGSPDCL,CYBERCITY,IBRAHIMBAGH,IBRAHIMBAG,IBRAHIMBAGH,2026-04-01,2026,4,4,1,4,4.0,False,45914.0,169.0,11478.5,0
CYBERCITY_IBRAHIMBAGH,initial greater-Hyderabad study area,TGSPDCL,CYBERCITY,IBRAHIMBAGH,IBRAHIMBAG,IBRAHIMBAGH,2026-05-01,2026,5,4,1,4,4.0,False,52380.0,169.0,13095.0,0
CYBERCITY_IBRAHIMBAGH,initial greater-Hyderabad study area,TGSPDCL,CYBERCITY,IBRAHIMBAGH,IBRAHIMBAG,IBRAHIMBAGH,2026-06-01,2026,6,4,1,4,4.0,False,53459.0,169.0,13364.75,0
CYBERCITY_IBRAHIMBAGH,initial greater-Hyderabad study area,TGSPDCL,CYBERCITY,IBRAHIMBAGH,IBRAHIMBAG,IBRAHIMBAGH,2026-07-01,2026,7,4,1,4,4.0,False,67122.0,169.0,16780.5,0
CYBERCITY_IBRAHIMBAGH,initial greater-Hyderabad study area,TGSPDCL,CYBERCITY,IBRAHIMBAGH,IBRAHIMBAG,IBRAHIMBAGH,2026-08-01,2026,8,4,1,4,4.0,False,52413.0,169.0,13103.25,0
CYBERCITY_KONDAPUR,initial greater-Hyderabad study area,TGSPDCL,CYBERCITY,KONDAPUR,KONDAPUR,KONDAPUR,2023-01-01,2023,1,1,1,1,1.0,False,0.0,5.0,0.0,0
CYBERCITY_KONDAPUR,initial greater-Hyderabad study area,TGSPDCL,CYBERCITY,KONDAPUR,KONDAPUR,KONDAPUR,2023-02-01,2023,2,1,1,1,1.0,False,0.0,5.0,0.0,0
CYBERCITY_KONDAPUR,initial greater-Hyderabad study area,TGSPDCL,CYBERCITY,KONDAPUR,KONDAPUR,KONDAPUR,2023-03-01,2023,3,1,1,1,1.0,False,0.0,5.0,0.0,0
CYBERCITY_KONDAPUR,initial greater-Hyderabad study area,TGSPDCL,CYBERCITY,KONDAPUR,KONDAPUR,KONDAPUR,2023-04-01,2023,4,1,1,1,1.0,False,0.0,5.0,0.0,0
CYBERCITY_KONDAPUR,initial greater-Hyderabad study area,TGSPDCL,CYBERCITY,KONDAPUR,KONDAPUR,KONDAPUR,2023-05-01,2023,5,1,1,1,1.0,False,0.0,5.0,0.0,0
CYBERCITY_KONDAPUR,initial greater-Hyderabad study area,TGSPDCL,CYBERCITY,KONDAPUR,KONDAPUR,KONDAPUR,2023-06-01,2023,6,1,1,1,1.0,False,0.0,5.0,0.0,0
CYBERCITY_KONDAPUR,initial greater-Hyderabad study area,TGSPDCL,CYBERCITY,KONDAPUR,KONDAPUR,KONDAPUR,2023-07-01,2023,7,1,1,1,1.0,False,0.0,5.0,0.0,0
CYBERCITY_KONDAPUR,initial greater-Hyderabad study area,TGSPDCL,CYBERCITY,KONDAPUR,KONDAPUR,KONDAPUR,2023-08-01,2023,8,1,1,1,1.0,False,0.0,5.0,0.0,0
CYBERCITY_KONDAPUR,initial greater-Hyderabad study area,TGSPDCL,CYBERCITY,KONDAPUR,KONDAPUR,KONDAPUR,2023-09-01,2023,9,1,1,1,1.0,False,0.0,5.0,0.0,0
CYBERCITY_KONDAPUR,initial greater-Hyderabad study area,TGSPDCL,CYBERCITY,KONDAPUR,KONDAPUR,KONDAPUR,2023-10-01,2023,10,1,1,1,1.0,False,0.0,5.0,0.0,0
CYBERCITY_KONDAPUR,initial greater-Hyderabad study area,TGSPDCL,CYBERCITY,KONDAPUR,KONDAPUR,KONDAPUR,2023-11-01,2023,11,1,1,1,1.0,False,0.0,5.0,0.0,0
CYBERCITY_KONDAPUR,initial greater-Hyderabad study area,TGSPDCL,CYBERCITY,KONDAPUR,KONDAPUR,KONDAPUR,2023-12-01,2023,12,1,1,1,1.0,False,0.0,5.0,0.0,0
CYBERCITY_KONDAPUR,initial greater-Hyderabad study area,TGSPDCL,CYBERCITY,KONDAPUR,KONDAPUR,KONDAPUR,2024-01-01,2024,1,1,1,1,1.0,False,0.0,5.0,0.0,0
CYBERCITY_KONDAPUR,initial greater-Hyderabad study area,TGSPDCL,CYBERCITY,KONDAPUR,KONDAPUR,KONDAPUR,2024-02-01,2024,2,1,1,1,1.0,False,0.0,5.0,0.0,0
CYBERCITY_KONDAPUR,initial greater-Hyderabad study area,TGSPDCL,CYBERCITY,KONDAPUR,KONDAPUR,KONDAPUR,2024-03-01,2024,3,1,1,1,1.0,False,0.0,5.0,0.0,0
CYBERCITY_KONDAPUR,initial greater-Hyderabad study area,TGSPDCL,CYBERCITY,KONDAPUR,KONDAPUR,KONDAPUR,2024-04-01,2024,4,2,2,2,1.0,True,0.0,55.0,0.0,0
CYBERCITY_KONDAPUR,initial greater-Hyderabad study area,TGSPDCL,CYBERCITY,KONDAPUR,KONDAPUR,KONDAPUR,2024-05-01,2024,5,2,1,2,2.0,False,128.0,55.0,64.0,0
CYBERCITY_KONDAPUR,initial greater-Hyderabad study area,TGSPDCL,CYBERCITY,KONDAPUR,KONDAPUR,KONDAPUR,2024-06-01,2024,6,3,2,3,2.0,True,1852.0,75.0,617.33,0
CYBERCITY_KONDAPUR,initial greater-Hyderabad study area,TGSPDCL,CYBERCITY,KONDAPUR,KONDAPUR,KONDAPUR,2024-07-01,2024,7,3,2,3,3.0,False,777.0,75.0,259.0,0
CYBERCITY_KONDAPUR,initial greater-Hyderabad study area,TGSPDCL,CYBERCITY,KONDAPUR,KONDAPUR,KONDAPUR,2024-08-01,2024,8,3,2,3,2.0,True,1239.0,75.0,413.0,0
CYBERCITY_KONDAPUR,initial greater-Hyderabad study area,TGSPDCL,CYBERCITY,KONDAPUR,KONDAPUR,KONDAPUR,2024-09-01,2024,9,3,2,3,2.0,True,2111.0,75.0,703.67,0
CYBERCITY_KONDAPUR,initial greater-Hyderabad study area,TGSPDCL,CYBERCITY,KONDAPUR,KONDAPUR,KONDAPUR,2024-10-01,2024,10,4,3,4,3.0,True,1558.0,84.0,389.5,0
CYBERCITY_KONDAPUR,initial greater-Hyderabad study area,TGSPDCL,CYBERCITY,KONDAPUR,KONDAPUR,KONDAPUR,2024-11-01,2024,11,4,2,4,3.0,True,1671.0,84.0,417.75,0
CYBERCITY_KONDAPUR,initial greater-Hyderabad study area,TGSPDCL,CYBERCITY,KONDAPUR,KONDAPUR,KONDAPUR,2024-12-01,2024,12,4,2,4,3.0,True,2051.0,84.0,512.75,0
CYBERCITY_KONDAPUR,initial greater-Hyderabad study area,TGSPDCL,CYBERCITY,KONDAPUR,KONDAPUR,KONDAPUR,2025-01-01,2025,1,4,2,5,3.0,True,2405.0,137.0,481.0,0
CYBERCITY_KONDAPUR,initial greater-Hyderabad study area,TGSPDCL,CYBERCITY,KONDAPUR,KONDAPUR,KONDAPUR,2025-02-01,2025,2,4,1,5,4.0,False,4419.0,137.0,883.8,0
CYBERCITY_KONDAPUR,initial greater-Hyderabad study area,TGSPDCL,CYBERCITY,KONDAPUR,KONDAPUR,KONDAPUR,2025-03-01,2025,3,4,1,5,4.0,False,9078.0,137.0,1815.6,0
CYBERCITY_KONDAPUR,initial greater-Hyderabad study area,TGSPDCL,CYBERCITY,KONDAPUR,KONDAPUR,KONDAPUR,2025-04-01,2025,4,4,2,5,4.0,False,11427.0,137.0,2285.4,0
CYBERCITY_KONDAPUR,initial greater-Hyderabad study area,TGSPDCL,CYBERCITY,KONDAPUR,KONDAPUR,KONDAPUR,2025-05-01,2025,5,4,2,5,4.0,False,18287.0,137.0,3657.4,0
CYBERCITY_KONDAPUR,initial greater-Hyderabad study area,TGSPDCL,CYBERCITY,KONDAPUR,KONDAPUR,KONDAPUR,2025-06-01,2025,6,4,1,5,4.0,False,14952.0,137.0,2990.4,0
CYBERCITY_KONDAPUR,initial greater-Hyderabad study area,TGSPDCL,CYBERCITY,KONDAPUR,KONDAPUR,KONDAPUR,2025-07-01,2025,7,4,2,5,4.0,False,17074.0,137.0,3414.8,0
CYBERCITY_KONDAPUR,initial greater-Hyderabad study area,TGSPDCL,CYBERCITY,KONDAPUR,KONDAPUR,KONDAPUR,2025-08-01,2025,8,4,1,5,4.0,False,14039.0,137.0,2807.8,0
CYBERCITY_KONDAPUR,initial greater-Hyderabad study area,TGSPDCL,CYBERCITY,KONDAPUR,KONDAPUR,KONDAPUR,2025-09-01,2025,9,4,2,5,4.0,False,15008.0,137.0,3001.6,0
CYBERCITY_KONDAPUR,initial greater-Hyderabad study area,TGSPDCL,CYBERCITY,KONDAPUR,KONDAPUR,KONDAPUR,2025-10-01,2025,10,4,2,5,4.0,False,17162.0,137.0,3432.4,0
CYBERCITY_KONDAPUR,initial greater-Hyderabad study area,TGSPDCL,CYBERCITY,KONDAPUR,KONDAPUR,KONDAPUR,2025-11-01,2025,11,4,2,5,4.0,False,18888.0,137.0,3777.6,0
CYBERCITY_KONDAPUR,initial greater-Hyderabad study area,TGSPDCL,CYBERCITY,KONDAPUR,KONDAPUR,KONDAPUR,2025-12-01,2025,12,4,2,5,4.0,False,24562.0,168.0,4912.4,0
CYBERCITY_KONDAPUR,initial greater-Hyderabad study area,TGSPDCL,CYBERCITY,KONDAPUR,KONDAPUR,KONDAPUR,2026-01-01,2026,1,4,2,5,4.0,False,30832.0,168.0,6166.4,0
CYBERCITY_KONDAPUR,initial greater-Hyderabad study area,TGSPDCL,CYBERCITY,KONDAPUR,KONDAPUR,KONDAPUR,2026-02-01,2026,2,4,2,5,4.0,False,33534.0,168.0,6706.8,0
CYBERCITY_KONDAPUR,initial greater-Hyderabad study area,TGSPDCL,CYBERCITY,KONDAPUR,KONDAPUR,KONDAPUR,2026-03-01,2026,3,5,3,6,4.0,True,37183.0,288.0,6197.17,0
CYBERCITY_KONDAPUR,initial greater-Hyderabad study area,TGSPDCL,CYBERCITY,KONDAPUR,KONDAPUR,KONDAPUR,2026-04-01,2026,4,5,2,6,5.0,False,37568.0,288.0,6261.33,0
CYBERCITY_KONDAPUR,initial greater-Hyderabad study area,TGSPDCL,CYBERCITY,KONDAPUR,KONDAPUR,KONDAPUR,2026-05-01,2026,5,5,2,6,5.0,False,51190.0,288.0,8531.67,0
CYBERCITY_KONDAPUR,initial greater-Hyderabad study area,TGSPDCL,CYBERCITY,KONDAPUR,KONDAPUR,KONDAPUR,2026-06-01,2026,6,5,2,7,5.0,False,41000.0,342.0,5857.14,0
CYBERCITY_KONDAPUR,initial greater-Hyderabad study area,TGSPDCL,CYBERCITY,KONDAPUR,KONDAPUR,KONDAPUR,2026-07-01,2026,7,5,1,7,6.0,False,42204.0,342.0,6029.14,0
CYBERCITY_KONDAPUR,initial greater-Hyderabad study area,TGSPDCL,CYBERCITY,KONDAPUR,KONDAPUR,KONDAPUR,2026-08-01,2026,8,5,2,7,6.0,False,54395.0,342.0,7770.71,0
CYBERCITY_K_P_H_B_COLONY,initial greater-Hyderabad study area,TGSPDCL,CYBERCITY,KONDAPUR,KPHB,K P H B COLONY,2024-09-01,2024,9,1,1,1,1.0,False,0.0,54.0,0.0,0
CYBERCITY_K_P_H_B_COLONY,initial greater-Hyderabad study area,TGSPDCL,CYBERCITY,KONDAPUR,KPHB,K P H B COLONY,2024-10-01,2024,10,1,0,1,1.0,False,2.0,54.0,2.0,0
CYBERCITY_K_P_H_B_COLONY,initial greater-Hyderabad study area,TGSPDCL,CYBERCITY,KONDAPUR,KPHB,K P H B COLONY,2024-11-01,2024,11,1,0,1,1.0,False,67.0,54.0,67.0,0
CYBERCITY_K_P_H_B_COLONY,initial greater-Hyderabad study area,TGSPDCL,CYBERCITY,KONDAPUR,KPHB,K P H B COLONY,2024-12-01,2024,12,1,0,1,1.0,False,1344.0,54.0,1344.0,0
CYBERCITY_K_P_H_B_COLONY,initial greater-Hyderabad study area,TGSPDCL,CYBERCITY,KONDAPUR,KPHB,K P H B COLONY,2025-01-01,2025,1,1,0,1,1.0,False,3832.0,54.0,3832.0,0
CYBERCITY_K_P_H_B_COLONY,initial greater-Hyderabad study area,TGSPDCL,CYBERCITY,KONDAPUR,KPHB,K P H B COLONY,2025-02-01,2025,2,1,0,1,1.0,False,4169.0,54.0,4169.0,0
CYBERCITY_K_P_H_B_COLONY,initial greater-Hyderabad study area,TGSPDCL,CYBERCITY,KONDAPUR,KPHB,K P H B COLONY,2025-03-01,2025,3,1,0,1,1.0,False,5392.0,54.0,5392.0,0
CYBERCITY_K_P_H_B_COLONY,initial greater-Hyderabad study area,TGSPDCL,CYBERCITY,KONDAPUR,KPHB,K P H B COLONY,2025-04-01,2025,4,2,1,2,1.0,True,8511.0,108.0,4255.5,0
CYBERCITY_K_P_H_B_COLONY,initial greater-Hyderabad study area,TGSPDCL,CYBERCITY,KONDAPUR,KPHB,K P H B COLONY,2025-05-01,2025,5,2,0,4,2.0,False,7398.0,216.0,1849.5,0
CYBERCITY_K_P_H_B_COLONY,initial greater-Hyderabad study area,TGSPDCL,CYBERCITY,KONDAPUR,KPHB,K P H B COLONY,2025-06-01,2025,6,2,0,4,4.0,False,4155.0,216.0,1038.75,0
CYBERCITY_K_P_H_B_COLONY,initial greater-Hyderabad study area,TGSPDCL,CYBERCITY,KONDAPUR,KPHB,K P H B COLONY,2025-07-01,2025,7,2,1,4,4.0,False,4178.0,216.0,1044.5,0
CYBERCITY_K_P_H_B_COLONY,initial greater-Hyderabad study area,TGSPDCL,CYBERCITY,KONDAPUR,KPHB,K P H B COLONY,2025-08-01,2025,8,2,1,4,4.0,False,8224.0,216.0,2056.0,0
CYBERCITY_K_P_H_B_COLONY,initial greater-Hyderabad study area,TGSPDCL,CYBERCITY,KONDAPUR,KPHB,K P H B COLONY,2025-09-01,2025,9,2,1,4,4.0,False,9448.0,216.0,2362.0,0
CYBERCITY_K_P_H_B_COLONY,initial greater-Hyderabad study area,TGSPDCL,CYBERCITY,KONDAPUR,KPHB,K P H B COLONY,2025-10-01,2025,10,2,1,4,4.0,False,7353.0,216.0,1838.25,0
CYBERCITY_K_P_H_B_COLONY,initial greater-Hyderabad study area,TGSPDCL,CYBERCITY,KONDAPUR,KPHB,K P H B COLONY,2025-11-01,2025,11,2,0,4,4.0,False,7010.0,216.0,1752.5,0
CYBERCITY_K_P_H_B_COLONY,initial greater-Hyderabad study area,TGSPDCL,CYBERCITY,KONDAPUR,KPHB,K P H B COLONY,2025-12-01,2025,12,2,0,4,4.0,False,7463.0,216.0,1865.75,0
CYBERCITY_K_P_H_B_COLONY,initial greater-Hyderabad study area,TGSPDCL,CYBERCITY,KONDAPUR,KPHB,K P H B COLONY,2026-01-01,2026,1,2,0,4,4.0,False,10346.0,216.0,2586.5,0
CYBERCITY_K_P_H_B_COLONY,initial greater-Hyderabad study area,TGSPDCL,CYBERCITY,KONDAPUR,KPHB,K P H B COLONY,2026-02-01,2026,2,3,1,5,4.0,True,7492.0,224.0,1498.4,0
CYBERCITY_K_P_H_B_COLONY,initial greater-Hyderabad study area,TGSPDCL,CYBERCITY,KONDAPUR,KPHB,K P H B COLONY,2026-03-01,2026,3,3,1,5,5.0,False,8831.0,224.0,1766.2,0
CYBERCITY_K_P_H_B_COLONY,initial greater-Hyderabad study area,TGSPDCL,CYBERCITY,KONDAPUR,KPHB,K P H B COLONY,2026-04-01,2026,4,3,0,5,5.0,False,19630.0,224.0,3926.0,0
CYBERCITY_K_P_H_B_COLONY,initial greater-Hyderabad study area,TGSPDCL,CYBERCITY,KONDAPUR,KPHB,K P H B COLONY,2026-05-01,2026,5,3,0,5,5.0,False,15297.0,224.0,3059.4,0
CYBERCITY_K_P_H_B_COLONY,initial greater-Hyderabad study area,TGSPDCL,CYBERCITY,KONDAPUR,KPHB,K P H B COLONY,2026-06-01,2026,6,3,0,5,5.0,False,25358.0,224.0,5071.6,0
CYBERCITY_K_P_H_B_COLONY,initial greater-Hyderabad study area,TGSPDCL,CYBERCITY,KONDAPUR,KPHB,K P H B COLONY,2026-07-01,2026,7,3,0,5,5.0,False,27553.0,224.0,5510.6,0
CYBERCITY_K_P_H_B_COLONY,initial greater-Hyderabad study area,TGSPDCL,CYBERCITY,KONDAPUR,KPHB,K P H B COLONY,2026-08-01,2026,8,3,0,5,5.0,False,26631.0,224.0,5326.2,0
CYBERCITY_MOKILA,initial greater-Hyderabad study area,TGSPDCL,CYBERCITY,IBRAHIMBAGH,MOKILA,MOKILA,2026-03-01,2026,3,1,1,1,,True,0.0,60.0,0.0,0
CYBERCITY_MOKILA,initial greater-Hyderabad study area,TGSPDCL,CYBERCITY,IBRAHIMBAGH,MOKILA,MOKILA,2026-04-01,2026,4,1,0,1,1.0,False,71.0,60.0,71.0,0
CYBERCITY_MOKILA,initial greater-Hyderabad study area,TGSPDCL,CYBERCITY,IBRAHIMBAGH,MOKILA,MOKILA,2026-05-01,2026,5,2,1,2,1.0,True,420.0,120.0,210.0,0
CYBERCITY_MOKILA,initial greater-Hyderabad study area,TGSPDCL,CYBERCITY,IBRAHIMBAGH,MOKILA,MOKILA,2026-06-01,2026,6,2,0,2,2.0,False,2734.0,120.0,1367.0,0
CYBERCITY_MOKILA,initial greater-Hyderabad study area,TGSPDCL,CYBERCITY,IBRAHIMBAGH,MOKILA,MOKILA,2026-07-01,2026,7,2,0,2,2.0,False,4080.0,120.0,2040.0,0
CYBERCITY_MOKILA,initial greater-Hyderabad study area,TGSPDCL,CYBERCITY,IBRAHIMBAGH,MOKILA,MOKILA,2026-08-01,2026,8,2,0,2,2.0,False,4171.0,120.0,2085.5,0
CYBERCITY_NALLAGANDLA,initial greater-Hyderabad study area,TGSPDCL,CYBERCITY,GACHIBOWLI,GACHIBOWLI,NALLAGANDLA,2024-01-01,2024,1,1,1,1,,True,0.0,54.0,0.0,0
CYBERCITY_NALLAGANDLA,initial greater-Hyderabad study area,TGSPDCL,CYBERCITY,GACHIBOWLI,GACHIBOWLI,NALLAGANDLA,2024-02-01,2024,2,1,1,1,1.0,False,0.0,54.0,0.0,0
CYBERCITY_NALLAGANDLA,initial greater-Hyderabad study area,TGSPDCL,CYBERCITY,GACHIBOWLI,GACHIBOWLI,NALLAGANDLA,2024-03-01,2024,3,1,0,1,1.0,False,1107.0,54.0,1107.0,0
CYBERCITY_NALLAGANDLA,initial greater-Hyderabad study area,TGSPDCL,CYBERCITY,GACHIBOWLI,GACHIBOWLI,NALLAGANDLA,2024-04-01,2024,4,1,0,1,1.0,False,6843.0,54.0,6843.0,0
CYBERCITY_NALLAGANDLA,initial greater-Hyderabad study area,TGSPDCL,CYBERCITY,GACHIBOWLI,GACHIBOWLI,NALLAGANDLA,2024-05-01,2024,5,1,0,1,1.0,False,4835.0,54.0,4835.0,0
CYBERCITY_NALLAGANDLA,initial greater-Hyderabad study area,TGSPDCL,CYBERCITY,GACHIBOWLI,GACHIBOWLI,NALLAGANDLA,2024-06-01,2024,6,1,0,1,1.0,False,631.0,54.0,631.0,0
CYBERCITY_NALLAGANDLA,initial greater-Hyderabad study area,TGSPDCL,CYBERCITY,GACHIBOWLI,GACHIBOWLI,NALLAGANDLA,2024-07-01,2024,7,1,1,1,1.0,False,0.0,54.0,0.0,0
CYBERCITY_NALLAGANDLA,initial greater-Hyderabad study area,TGSPDCL,CYBERCITY,GACHIBOWLI,GACHIBOWLI,NALLAGANDLA,2024-08-01,2024,8,1,0,1,1.0,False,4950.0,54.0,4950.0,0
CYBERCITY_NALLAGANDLA,initial greater-Hyderabad study area,TGSPDCL,CYBERCITY,GACHIBOWLI,GACHIBOWLI,NALLAGANDLA,2024-09-01,2024,9,1,0,1,1.0,False,12049.0,54.0,12049.0,0
CYBERCITY_NALLAGANDLA,initial greater-Hyderabad study area,TGSPDCL,CYBERCITY,GACHIBOWLI,GACHIBOWLI,NALLAGANDLA,2024-10-01,2024,10,1,0,1,1.0,False,1158.0,54.0,1158.0,0
CYBERCITY_NALLAGANDLA,initial greater-Hyderabad study area,TGSPDCL,CYBERCITY,GACHIBOWLI,GACHIBOWLI,NALLAGANDLA,2024-11-01,2024,11,1,0,1,1.0,False,3952.0,54.0,3952.0,0
CYBERCITY_NALLAGANDLA,initial greater-Hyderabad study area,TGSPDCL,CYBERCITY,GACHIBOWLI,GACHIBOWLI,NALLAGANDLA,2024-12-01,2024,12,1,0,1,1.0,False,2192.0,54.0,2192.0,0
CYBERCITY_NALLAGANDLA,initial greater-Hyderabad study area,TGSPDCL,CYBERCITY,GACHIBOWLI,GACHIBOWLI,NALLAGANDLA,2025-01-01,2025,1,1,0,1,1.0,False,1947.0,54.0,1947.0,0
CYBERCITY_NALLAGANDLA,initial greater-Hyderabad study area,TGSPDCL,CYBERCITY,GACHIBOWLI,GACHIBOWLI,NALLAGANDLA,2025-02-01,2025,2,1,0,1,1.0,False,1141.0,54.0,1141.0,0
CYBERCITY_NALLAGANDLA,initial greater-Hyderabad study area,TGSPDCL,CYBERCITY,GACHIBOWLI,GACHIBOWLI,NALLAGANDLA,2025-03-01,2025,3,1,0,1,1.0,False,8688.0,54.0,8688.0,0
CYBERCITY_NALLAGANDLA,initial greater-Hyderabad study area,TGSPDCL,CYBERCITY,GACHIBOWLI,GACHIBOWLI,NALLAGANDLA,2025-04-01,2025,4,1,0,1,1.0,False,6578.0,54.0,6578.0,0
CYBERCITY_NALLAGANDLA,initial greater-Hyderabad study area,TGSPDCL,CYBERCITY,GACHIBOWLI,GACHIBOWLI,NALLAGANDLA,2025-05-01,2025,5,1,0,1,1.0,False,5012.0,54.0,5012.0,0
CYBERCITY_NALLAGANDLA,initial greater-Hyderabad study area,TGSPDCL,CYBERCITY,GACHIBOWLI,GACHIBOWLI,NALLAGANDLA,2025-06-01,2025,6,1,0,1,1.0,False,8614.0,54.0,8614.0,0
CYBERCITY_NALLAGANDLA,initial greater-Hyderabad study area,TGSPDCL,CYBERCITY,GACHIBOWLI,GACHIBOWLI,NALLAGANDLA,2025-07-01,2025,7,1,0,1,1.0,False,7732.0,54.0,7732.0,0
CYBERCITY_NALLAGANDLA,initial greater-Hyderabad study area,TGSPDCL,CYBERCITY,GACHIBOWLI,GACHIBOWLI,NALLAGANDLA,2025-08-01,2025,8,1,0,1,1.0,False,5130.0,54.0,5130.0,0
CYBERCITY_NALLAGANDLA,initial greater-Hyderabad study area,TGSPDCL,CYBERCITY,GACHIBOWLI,GACHIBOWLI,NALLAGANDLA,2025-09-01,2025,9,1,0,1,1.0,False,6819.0,54.0,6819.0,0
CYBERCITY_NALLAGANDLA,initial greater-Hyderabad study area,TGSPDCL,CYBERCITY,GACHIBOWLI,GACHIBOWLI,NALLAGANDLA,2025-10-01,2025,10,1,0,1,1.0,False,4180.0,54.0,4180.0,0
CYBERCITY_NALLAGANDLA,initial greater-Hyderabad study area,TGSPDCL,CYBERCITY,GACHIBOWLI,GACHIBOWLI,NALLAGANDLA,2025-11-01,2025,11,2,0,4,4.0,False,3090.0,216.0,772.5,0
CYBERCITY_NALLAGANDLA,initial greater-Hyderabad study area,TGSPDCL,CYBERCITY,GACHIBOWLI,GACHIBOWLI,NALLAGANDLA,2025-12-01,2025,12,2,0,4,4.0,False,14060.0,216.0,3515.0,0
CYBERCITY_NALLAGANDLA,initial greater-Hyderabad study area,TGSPDCL,CYBERCITY,GACHIBOWLI,GACHIBOWLI,NALLAGANDLA,2026-01-01,2026,1,2,0,5,4.0,False,19734.0,295.0,3946.8,0
CYBERCITY_NALLAGANDLA,initial greater-Hyderabad study area,TGSPDCL,CYBERCITY,GACHIBOWLI,GACHIBOWLI,NALLAGANDLA,2026-02-01,2026,2,2,0,5,5.0,False,62308.0,295.0,12461.6,0
CYBERCITY_NALLAGANDLA,initial greater-Hyderabad study area,TGSPDCL,CYBERCITY,GACHIBOWLI,GACHIBOWLI,NALLAGANDLA,2026-03-01,2026,3,2,0,6,5.0,False,48397.0,349.0,8066.17,0
CYBERCITY_NALLAGANDLA,initial greater-Hyderabad study area,TGSPDCL,CYBERCITY,GACHIBOWLI,GACHIBOWLI,NALLAGANDLA,2026-04-01,2026,4,2,0,6,6.0,False,58014.0,349.0,9669.0,0
CYBERCITY_NALLAGANDLA,initial greater-Hyderabad study area,TGSPDCL,CYBERCITY,GACHIBOWLI,GACHIBOWLI,NALLAGANDLA,2026-05-01,2026,5,2,0,7,7.0,False,84413.0,469.0,12059.0,0
CYBERCITY_NALLAGANDLA,initial greater-Hyderabad study area,TGSPDCL,CYBERCITY,GACHIBOWLI,GACHIBOWLI,NALLAGANDLA,2026-06-01,2026,6,2,0,8,7.0,False,98106.0,523.0,12263.25,0
CYBERCITY_NALLAGANDLA,initial greater-Hyderabad study area,TGSPDCL,CYBERCITY,GACHIBOWLI,GACHIBOWLI,NALLAGANDLA,2026-07-01,2026,7,2,0,8,8.0,False,95287.0,523.0,11910.88,0
CYBERCITY_NALLAGANDLA,initial greater-Hyderabad study area,TGSPDCL,CYBERCITY,GACHIBOWLI,GACHIBOWLI,NALLAGANDLA,2026-08-01,2026,8,3,0,8,8.0,False,88478.0,523.0,11059.75,0
CYBERCITY_NARSINGI,initial greater-Hyderabad study area,TGSPDCL,CYBERCITY,IBRAHIMBAGH,IBRAHIMBAG,NARSINGI,2024-10-01,2024,10,1,1,1,,True,0.0,54.0,0.0,0
CYBERCITY_NARSINGI,initial greater-Hyderabad study area,TGSPDCL,CYBERCITY,IBRAHIMBAGH,IBRAHIMBAG,NARSINGI,2024-11-01,2024,11,1,1,1,1.0,False,0.0,54.0,0.0,0
CYBERCITY_NARSINGI,initial greater-Hyderabad study area,TGSPDCL,CYBERCITY,IBRAHIMBAGH,IBRAHIMBAG,NARSINGI,2024-12-01,2024,12,1,1,1,1.0,False,0.0,54.0,0.0,0
CYBERCITY_NARSINGI,initial greater-Hyderabad study area,TGSPDCL,CYBERCITY,IBRAHIMBAGH,IBRAHIMBAG,NARSINGI,2025-01-01,2025,1,2,1,2,1.0,True,46.0,108.0,23.0,0
CYBERCITY_NARSINGI,initial greater-Hyderabad study area,TGSPDCL,CYBERCITY,IBRAHIMBAGH,IBRAHIMBAG,NARSINGI,2025-02-01,2025,2,2,1,2,2.0,False,1080.0,108.0,540.0,0
CYBERCITY_NARSINGI,initial greater-Hyderabad study area,TGSPDCL,CYBERCITY,IBRAHIMBAGH,IBRAHIMBAG,NARSINGI,2025-03-01,2025,3,2,2,2,2.0,False,0.0,108.0,0.0,0
CYBERCITY_NARSINGI,initial greater-Hyderabad study area,TGSPDCL,CYBERCITY,IBRAHIMBAGH,IBRAHIMBAG,NARSINGI,2025-04-01,2025,4,2,0,2,2.0,False,8572.0,108.0,4286.0,0
CYBERCITY_NARSINGI,initial greater-Hyderabad study area,TGSPDCL,CYBERCITY,IBRAHIMBAGH,IBRAHIMBAG,NARSINGI,2025-05-01,2025,5,2,0,2,2.0,False,683.0,108.0,341.5,0
CYBERCITY_NARSINGI,initial greater-Hyderabad study area,TGSPDCL,CYBERCITY,IBRAHIMBAGH,IBRAHIMBAG,NARSINGI,2025-06-01,2025,6,2,0,2,2.0,False,2651.0,108.0,1325.5,0
CYBERCITY_NARSINGI,initial greater-Hyderabad study area,TGSPDCL,CYBERCITY,IBRAHIMBAGH,IBRAHIMBAG,NARSINGI,2025-07-01,2025,7,2,0,2,2.0,False,4764.0,108.0,2382.0,0
CYBERCITY_NARSINGI,initial greater-Hyderabad study area,TGSPDCL,CYBERCITY,IBRAHIMBAGH,IBRAHIMBAG,NARSINGI,2025-08-01,2025,8,3,1,3,2.0,True,6561.0,162.0,2187.0,0
CYBERCITY_NARSINGI,initial greater-Hyderabad study area,TGSPDCL,CYBERCITY,IBRAHIMBAGH,IBRAHIMBAG,NARSINGI,2025-09-01,2025,9,3,1,3,3.0,False,9256.0,162.0,3085.33,0
CYBERCITY_NARSINGI,initial greater-Hyderabad study area,TGSPDCL,CYBERCITY,IBRAHIMBAGH,IBRAHIMBAG,NARSINGI,2025-10-01,2025,10,3,1,3,3.0,False,9134.0,162.0,3044.67,0
CYBERCITY_NARSINGI,initial greater-Hyderabad study area,TGSPDCL,CYBERCITY,IBRAHIMBAGH,IBRAHIMBAG,NARSINGI,2025-11-01,2025,11,3,1,3,3.0,False,14304.0,162.0,4768.0,0
CYBERCITY_NARSINGI,initial greater-Hyderabad study area,TGSPDCL,CYBERCITY,IBRAHIMBAGH,IBRAHIMBAG,NARSINGI,2025-12-01,2025,12,3,1,3,3.0,False,12068.0,162.0,4022.67,0
CYBERCITY_NARSINGI,initial greater-Hyderabad study area,TGSPDCL,CYBERCITY,IBRAHIMBAGH,IBRAHIMBAG,NARSINGI,2026-01-01,2026,1,3,0,3,3.0,False,12073.0,162.0,4024.33,0
CYBERCITY_NARSINGI,initial greater-Hyderabad study area,TGSPDCL,CYBERCITY,IBRAHIMBAGH,IBRAHIMBAG,NARSINGI,2026-02-01,2026,2,3,0,3,3.0,False,4126.0,162.0,1375.33,0
CYBERCITY_NARSINGI,initial greater-Hyderabad study area,TGSPDCL,CYBERCITY,IBRAHIMBAGH,IBRAHIMBAG,NARSINGI,2026-03-01,2026,3,3,3,3,3.0,False,0.0,162.0,0.0,0
CYBERCITY_NARSINGI,initial greater-Hyderabad study area,TGSPDCL,CYBERCITY,IBRAHIMBAGH,IBRAHIMBAG,NARSINGI,2026-04-01,2026,4,3,3,3,3.0,False,0.0,162.0,0.0,0
CYBERCITY_NARSINGI,initial greater-Hyderabad study area,TGSPDCL,CYBERCITY,IBRAHIMBAGH,IBRAHIMBAG,NARSINGI,2026-05-01,2026,5,3,2,3,3.0,False,2.0,162.0,0.67,0
CYBERCITY_NARSINGI,initial greater-Hyderabad study area,TGSPDCL,CYBERCITY,IBRAHIMBAGH,IBRAHIMBAG,NARSINGI,2026-06-01,2026,6,3,1,3,3.0,False,487.0,162.0,162.33,0
CYBERCITY_NARSINGI,initial greater-Hyderabad study area,TGSPDCL,CYBERCITY,IBRAHIMBAGH,IBRAHIMBAG,NARSINGI,2026-07-01,2026,7,4,2,5,3.0,True,6038.0,270.0,1207.6,0
CYBERCITY_NARSINGI,initial greater-Hyderabad study area,TGSPDCL,CYBERCITY,IBRAHIMBAGH,IBRAHIMBAG,NARSINGI,2026-08-01,2026,8,4,2,5,5.0,False,3113.0,270.0,622.6,0
CYBERCITY_SHANKAR_PALLY,initial greater-Hyderabad study area,TGSPDCL,CYBERCITY,IBRAHIMBAGH,MOKILA,SHANKAR PALLY,2026-08-01,2026,8,1,1,1,,True,0.0,60.0,0.0,0
CYBERCITY_TARANAGAR,initial greater-Hyderabad study area,TGSPDCL,CYBERCITY,GACHIBOWLI,GACHIBOWLI,TARANAGAR,2023-08-01,2023,8,2,2,2,,True,0.0,108.0,0.0,0
CYBERCITY_TARANAGAR,initial greater-Hyderabad study area,TGSPDCL,CYBERCITY,GACHIBOWLI,GACHIBOWLI,TARANAGAR,2023-09-01,2023,9,2,2,2,2.0,False,0.0,108.0,0.0,0
CYBERCITY_TARANAGAR,initial greater-Hyderabad study area,TGSPDCL,CYBERCITY,GACHIBOWLI,GACHIBOWLI,TARANAGAR,2023-10-01,2023,10,2,1,2,2.0,False,57.0,108.0,28.5,0
CYBERCITY_TARANAGAR,initial greater-Hyderabad study area,TGSPDCL,CYBERCITY,GACHIBOWLI,GACHIBOWLI,TARANAGAR,2023-11-01,2023,11,2,0,2,2.0,False,740.0,108.0,370.0,0
CYBERCITY_TARANAGAR,initial greater-Hyderabad study area,TGSPDCL,CYBERCITY,GACHIBOWLI,GACHIBOWLI,TARANAGAR,2023-12-01,2023,12,1,0,2,2.0,False,3369.0,108.0,1684.5,0
CYBERCITY_TARANAGAR,initial greater-Hyderabad study area,TGSPDCL,CYBERCITY,GACHIBOWLI,GACHIBOWLI,TARANAGAR,2024-01-01,2024,1,1,0,2,2.0,False,4014.0,108.0,2007.0,0
CYBERCITY_TARANAGAR,initial greater-Hyderabad study area,TGSPDCL,CYBERCITY,GACHIBOWLI,GACHIBOWLI,TARANAGAR,2024-02-01,2024,2,1,0,2,2.0,False,2425.0,108.0,1212.5,0
CYBERCITY_TARANAGAR,initial greater-Hyderabad study area,TGSPDCL,CYBERCITY,GACHIBOWLI,GACHIBOWLI,TARANAGAR,2024-03-01,2024,3,1,0,2,2.0,False,2374.0,108.0,1187.0,0
CYBERCITY_TARANAGAR,initial greater-Hyderabad study area,TGSPDCL,CYBERCITY,GACHIBOWLI,GACHIBOWLI,TARANAGAR,2024-04-01,2024,4,1,0,2,2.0,False,2000.0,108.0,1000.0,0
CYBERCITY_TARANAGAR,initial greater-Hyderabad study area,TGSPDCL,CYBERCITY,GACHIBOWLI,GACHIBOWLI,TARANAGAR,2024-05-01,2024,5,1,0,2,2.0,False,6062.0,108.0,3031.0,0
CYBERCITY_TARANAGAR,initial greater-Hyderabad study area,TGSPDCL,CYBERCITY,GACHIBOWLI,GACHIBOWLI,TARANAGAR,2024-06-01,2024,6,1,0,2,2.0,False,8190.0,108.0,4095.0,0
CYBERCITY_TARANAGAR,initial greater-Hyderabad study area,TGSPDCL,CYBERCITY,GACHIBOWLI,GACHIBOWLI,TARANAGAR,2024-07-01,2024,7,1,0,2,2.0,False,5754.0,108.0,2877.0,0
CYBERCITY_TARANAGAR,initial greater-Hyderabad study area,TGSPDCL,CYBERCITY,GACHIBOWLI,GACHIBOWLI,TARANAGAR,2024-08-01,2024,8,1,0,2,2.0,False,5956.0,108.0,2978.0,0
CYBERCITY_TARANAGAR,initial greater-Hyderabad study area,TGSPDCL,CYBERCITY,GACHIBOWLI,GACHIBOWLI,TARANAGAR,2024-09-01,2024,9,1,0,2,2.0,False,6887.0,108.0,3443.5,0
CYBERCITY_TARANAGAR,initial greater-Hyderabad study area,TGSPDCL,CYBERCITY,GACHIBOWLI,GACHIBOWLI,TARANAGAR,2024-10-01,2024,10,1,0,2,2.0,False,4419.0,108.0,2209.5,0
CYBERCITY_TARANAGAR,initial greater-Hyderabad study area,TGSPDCL,CYBERCITY,GACHIBOWLI,GACHIBOWLI,TARANAGAR,2024-11-01,2024,11,1,0,2,2.0,False,3741.0,108.0,1870.5,0
CYBERCITY_TARANAGAR,initial greater-Hyderabad study area,TGSPDCL,CYBERCITY,GACHIBOWLI,GACHIBOWLI,TARANAGAR,2024-12-01,2024,12,1,0,2,2.0,False,4335.0,108.0,2167.5,0
CYBERCITY_TARANAGAR,initial greater-Hyderabad study area,TGSPDCL,CYBERCITY,GACHIBOWLI,GACHIBOWLI,TARANAGAR,2025-01-01,2025,1,1,0,2,2.0,False,2174.0,108.0,1087.0,0
CYBERCITY_TARANAGAR,initial greater-Hyderabad study area,TGSPDCL,CYBERCITY,GACHIBOWLI,GACHIBOWLI,TARANAGAR,2025-02-01,2025,2,1,0,2,2.0,False,3581.0,108.0,1790.5,0
CYBERCITY_TARANAGAR,initial greater-Hyderabad study area,TGSPDCL,CYBERCITY,GACHIBOWLI,GACHIBOWLI,TARANAGAR,2025-03-01,2025,3,1,0,2,2.0,False,4018.0,108.0,2009.0,0
CYBERCITY_TARANAGAR,initial greater-Hyderabad study area,TGSPDCL,CYBERCITY,GACHIBOWLI,GACHIBOWLI,TARANAGAR,2025-04-01,2025,4,1,0,2,2.0,False,4931.0,108.0,2465.5,0
CYBERCITY_TARANAGAR,initial greater-Hyderabad study area,TGSPDCL,CYBERCITY,GACHIBOWLI,GACHIBOWLI,TARANAGAR,2025-05-01,2025,5,1,0,3,3.0,False,12247.0,161.0,4082.33,0
CYBERCITY_TARANAGAR,initial greater-Hyderabad study area,TGSPDCL,CYBERCITY,GACHIBOWLI,GACHIBOWLI,TARANAGAR,2025-06-01,2025,6,1,0,3,3.0,False,15409.0,161.0,5136.33,0
CYBERCITY_TARANAGAR,initial greater-Hyderabad study area,TGSPDCL,CYBERCITY,GACHIBOWLI,GACHIBOWLI,TARANAGAR,2025-07-01,2025,7,1,0,3,3.0,False,16940.0,161.0,5646.67,0
CYBERCITY_TARANAGAR,initial greater-Hyderabad study area,TGSPDCL,CYBERCITY,GACHIBOWLI,GACHIBOWLI,TARANAGAR,2025-08-01,2025,8,1,0,3,3.0,False,11625.0,161.0,3875.0,0
CYBERCITY_TARANAGAR,initial greater-Hyderabad study area,TGSPDCL,CYBERCITY,GACHIBOWLI,GACHIBOWLI,TARANAGAR,2025-09-01,2025,9,1,0,3,3.0,False,10098.0,161.0,3366.0,0
CYBERCITY_TARANAGAR,initial greater-Hyderabad study area,TGSPDCL,CYBERCITY,GACHIBOWLI,GACHIBOWLI,TARANAGAR,2025-10-01,2025,10,1,0,3,3.0,False,13581.0,161.0,4527.0,0
CYBERCITY_TARANAGAR,initial greater-Hyderabad study area,TGSPDCL,CYBERCITY,GACHIBOWLI,GACHIBOWLI,TARANAGAR,2025-11-01,2025,11,2,1,4,3.0,True,18205.0,221.0,4551.25,0
CYBERCITY_TARANAGAR,initial greater-Hyderabad study area,TGSPDCL,CYBERCITY,GACHIBOWLI,GACHIBOWLI,TARANAGAR,2025-12-01,2025,12,2,0,4,4.0,False,34499.0,221.0,8624.75,0
CYBERCITY_TARANAGAR,initial greater-Hyderabad study area,TGSPDCL,CYBERCITY,GACHIBOWLI,GACHIBOWLI,TARANAGAR,2026-01-01,2026,1,2,0,4,4.0,False,37525.0,221.0,9381.25,0
CYBERCITY_TARANAGAR,initial greater-Hyderabad study area,TGSPDCL,CYBERCITY,GACHIBOWLI,GACHIBOWLI,TARANAGAR,2026-02-01,2026,2,2,0,4,4.0,False,41270.0,221.0,10317.5,0
CYBERCITY_TARANAGAR,initial greater-Hyderabad study area,TGSPDCL,CYBERCITY,GACHIBOWLI,GACHIBOWLI,TARANAGAR,2026-03-01,2026,3,2,0,5,4.0,False,39169.0,275.0,7833.8,0
CYBERCITY_TARANAGAR,initial greater-Hyderabad study area,TGSPDCL,CYBERCITY,GACHIBOWLI,GACHIBOWLI,TARANAGAR,2026-04-01,2026,4,2,0,5,5.0,False,56685.0,275.0,11337.0,0
CYBERCITY_TARANAGAR,initial greater-Hyderabad study area,TGSPDCL,CYBERCITY,GACHIBOWLI,GACHIBOWLI,TARANAGAR,2026-05-01,2026,5,2,0,5,5.0,False,62731.0,275.0,12546.2,0
CYBERCITY_TARANAGAR,initial greater-Hyderabad study area,TGSPDCL,CYBERCITY,GACHIBOWLI,GACHIBOWLI,TARANAGAR,2026-06-01,2026,6,2,0,5,5.0,False,64028.0,275.0,12805.6,0
CYBERCITY_TARANAGAR,initial greater-Hyderabad study area,TGSPDCL,CYBERCITY,GACHIBOWLI,GACHIBOWLI,TARANAGAR,2026-07-01,2026,7,2,0,5,5.0,False,54637.0,275.0,10927.4,0
CYBERCITY_TARANAGAR,initial greater-Hyderabad study area,TGSPDCL,CYBERCITY,GACHIBOWLI,GACHIBOWLI,TARANAGAR,2026-08-01,2026,8,2,0,5,5.0,False,61209.0,275.0,12241.8,0
CYBERCITY_VASANTH_NAGAR,initial greater-Hyderabad study area,TGSPDCL,CYBERCITY,GACHIBOWLI,CHANDA NAGAR,VASANTH NAGAR,2023-01-01,2023,1,2,0,3,3.0,False,517.0,9.0,172.33,0
CYBERCITY_VASANTH_NAGAR,initial greater-Hyderabad study area,TGSPDCL,CYBERCITY,GACHIBOWLI,CHANDA NAGAR,VASANTH NAGAR,2023-02-01,2023,2,2,0,3,3.0,False,306.0,9.0,102.0,0
CYBERCITY_VASANTH_NAGAR,initial greater-Hyderabad study area,TGSPDCL,CYBERCITY,GACHIBOWLI,CHANDA NAGAR,VASANTH NAGAR,2023-03-01,2023,3,2,0,3,3.0,False,275.0,9.0,91.67,0
CYBERCITY_VASANTH_NAGAR,initial greater-Hyderabad study area,TGSPDCL,CYBERCITY,GACHIBOWLI,CHANDA NAGAR,VASANTH NAGAR,2023-04-01,2023,4,2,0,3,3.0,False,392.0,9.0,130.67,0
CYBERCITY_VASANTH_NAGAR,initial greater-Hyderabad study area,TGSPDCL,CYBERCITY,GACHIBOWLI,CHANDA NAGAR,VASANTH NAGAR,2023-05-01,2023,5,2,0,3,3.0,False,400.0,9.0,133.33,0
CYBERCITY_VASANTH_NAGAR,initial greater-Hyderabad study area,TGSPDCL,CYBERCITY,GACHIBOWLI,CHANDA NAGAR,VASANTH NAGAR,2023-06-01,2023,6,2,0,3,3.0,False,359.0,9.0,119.67,0
CYBERCITY_VASANTH_NAGAR,initial greater-Hyderabad study area,TGSPDCL,CYBERCITY,GACHIBOWLI,CHANDA NAGAR,VASANTH NAGAR,2023-07-01,2023,7,2,0,3,3.0,False,803.0,9.0,267.67,0
CYBERCITY_VASANTH_NAGAR,initial greater-Hyderabad study area,TGSPDCL,CYBERCITY,GACHIBOWLI,CHANDA NAGAR,VASANTH NAGAR,2023-08-01,2023,8,2,0,3,3.0,False,893.0,9.0,297.67,0
CYBERCITY_VASANTH_NAGAR,initial greater-Hyderabad study area,TGSPDCL,CYBERCITY,GACHIBOWLI,CHANDA NAGAR,VASANTH NAGAR,2023-09-01,2023,9,2,0,3,3.0,False,862.0,9.0,287.33,0
CYBERCITY_VASANTH_NAGAR,initial greater-Hyderabad study area,TGSPDCL,CYBERCITY,GACHIBOWLI,CHANDA NAGAR,VASANTH NAGAR,2023-10-01,2023,10,2,0,3,3.0,False,607.0,9.0,202.33,0
CYBERCITY_VASANTH_NAGAR,initial greater-Hyderabad study area,TGSPDCL,CYBERCITY,GACHIBOWLI,CHANDA NAGAR,VASANTH NAGAR,2023-11-01,2023,11,2,0,3,3.0,False,602.0,9.0,200.67,0
CYBERCITY_VASANTH_NAGAR,initial greater-Hyderabad study area,TGSPDCL,CYBERCITY,GACHIBOWLI,CHANDA NAGAR,VASANTH NAGAR,2023-12-01,2023,12,2,0,3,3.0,False,1184.0,9.0,394.67,0
CYBERCITY_VASANTH_NAGAR,initial greater-Hyderabad study area,TGSPDCL,CYBERCITY,GACHIBOWLI,CHANDA NAGAR,VASANTH NAGAR,2024-01-01,2024,1,2,0,3,3.0,False,621.0,9.0,207.0,0
CYBERCITY_VASANTH_NAGAR,initial greater-Hyderabad study area,TGSPDCL,CYBERCITY,GACHIBOWLI,CHANDA NAGAR,VASANTH NAGAR,2024-02-01,2024,2,2,0,3,3.0,False,2399.0,9.0,799.67,0
CYBERCITY_VASANTH_NAGAR,initial greater-Hyderabad study area,TGSPDCL,CYBERCITY,GACHIBOWLI,CHANDA NAGAR,VASANTH NAGAR,2024-03-01,2024,3,2,0,3,3.0,False,1899.0,9.0,633.0,0
CYBERCITY_VASANTH_NAGAR,initial greater-Hyderabad study area,TGSPDCL,CYBERCITY,GACHIBOWLI,CHANDA NAGAR,VASANTH NAGAR,2024-04-01,2024,4,2,0,3,3.0,False,2850.0,9.0,950.0,0
CYBERCITY_VASANTH_NAGAR,initial greater-Hyderabad study area,TGSPDCL,CYBERCITY,GACHIBOWLI,CHANDA NAGAR,VASANTH NAGAR,2024-05-01,2024,5,2,0,3,3.0,False,2621.0,9.0,873.67,0
CYBERCITY_VASANTH_NAGAR,initial greater-Hyderabad study area,TGSPDCL,CYBERCITY,GACHIBOWLI,CHANDA NAGAR,VASANTH NAGAR,2024-06-01,2024,6,2,0,3,3.0,False,2040.0,9.0,680.0,0
CYBERCITY_VASANTH_NAGAR,initial greater-Hyderabad study area,TGSPDCL,CYBERCITY,GACHIBOWLI,CHANDA NAGAR,VASANTH NAGAR,2024-07-01,2024,7,2,0,3,3.0,False,1315.0,9.0,438.33,0
CYBERCITY_VASANTH_NAGAR,initial greater-Hyderabad study area,TGSPDCL,CYBERCITY,GACHIBOWLI,CHANDA NAGAR,VASANTH NAGAR,2024-08-01,2024,8,2,0,3,3.0,False,1467.0,9.0,489.0,0
CYBERCITY_VASANTH_NAGAR,initial greater-Hyderabad study area,TGSPDCL,CYBERCITY,GACHIBOWLI,CHANDA NAGAR,VASANTH NAGAR,2024-09-01,2024,9,2,1,3,3.0,False,1522.0,9.0,507.33,0
CYBERCITY_VASANTH_NAGAR,initial greater-Hyderabad study area,TGSPDCL,CYBERCITY,GACHIBOWLI,CHANDA NAGAR,VASANTH NAGAR,2024-10-01,2024,10,2,0,3,3.0,False,1791.0,9.0,597.0,0
CYBERCITY_VASANTH_NAGAR,initial greater-Hyderabad study area,TGSPDCL,CYBERCITY,GACHIBOWLI,CHANDA NAGAR,VASANTH NAGAR,2024-11-01,2024,11,2,0,3,3.0,False,2079.0,9.0,693.0,0
CYBERCITY_VASANTH_NAGAR,initial greater-Hyderabad study area,TGSPDCL,CYBERCITY,GACHIBOWLI,CHANDA NAGAR,VASANTH NAGAR,2024-12-01,2024,12,2,0,3,3.0,False,2305.0,9.0,768.33,0
CYBERCITY_VASANTH_NAGAR,initial greater-Hyderabad study area,TGSPDCL,CYBERCITY,GACHIBOWLI,CHANDA NAGAR,VASANTH NAGAR,2025-01-01,2025,1,2,0,3,3.0,False,2942.0,9.0,980.67,0
CYBERCITY_VASANTH_NAGAR,initial greater-Hyderabad study area,TGSPDCL,CYBERCITY,GACHIBOWLI,CHANDA NAGAR,VASANTH NAGAR,2025-02-01,2025,2,2,1,3,3.0,False,2614.0,9.0,871.33,0
CYBERCITY_VASANTH_NAGAR,initial greater-Hyderabad study area,TGSPDCL,CYBERCITY,GACHIBOWLI,CHANDA NAGAR,VASANTH NAGAR,2025-03-01,2025,3,2,1,3,3.0,False,2874.0,9.0,958.0,0
CYBERCITY_VASANTH_NAGAR,initial greater-Hyderabad study area,TGSPDCL,CYBERCITY,GACHIBOWLI,CHANDA NAGAR,VASANTH NAGAR,2025-04-01,2025,4,2,1,3,3.0,False,3399.0,9.0,1133.0,0
CYBERCITY_VASANTH_NAGAR,initial greater-Hyderabad study area,TGSPDCL,CYBERCITY,GACHIBOWLI,CHANDA NAGAR,VASANTH NAGAR,2025-05-01,2025,5,2,1,3,3.0,False,2962.0,9.0,987.33,0
CYBERCITY_VASANTH_NAGAR,initial greater-Hyderabad study area,TGSPDCL,CYBERCITY,GACHIBOWLI,CHANDA NAGAR,VASANTH NAGAR,2025-06-01,2025,6,2,1,3,3.0,False,4328.0,9.0,1442.67,0
CYBERCITY_VASANTH_NAGAR,initial greater-Hyderabad study area,TGSPDCL,CYBERCITY,GACHIBOWLI,CHANDA NAGAR,VASANTH NAGAR,2025-07-01,2025,7,2,1,3,3.0,False,6240.0,9.0,2080.0,0
CYBERCITY_VASANTH_NAGAR,initial greater-Hyderabad study area,TGSPDCL,CYBERCITY,GACHIBOWLI,CHANDA NAGAR,VASANTH NAGAR,2025-08-01,2025,8,2,1,3,3.0,False,10224.0,38.0,3408.0,0
CYBERCITY_VASANTH_NAGAR,initial greater-Hyderabad study area,TGSPDCL,CYBERCITY,GACHIBOWLI,CHANDA NAGAR,VASANTH NAGAR,2025-09-01,2025,9,2,1,3,3.0,False,10344.0,38.0,3448.0,0
CYBERCITY_VASANTH_NAGAR,initial greater-Hyderabad study area,TGSPDCL,CYBERCITY,GACHIBOWLI,CHANDA NAGAR,VASANTH NAGAR,2025-10-01,2025,10,2,1,3,3.0,False,9175.0,38.0,3058.33,0
CYBERCITY_VASANTH_NAGAR,initial greater-Hyderabad study area,TGSPDCL,CYBERCITY,GACHIBOWLI,CHANDA NAGAR,VASANTH NAGAR,2025-11-01,2025,11,2,1,3,3.0,False,8298.0,38.0,2766.0,0
CYBERCITY_VASANTH_NAGAR,initial greater-Hyderabad study area,TGSPDCL,CYBERCITY,GACHIBOWLI,CHANDA NAGAR,VASANTH NAGAR,2025-12-01,2025,12,2,1,3,3.0,False,7843.0,38.0,2614.33,0
CYBERCITY_VASANTH_NAGAR,initial greater-Hyderabad study area,TGSPDCL,CYBERCITY,GACHIBOWLI,CHANDA NAGAR,VASANTH NAGAR,2026-01-01,2026,1,2,1,3,3.0,False,9094.0,38.0,3031.33,0
CYBERCITY_VASANTH_NAGAR,initial greater-Hyderabad study area,TGSPDCL,CYBERCITY,GACHIBOWLI,CHANDA NAGAR,VASANTH NAGAR,2026-02-01,2026,2,2,1,3,3.0,False,7404.0,38.0,2468.0,0
CYBERCITY_VASANTH_NAGAR,initial greater-Hyderabad study area,TGSPDCL,CYBERCITY,GACHIBOWLI,CHANDA NAGAR,VASANTH NAGAR,2026-03-01,2026,3,2,1,3,3.0,False,8123.0,38.0,2707.67,0
CYBERCITY_VASANTH_NAGAR,initial greater-Hyderabad study area,TGSPDCL,CYBERCITY,GACHIBOWLI,CHANDA NAGAR,VASANTH NAGAR,2026-04-01,2026,4,2,1,3,3.0,False,6332.0,38.0,2110.67,0
CYBERCITY_VASANTH_NAGAR,initial greater-Hyderabad study area,TGSPDCL,CYBERCITY,GACHIBOWLI,CHANDA NAGAR,VASANTH NAGAR,2026-05-01,2026,5,2,1,3,3.0,False,7090.0,38.0,2363.33,0
CYBERCITY_VASANTH_NAGAR,initial greater-Hyderabad study area,TGSPDCL,CYBERCITY,GACHIBOWLI,CHANDA NAGAR,VASANTH NAGAR,2026-06-01,2026,6,2,1,3,3.0,False,8795.0,38.0,2931.67,0
CYBERCITY_VASANTH_NAGAR,initial greater-Hyderabad study area,TGSPDCL,CYBERCITY,GACHIBOWLI,CHANDA NAGAR,VASANTH NAGAR,2026-07-01,2026,7,2,1,3,3.0,False,10162.0,38.0,3387.33,0
CYBERCITY_VASANTH_NAGAR,initial greater-Hyderabad study area,TGSPDCL,CYBERCITY,GACHIBOWLI,CHANDA NAGAR,VASANTH NAGAR,2026-08-01,2026,8,2,1,3,3.0,False,9881.0,38.0,3293.67,0
CYBERCITY_WHITE_FIELD,initial greater-Hyderabad study area,TGSPDCL,CYBERCITY,KONDAPUR,KONDAPUR,WHITE FIELD,2023-09-01,2023,9,1,1,1,,True,0.0,54.0,0.0,0
CYBERCITY_WHITE_FIELD,initial greater-Hyderabad study area,TGSPDCL,CYBERCITY,KONDAPUR,KONDAPUR,WHITE FIELD,2023-10-01,2023,10,1,1,1,1.0,False,0.0,54.0,0.0,0
CYBERCITY_WHITE_FIELD,initial greater-Hyderabad study area,TGSPDCL,CYBERCITY,KONDAPUR,KONDAPUR,WHITE FIELD,2023-11-01,2023,11,2,2,2,1.0,True,0.0,106.0,0.0,0
CYBERCITY_WHITE_FIELD,initial greater-Hyderabad study area,TGSPDCL,CYBERCITY,KONDAPUR,KONDAPUR,WHITE FIELD,2023-12-01,2023,12,2,2,2,2.0,False,0.0,106.0,0.0,0
CYBERCITY_WHITE_FIELD,initial greater-Hyderabad study area,TGSPDCL,CYBERCITY,KONDAPUR,KONDAPUR,WHITE FIELD,2024-01-01,2024,1,2,0,2,2.0,False,4.0,106.0,2.0,0
CYBERCITY_WHITE_FIELD,initial greater-Hyderabad study area,TGSPDCL,CYBERCITY,KONDAPUR,KONDAPUR,WHITE FIELD,2024-02-01,2024,2,2,0,2,2.0,False,3242.0,106.0,1621.0,0
CYBERCITY_WHITE_FIELD,initial greater-Hyderabad study area,TGSPDCL,CYBERCITY,KONDAPUR,KONDAPUR,WHITE FIELD,2024-03-01,2024,3,2,0,2,2.0,False,271.0,106.0,135.5,0
CYBERCITY_WHITE_FIELD,initial greater-Hyderabad study area,TGSPDCL,CYBERCITY,KONDAPUR,KONDAPUR,WHITE FIELD,2024-04-01,2024,4,2,0,2,2.0,False,4415.0,106.0,2207.5,0
CYBERCITY_WHITE_FIELD,initial greater-Hyderabad study area,TGSPDCL,CYBERCITY,KONDAPUR,KONDAPUR,WHITE FIELD,2024-05-01,2024,5,2,0,2,2.0,False,12162.0,106.0,6081.0,0
CYBERCITY_WHITE_FIELD,initial greater-Hyderabad study area,TGSPDCL,CYBERCITY,KONDAPUR,KONDAPUR,WHITE FIELD,2024-06-01,2024,6,2,0,2,2.0,False,12072.0,106.0,6036.0,0
CYBERCITY_WHITE_FIELD,initial greater-Hyderabad study area,TGSPDCL,CYBERCITY,KONDAPUR,KONDAPUR,WHITE FIELD,2024-07-01,2024,7,2,0,2,2.0,False,6398.0,106.0,3199.0,0
CYBERCITY_WHITE_FIELD,initial greater-Hyderabad study area,TGSPDCL,CYBERCITY,KONDAPUR,KONDAPUR,WHITE FIELD,2024-08-01,2024,8,2,0,2,2.0,False,12968.0,106.0,6484.0,0
CYBERCITY_WHITE_FIELD,initial greater-Hyderabad study area,TGSPDCL,CYBERCITY,KONDAPUR,KONDAPUR,WHITE FIELD,2024-09-01,2024,9,2,1,2,2.0,False,10433.0,106.0,5216.5,0
CYBERCITY_WHITE_FIELD,initial greater-Hyderabad study area,TGSPDCL,CYBERCITY,KONDAPUR,KONDAPUR,WHITE FIELD,2024-10-01,2024,10,2,1,2,2.0,False,3585.0,106.0,1792.5,0
CYBERCITY_WHITE_FIELD,initial greater-Hyderabad study area,TGSPDCL,CYBERCITY,KONDAPUR,KONDAPUR,WHITE FIELD,2024-11-01,2024,11,2,2,2,2.0,False,0.0,106.0,0.0,0
CYBERCITY_WHITE_FIELD,initial greater-Hyderabad study area,TGSPDCL,CYBERCITY,KONDAPUR,KONDAPUR,WHITE FIELD,2024-12-01,2024,12,2,1,2,2.0,False,6436.0,106.0,3218.0,0
CYBERCITY_WHITE_FIELD,initial greater-Hyderabad study area,TGSPDCL,CYBERCITY,KONDAPUR,KONDAPUR,WHITE FIELD,2025-01-01,2025,1,2,1,2,2.0,False,2989.0,106.0,1494.5,0
CYBERCITY_WHITE_FIELD,initial greater-Hyderabad study area,TGSPDCL,CYBERCITY,KONDAPUR,KONDAPUR,WHITE FIELD,2025-02-01,2025,2,2,1,2,2.0,False,3494.0,106.0,1747.0,0
CYBERCITY_WHITE_FIELD,initial greater-Hyderabad study area,TGSPDCL,CYBERCITY,KONDAPUR,KONDAPUR,WHITE FIELD,2025-03-01,2025,3,2,1,2,2.0,False,6471.0,106.0,3235.5,0
CYBERCITY_WHITE_FIELD,initial greater-Hyderabad study area,TGSPDCL,CYBERCITY,KONDAPUR,KONDAPUR,WHITE FIELD,2025-04-01,2025,4,2,1,2,2.0,False,7801.0,106.0,3900.5,0
CYBERCITY_WHITE_FIELD,initial greater-Hyderabad study area,TGSPDCL,CYBERCITY,KONDAPUR,KONDAPUR,WHITE FIELD,2025-05-01,2025,5,2,1,2,2.0,False,4060.0,106.0,2030.0,0
CYBERCITY_WHITE_FIELD,initial greater-Hyderabad study area,TGSPDCL,CYBERCITY,KONDAPUR,KONDAPUR,WHITE FIELD,2025-06-01,2025,6,2,1,2,2.0,False,9184.0,106.0,4592.0,0
CYBERCITY_WHITE_FIELD,initial greater-Hyderabad study area,TGSPDCL,CYBERCITY,KONDAPUR,KONDAPUR,WHITE FIELD,2025-07-01,2025,7,2,1,3,2.0,False,6589.0,158.0,2196.33,0
CYBERCITY_WHITE_FIELD,initial greater-Hyderabad study area,TGSPDCL,CYBERCITY,KONDAPUR,KONDAPUR,WHITE FIELD,2025-08-01,2025,8,2,1,3,3.0,False,2384.0,158.0,794.67,0
CYBERCITY_WHITE_FIELD,initial greater-Hyderabad study area,TGSPDCL,CYBERCITY,KONDAPUR,KONDAPUR,WHITE FIELD,2025-09-01,2025,9,2,1,3,3.0,False,3963.0,158.0,1321.0,0
CYBERCITY_WHITE_FIELD,initial greater-Hyderabad study area,TGSPDCL,CYBERCITY,KONDAPUR,KONDAPUR,WHITE FIELD,2025-10-01,2025,10,2,1,3,3.0,False,3134.0,158.0,1044.67,0
CYBERCITY_WHITE_FIELD,initial greater-Hyderabad study area,TGSPDCL,CYBERCITY,KONDAPUR,KONDAPUR,WHITE FIELD,2025-11-01,2025,11,2,1,3,3.0,False,6878.0,158.0,2292.67,0
CYBERCITY_WHITE_FIELD,initial greater-Hyderabad study area,TGSPDCL,CYBERCITY,KONDAPUR,KONDAPUR,WHITE FIELD,2025-12-01,2025,12,2,1,3,3.0,False,8435.0,158.0,2811.67,0
CYBERCITY_WHITE_FIELD,initial greater-Hyderabad study area,TGSPDCL,CYBERCITY,KONDAPUR,KONDAPUR,WHITE FIELD,2026-01-01,2026,1,2,1,3,3.0,False,8096.0,158.0,2698.67,0
CYBERCITY_WHITE_FIELD,initial greater-Hyderabad study area,TGSPDCL,CYBERCITY,KONDAPUR,KONDAPUR,WHITE FIELD,2026-02-01,2026,2,3,1,4,4.0,False,12188.0,211.0,3047.0,0
CYBERCITY_WHITE_FIELD,initial greater-Hyderabad study area,TGSPDCL,CYBERCITY,KONDAPUR,KONDAPUR,WHITE FIELD,2026-03-01,2026,3,3,1,4,4.0,False,22452.0,211.0,5613.0,0
CYBERCITY_WHITE_FIELD,initial greater-Hyderabad study area,TGSPDCL,CYBERCITY,KONDAPUR,KONDAPUR,WHITE FIELD,2026-04-01,2026,4,3,1,4,4.0,False,37928.0,211.0,9482.0,0
CYBERCITY_WHITE_FIELD,initial greater-Hyderabad study area,TGSPDCL,CYBERCITY,KONDAPUR,KONDAPUR,WHITE FIELD,2026-05-01,2026,5,3,1,4,4.0,False,45933.0,211.0,11483.25,0
CYBERCITY_WHITE_FIELD,initial greater-Hyderabad study area,TGSPDCL,CYBERCITY,KONDAPUR,KONDAPUR,WHITE FIELD,2026-06-01,2026,6,3,1,4,4.0,False,55711.0,211.0,13927.75,0
CYBERCITY_WHITE_FIELD,initial greater-Hyderabad study area,TGSPDCL,CYBERCITY,KONDAPUR,KONDAPUR,WHITE FIELD,2026-07-01,2026,7,3,1,4,4.0,False,56784.0,211.0,14196.0,0
CYBERCITY_WHITE_FIELD,initial greater-Hyderabad study area,TGSPDCL,CYBERCITY,KONDAPUR,KONDAPUR,WHITE FIELD,2026-08-01,2026,8,3,1,4,4.0,False,49948.0,211.0,12487.0,0
HABSIGUDA_A_S_RAO_NAGAR,initial greater-Hyderabad study area,TGSPDCL,HABSIGUDA,SAINIKPURI,A S RAO NAGAR,A S RAO NAGAR,2023-01-01,2023,1,1,0,1,1.0,False,195.0,22.0,195.0,0
HABSIGUDA_A_S_RAO_NAGAR,initial greater-Hyderabad study area,TGSPDCL,HABSIGUDA,SAINIKPURI,A S RAO NAGAR,A S RAO NAGAR,2023-02-01,2023,2,1,0,1,1.0,False,50.0,22.0,50.0,0
HABSIGUDA_A_S_RAO_NAGAR,initial greater-Hyderabad study area,TGSPDCL,HABSIGUDA,SAINIKPURI,A S RAO NAGAR,A S RAO NAGAR,2023-03-01,2023,3,1,0,1,1.0,False,20.0,22.0,20.0,0
HABSIGUDA_A_S_RAO_NAGAR,initial greater-Hyderabad study area,TGSPDCL,HABSIGUDA,SAINIKPURI,A S RAO NAGAR,A S RAO NAGAR,2023-04-01,2023,4,1,0,1,1.0,False,212.0,22.0,212.0,0
HABSIGUDA_A_S_RAO_NAGAR,initial greater-Hyderabad study area,TGSPDCL,HABSIGUDA,SAINIKPURI,A S RAO NAGAR,A S RAO NAGAR,2023-05-01,2023,5,1,0,1,1.0,False,256.0,22.0,256.0,0
HABSIGUDA_A_S_RAO_NAGAR,initial greater-Hyderabad study area,TGSPDCL,HABSIGUDA,SAINIKPURI,A S RAO NAGAR,A S RAO NAGAR,2023-06-01,2023,6,1,0,1,1.0,False,35.0,22.0,35.0,0
HABSIGUDA_A_S_RAO_NAGAR,initial greater-Hyderabad study area,TGSPDCL,HABSIGUDA,SAINIKPURI,A S RAO NAGAR,A S RAO NAGAR,2023-07-01,2023,7,1,0,1,1.0,False,7.0,22.0,7.0,0
HABSIGUDA_A_S_RAO_NAGAR,initial greater-Hyderabad study area,TGSPDCL,HABSIGUDA,SAINIKPURI,A S RAO NAGAR,A S RAO NAGAR,2023-08-01,2023,8,2,1,2,1.0,True,1.0,76.0,0.5,0
HABSIGUDA_A_S_RAO_NAGAR,initial greater-Hyderabad study area,TGSPDCL,HABSIGUDA,SAINIKPURI,A S RAO NAGAR,A S RAO NAGAR,2023-09-01,2023,9,2,1,2,2.0,False,1.0,76.0,0.5,0
HABSIGUDA_A_S_RAO_NAGAR,initial greater-Hyderabad study area,TGSPDCL,HABSIGUDA,SAINIKPURI,A S RAO NAGAR,A S RAO NAGAR,2023-10-01,2023,10,3,2,3,2.0,True,135.0,130.0,45.0,0
HABSIGUDA_A_S_RAO_NAGAR,initial greater-Hyderabad study area,TGSPDCL,HABSIGUDA,SAINIKPURI,A S RAO NAGAR,A S RAO NAGAR,2023-11-01,2023,11,3,0,3,3.0,False,366.0,130.0,122.0,0
HABSIGUDA_A_S_RAO_NAGAR,initial greater-Hyderabad study area,TGSPDCL,HABSIGUDA,SAINIKPURI,A S RAO NAGAR,A S RAO NAGAR,2023-12-01,2023,12,3,0,3,3.0,False,1127.0,130.0,375.67,0
HABSIGUDA_A_S_RAO_NAGAR,initial greater-Hyderabad study area,TGSPDCL,HABSIGUDA,SAINIKPURI,A S RAO NAGAR,A S RAO NAGAR,2024-01-01,2024,1,3,0,3,3.0,False,1424.0,130.0,474.67,0
HABSIGUDA_A_S_RAO_NAGAR,initial greater-Hyderabad study area,TGSPDCL,HABSIGUDA,SAINIKPURI,A S RAO NAGAR,A S RAO NAGAR,2024-02-01,2024,2,3,0,3,3.0,False,2013.0,130.0,671.0,0
HABSIGUDA_A_S_RAO_NAGAR,initial greater-Hyderabad study area,TGSPDCL,HABSIGUDA,SAINIKPURI,A S RAO NAGAR,A S RAO NAGAR,2024-03-01,2024,3,3,0,3,3.0,False,2924.0,130.0,974.67,0
HABSIGUDA_A_S_RAO_NAGAR,initial greater-Hyderabad study area,TGSPDCL,HABSIGUDA,SAINIKPURI,A S RAO NAGAR,A S RAO NAGAR,2024-04-01,2024,4,3,0,3,3.0,False,3818.0,130.0,1272.67,0
HABSIGUDA_A_S_RAO_NAGAR,initial greater-Hyderabad study area,TGSPDCL,HABSIGUDA,SAINIKPURI,A S RAO NAGAR,A S RAO NAGAR,2024-05-01,2024,5,3,0,3,3.0,False,5454.0,130.0,1818.0,0
HABSIGUDA_A_S_RAO_NAGAR,initial greater-Hyderabad study area,TGSPDCL,HABSIGUDA,SAINIKPURI,A S RAO NAGAR,A S RAO NAGAR,2024-06-01,2024,6,3,0,3,3.0,False,3377.0,130.0,1125.67,0
HABSIGUDA_A_S_RAO_NAGAR,initial greater-Hyderabad study area,TGSPDCL,HABSIGUDA,SAINIKPURI,A S RAO NAGAR,A S RAO NAGAR,2024-07-01,2024,7,4,0,4,4.0,False,7353.0,147.0,1838.25,0
HABSIGUDA_A_S_RAO_NAGAR,initial greater-Hyderabad study area,TGSPDCL,HABSIGUDA,SAINIKPURI,A S RAO NAGAR,A S RAO NAGAR,2024-08-01,2024,8,4,0,4,4.0,False,9204.0,147.0,2301.0,0
HABSIGUDA_A_S_RAO_NAGAR,initial greater-Hyderabad study area,TGSPDCL,HABSIGUDA,SAINIKPURI,A S RAO NAGAR,A S RAO NAGAR,2024-09-01,2024,9,4,0,4,4.0,False,10506.0,147.0,2626.5,0
HABSIGUDA_A_S_RAO_NAGAR,initial greater-Hyderabad study area,TGSPDCL,HABSIGUDA,SAINIKPURI,A S RAO NAGAR,A S RAO NAGAR,2024-10-01,2024,10,4,0,4,4.0,False,7184.0,147.0,1796.0,0
HABSIGUDA_A_S_RAO_NAGAR,initial greater-Hyderabad study area,TGSPDCL,HABSIGUDA,SAINIKPURI,A S RAO NAGAR,A S RAO NAGAR,2024-11-01,2024,11,4,0,4,4.0,False,7603.0,147.0,1900.75,0
HABSIGUDA_A_S_RAO_NAGAR,initial greater-Hyderabad study area,TGSPDCL,HABSIGUDA,SAINIKPURI,A S RAO NAGAR,A S RAO NAGAR,2024-12-01,2024,12,4,0,4,4.0,False,7440.0,147.0,1860.0,0
HABSIGUDA_A_S_RAO_NAGAR,initial greater-Hyderabad study area,TGSPDCL,HABSIGUDA,SAINIKPURI,A S RAO NAGAR,A S RAO NAGAR,2025-01-01,2025,1,4,0,4,4.0,False,7265.0,147.0,1816.25,0
HABSIGUDA_A_S_RAO_NAGAR,initial greater-Hyderabad study area,TGSPDCL,HABSIGUDA,SAINIKPURI,A S RAO NAGAR,A S RAO NAGAR,2025-02-01,2025,2,4,0,4,4.0,False,9445.0,147.0,2361.25,0
HABSIGUDA_A_S_RAO_NAGAR,initial greater-Hyderabad study area,TGSPDCL,HABSIGUDA,SAINIKPURI,A S RAO NAGAR,A S RAO NAGAR,2025-03-01,2025,3,4,0,4,4.0,False,10282.0,147.0,2570.5,0
HABSIGUDA_A_S_RAO_NAGAR,initial greater-Hyderabad study area,TGSPDCL,HABSIGUDA,SAINIKPURI,A S RAO NAGAR,A S RAO NAGAR,2025-04-01,2025,4,4,0,4,4.0,False,12605.0,147.0,3151.25,0
HABSIGUDA_A_S_RAO_NAGAR,initial greater-Hyderabad study area,TGSPDCL,HABSIGUDA,SAINIKPURI,A S RAO NAGAR,A S RAO NAGAR,2025-05-01,2025,5,4,0,4,4.0,False,12845.0,147.0,3211.25,0
HABSIGUDA_A_S_RAO_NAGAR,initial greater-Hyderabad study area,TGSPDCL,HABSIGUDA,SAINIKPURI,A S RAO NAGAR,A S RAO NAGAR,2025-06-01,2025,6,4,0,4,4.0,False,12700.0,147.0,3175.0,0
HABSIGUDA_A_S_RAO_NAGAR,initial greater-Hyderabad study area,TGSPDCL,HABSIGUDA,SAINIKPURI,A S RAO NAGAR,A S RAO NAGAR,2025-07-01,2025,7,4,0,4,4.0,False,9565.0,147.0,2391.25,0
HABSIGUDA_A_S_RAO_NAGAR,initial greater-Hyderabad study area,TGSPDCL,HABSIGUDA,SAINIKPURI,A S RAO NAGAR,A S RAO NAGAR,2025-08-01,2025,8,4,0,4,4.0,False,9208.0,147.0,2302.0,0
HABSIGUDA_A_S_RAO_NAGAR,initial greater-Hyderabad study area,TGSPDCL,HABSIGUDA,SAINIKPURI,A S RAO NAGAR,A S RAO NAGAR,2025-09-01,2025,9,4,0,4,4.0,False,9310.0,147.0,2327.5,0
HABSIGUDA_A_S_RAO_NAGAR,initial greater-Hyderabad study area,TGSPDCL,HABSIGUDA,SAINIKPURI,A S RAO NAGAR,A S RAO NAGAR,2025-10-01,2025,10,4,0,4,4.0,False,11065.0,147.0,2766.25,0
HABSIGUDA_A_S_RAO_NAGAR,initial greater-Hyderabad study area,TGSPDCL,HABSIGUDA,SAINIKPURI,A S RAO NAGAR,A S RAO NAGAR,2025-11-01,2025,11,4,0,4,4.0,False,15273.0,147.0,3818.25,0
HABSIGUDA_A_S_RAO_NAGAR,initial greater-Hyderabad study area,TGSPDCL,HABSIGUDA,SAINIKPURI,A S RAO NAGAR,A S RAO NAGAR,2025-12-01,2025,12,4,0,4,4.0,False,15582.0,147.0,3895.5,0
HABSIGUDA_A_S_RAO_NAGAR,initial greater-Hyderabad study area,TGSPDCL,HABSIGUDA,SAINIKPURI,A S RAO NAGAR,A S RAO NAGAR,2026-01-01,2026,1,4,0,4,4.0,False,17143.0,147.0,4285.75,0
HABSIGUDA_A_S_RAO_NAGAR,initial greater-Hyderabad study area,TGSPDCL,HABSIGUDA,SAINIKPURI,A S RAO NAGAR,A S RAO NAGAR,2026-02-01,2026,2,4,0,4,4.0,False,13684.0,147.0,3421.0,0
HABSIGUDA_A_S_RAO_NAGAR,initial greater-Hyderabad study area,TGSPDCL,HABSIGUDA,SAINIKPURI,A S RAO NAGAR,A S RAO NAGAR,2026-03-01,2026,3,4,1,4,4.0,False,13788.0,147.0,3447.0,0
HABSIGUDA_A_S_RAO_NAGAR,initial greater-Hyderabad study area,TGSPDCL,HABSIGUDA,SAINIKPURI,A S RAO NAGAR,A S RAO NAGAR,2026-04-01,2026,4,4,1,4,4.0,False,17933.0,147.0,4483.25,0
HABSIGUDA_A_S_RAO_NAGAR,initial greater-Hyderabad study area,TGSPDCL,HABSIGUDA,SAINIKPURI,A S RAO NAGAR,A S RAO NAGAR,2026-05-01,2026,5,4,0,4,4.0,False,20569.0,147.0,5142.25,0
HABSIGUDA_A_S_RAO_NAGAR,initial greater-Hyderabad study area,TGSPDCL,HABSIGUDA,SAINIKPURI,A S RAO NAGAR,A S RAO NAGAR,2026-06-01,2026,6,4,2,4,4.0,False,13441.0,147.0,3360.25,0
HABSIGUDA_A_S_RAO_NAGAR,initial greater-Hyderabad study area,TGSPDCL,HABSIGUDA,SAINIKPURI,A S RAO NAGAR,A S RAO NAGAR,2026-07-01,2026,7,4,2,4,4.0,False,10528.0,147.0,2632.0,0
HABSIGUDA_A_S_RAO_NAGAR,initial greater-Hyderabad study area,TGSPDCL,HABSIGUDA,SAINIKPURI,A S RAO NAGAR,A S RAO NAGAR,2026-08-01,2026,8,4,1,4,4.0,False,12201.0,147.0,3050.25,0
HABSIGUDA_BODUPPAL,initial greater-Hyderabad study area,TGSPDCL,HABSIGUDA,HABSIGUDA,UPPAL,BODUPPAL,2025-04-01,2025,4,1,0,1,1.0,False,29.0,54.0,29.0,0
HABSIGUDA_BODUPPAL,initial greater-Hyderabad study area,TGSPDCL,HABSIGUDA,HABSIGUDA,UPPAL,BODUPPAL,2025-05-01,2025,5,1,1,1,1.0,False,0.0,54.0,0.0,0
HABSIGUDA_BODUPPAL,initial greater-Hyderabad study area,TGSPDCL,HABSIGUDA,HABSIGUDA,UPPAL,BODUPPAL,2025-06-01,2025,6,1,1,1,1.0,False,0.0,54.0,0.0,0
HABSIGUDA_BODUPPAL,initial greater-Hyderabad study area,TGSPDCL,HABSIGUDA,HABSIGUDA,UPPAL,BODUPPAL,2025-07-01,2025,7,1,0,1,1.0,False,2.0,54.0,2.0,0
HABSIGUDA_BODUPPAL,initial greater-Hyderabad study area,TGSPDCL,HABSIGUDA,HABSIGUDA,UPPAL,BODUPPAL,2025-08-01,2025,8,1,1,1,1.0,False,0.0,54.0,0.0,0
HABSIGUDA_BODUPPAL,initial greater-Hyderabad study area,TGSPDCL,HABSIGUDA,HABSIGUDA,UPPAL,BODUPPAL,2025-09-01,2025,9,1,0,1,1.0,False,151.0,54.0,151.0,0
HABSIGUDA_BODUPPAL,initial greater-Hyderabad study area,TGSPDCL,HABSIGUDA,HABSIGUDA,UPPAL,BODUPPAL,2025-10-01,2025,10,1,0,1,1.0,False,1042.0,54.0,1042.0,0
HABSIGUDA_BODUPPAL,initial greater-Hyderabad study area,TGSPDCL,HABSIGUDA,HABSIGUDA,UPPAL,BODUPPAL,2025-11-01,2025,11,1,0,1,1.0,False,925.0,54.0,925.0,0
HABSIGUDA_BODUPPAL,initial greater-Hyderabad study area,TGSPDCL,HABSIGUDA,HABSIGUDA,UPPAL,BODUPPAL,2025-12-01,2025,12,1,0,1,1.0,False,806.0,54.0,806.0,0
HABSIGUDA_BODUPPAL,initial greater-Hyderabad study area,TGSPDCL,HABSIGUDA,HABSIGUDA,UPPAL,BODUPPAL,2026-01-01,2026,1,1,0,1,1.0,False,1554.0,54.0,1554.0,0
HABSIGUDA_BODUPPAL,initial greater-Hyderabad study area,TGSPDCL,HABSIGUDA,HABSIGUDA,UPPAL,BODUPPAL,2026-02-01,2026,2,1,0,1,1.0,False,1166.0,54.0,1166.0,0
HABSIGUDA_BODUPPAL,initial greater-Hyderabad study area,TGSPDCL,HABSIGUDA,HABSIGUDA,UPPAL,BODUPPAL,2026-03-01,2026,3,1,0,1,1.0,False,2141.0,54.0,2141.0,0
HABSIGUDA_BODUPPAL,initial greater-Hyderabad study area,TGSPDCL,HABSIGUDA,HABSIGUDA,UPPAL,BODUPPAL,2026-04-01,2026,4,1,0,1,1.0,False,1604.0,54.0,1604.0,0
HABSIGUDA_BODUPPAL,initial greater-Hyderabad study area,TGSPDCL,HABSIGUDA,HABSIGUDA,UPPAL,BODUPPAL,2026-05-01,2026,5,1,0,1,1.0,False,203.0,54.0,203.0,0
HABSIGUDA_BODUPPAL,initial greater-Hyderabad study area,TGSPDCL,HABSIGUDA,HABSIGUDA,UPPAL,BODUPPAL,2026-06-01,2026,6,1,0,1,1.0,False,2220.0,54.0,2220.0,0
HABSIGUDA_BODUPPAL,initial greater-Hyderabad study area,TGSPDCL,HABSIGUDA,HABSIGUDA,UPPAL,BODUPPAL,2026-07-01,2026,7,1,0,1,1.0,False,1548.0,54.0,1548.0,0
HABSIGUDA_BODUPPAL,initial greater-Hyderabad study area,TGSPDCL,HABSIGUDA,HABSIGUDA,UPPAL,BODUPPAL,2026-08-01,2026,8,1,0,1,1.0,False,1247.0,54.0,1247.0,0
HABSIGUDA_CHERLAPALLY_I,initial greater-Hyderabad study area,TGSPDCL,HABSIGUDA,SAINIKPURI,CHERLAPALLY,CHERLAPALLY-I,2023-09-01,2023,9,1,0,1,1.0,False,1.0,54.0,1.0,0
HABSIGUDA_CHERLAPALLY_I,initial greater-Hyderabad study area,TGSPDCL,HABSIGUDA,SAINIKPURI,CHERLAPALLY,CHERLAPALLY-I,2023-10-01,2023,10,1,1,1,1.0,False,0.0,54.0,0.0,0
HABSIGUDA_CHERLAPALLY_I,initial greater-Hyderabad study area,TGSPDCL,HABSIGUDA,SAINIKPURI,CHERLAPALLY,CHERLAPALLY-I,2023-11-01,2023,11,1,1,1,1.0,False,0.0,54.0,0.0,0
HABSIGUDA_CHERLAPALLY_I,initial greater-Hyderabad study area,TGSPDCL,HABSIGUDA,SAINIKPURI,CHERLAPALLY,CHERLAPALLY-I,2023-12-01,2023,12,1,0,1,1.0,False,175.0,54.0,175.0,0
HABSIGUDA_CHERLAPALLY_I,initial greater-Hyderabad study area,TGSPDCL,HABSIGUDA,SAINIKPURI,CHERLAPALLY,CHERLAPALLY-I,2024-01-01,2024,1,1,0,1,1.0,False,479.0,54.0,479.0,0
HABSIGUDA_CHERLAPALLY_I,initial greater-Hyderabad study area,TGSPDCL,HABSIGUDA,SAINIKPURI,CHERLAPALLY,CHERLAPALLY-I,2024-02-01,2024,2,1,0,1,1.0,False,407.0,54.0,407.0,0
HABSIGUDA_CHERLAPALLY_I,initial greater-Hyderabad study area,TGSPDCL,HABSIGUDA,SAINIKPURI,CHERLAPALLY,CHERLAPALLY-I,2024-03-01,2024,3,1,0,1,1.0,False,245.0,54.0,245.0,0
HABSIGUDA_CHERLAPALLY_I,initial greater-Hyderabad study area,TGSPDCL,HABSIGUDA,SAINIKPURI,CHERLAPALLY,CHERLAPALLY-I,2024-04-01,2024,4,1,0,1,1.0,False,279.0,54.0,279.0,0
HABSIGUDA_CHERLAPALLY_I,initial greater-Hyderabad study area,TGSPDCL,HABSIGUDA,SAINIKPURI,CHERLAPALLY,CHERLAPALLY-I,2024-05-01,2024,5,1,0,1,1.0,False,562.0,54.0,562.0,0
HABSIGUDA_CHERLAPALLY_I,initial greater-Hyderabad study area,TGSPDCL,HABSIGUDA,SAINIKPURI,CHERLAPALLY,CHERLAPALLY-I,2024-06-01,2024,6,1,0,1,1.0,False,174.0,54.0,174.0,0
HABSIGUDA_CHERLAPALLY_I,initial greater-Hyderabad study area,TGSPDCL,HABSIGUDA,SAINIKPURI,CHERLAPALLY,CHERLAPALLY-I,2024-07-01,2024,7,1,1,1,1.0,False,0.0,54.0,0.0,0
HABSIGUDA_CHERLAPALLY_I,initial greater-Hyderabad study area,TGSPDCL,HABSIGUDA,SAINIKPURI,CHERLAPALLY,CHERLAPALLY-I,2024-08-01,2024,8,1,1,1,1.0,False,0.0,54.0,0.0,0
HABSIGUDA_CHERLAPALLY_I,initial greater-Hyderabad study area,TGSPDCL,HABSIGUDA,SAINIKPURI,CHERLAPALLY,CHERLAPALLY-I,2024-09-01,2024,9,1,1,1,1.0,False,0.0,54.0,0.0,0
HABSIGUDA_CHERLAPALLY_I,initial greater-Hyderabad study area,TGSPDCL,HABSIGUDA,SAINIKPURI,CHERLAPALLY,CHERLAPALLY-I,2024-10-01,2024,10,1,0,1,1.0,False,69.0,54.0,69.0,0
HABSIGUDA_CHERLAPALLY_I,initial greater-Hyderabad study area,TGSPDCL,HABSIGUDA,SAINIKPURI,CHERLAPALLY,CHERLAPALLY-I,2024-11-01,2024,11,1,0,1,1.0,False,391.0,54.0,391.0,0
HABSIGUDA_CHERLAPALLY_I,initial greater-Hyderabad study area,TGSPDCL,HABSIGUDA,SAINIKPURI,CHERLAPALLY,CHERLAPALLY-I,2024-12-01,2024,12,1,0,1,1.0,False,1378.0,54.0,1378.0,0
HABSIGUDA_CHERLAPALLY_I,initial greater-Hyderabad study area,TGSPDCL,HABSIGUDA,SAINIKPURI,CHERLAPALLY,CHERLAPALLY-I,2025-01-01,2025,1,1,0,1,1.0,False,936.0,54.0,936.0,0
HABSIGUDA_CHERLAPALLY_I,initial greater-Hyderabad study area,TGSPDCL,HABSIGUDA,SAINIKPURI,CHERLAPALLY,CHERLAPALLY-I,2025-02-01,2025,2,1,0,1,1.0,False,1167.0,54.0,1167.0,0
HABSIGUDA_CHERLAPALLY_I,initial greater-Hyderabad study area,TGSPDCL,HABSIGUDA,SAINIKPURI,CHERLAPALLY,CHERLAPALLY-I,2025-03-01,2025,3,3,2,3,1.0,True,1562.0,162.0,520.67,0
HABSIGUDA_CHERLAPALLY_I,initial greater-Hyderabad study area,TGSPDCL,HABSIGUDA,SAINIKPURI,CHERLAPALLY,CHERLAPALLY-I,2025-04-01,2025,4,3,0,3,3.0,False,1505.0,162.0,501.67,0
HABSIGUDA_CHERLAPALLY_I,initial greater-Hyderabad study area,TGSPDCL,HABSIGUDA,SAINIKPURI,CHERLAPALLY,CHERLAPALLY-I,2025-05-01,2025,5,3,1,3,3.0,False,2737.0,162.0,912.33,0
HABSIGUDA_CHERLAPALLY_I,initial greater-Hyderabad study area,TGSPDCL,HABSIGUDA,SAINIKPURI,CHERLAPALLY,CHERLAPALLY-I,2025-06-01,2025,6,3,0,3,3.0,False,4648.0,162.0,1549.33,0
HABSIGUDA_CHERLAPALLY_I,initial greater-Hyderabad study area,TGSPDCL,HABSIGUDA,SAINIKPURI,CHERLAPALLY,CHERLAPALLY-I,2025-07-01,2025,7,3,1,3,3.0,False,1998.0,162.0,666.0,0
HABSIGUDA_CHERLAPALLY_I,initial greater-Hyderabad study area,TGSPDCL,HABSIGUDA,SAINIKPURI,CHERLAPALLY,CHERLAPALLY-I,2025-08-01,2025,8,3,0,3,3.0,False,7170.0,162.0,2390.0,0
HABSIGUDA_CHERLAPALLY_I,initial greater-Hyderabad study area,TGSPDCL,HABSIGUDA,SAINIKPURI,CHERLAPALLY,CHERLAPALLY-I,2025-09-01,2025,9,3,0,3,3.0,False,3712.0,162.0,1237.33,0
HABSIGUDA_CHERLAPALLY_I,initial greater-Hyderabad study area,TGSPDCL,HABSIGUDA,SAINIKPURI,CHERLAPALLY,CHERLAPALLY-I,2025-10-01,2025,10,3,1,3,3.0,False,6039.0,162.0,2013.0,0
HABSIGUDA_CHERLAPALLY_I,initial greater-Hyderabad study area,TGSPDCL,HABSIGUDA,SAINIKPURI,CHERLAPALLY,CHERLAPALLY-I,2025-11-01,2025,11,3,0,3,3.0,False,5865.0,162.0,1955.0,0
HABSIGUDA_CHERLAPALLY_I,initial greater-Hyderabad study area,TGSPDCL,HABSIGUDA,SAINIKPURI,CHERLAPALLY,CHERLAPALLY-I,2025-12-01,2025,12,3,0,3,3.0,False,6070.0,162.0,2023.33,0
HABSIGUDA_CHERLAPALLY_I,initial greater-Hyderabad study area,TGSPDCL,HABSIGUDA,SAINIKPURI,CHERLAPALLY,CHERLAPALLY-I,2026-01-01,2026,1,3,0,3,3.0,False,5723.0,162.0,1907.67,0
HABSIGUDA_CHERLAPALLY_I,initial greater-Hyderabad study area,TGSPDCL,HABSIGUDA,SAINIKPURI,CHERLAPALLY,CHERLAPALLY-I,2026-02-01,2026,2,3,0,3,3.0,False,5600.0,162.0,1866.67,0
HABSIGUDA_CHERLAPALLY_I,initial greater-Hyderabad study area,TGSPDCL,HABSIGUDA,SAINIKPURI,CHERLAPALLY,CHERLAPALLY-I,2026-03-01,2026,3,3,0,3,3.0,False,9130.0,162.0,3043.33,0
HABSIGUDA_CHERLAPALLY_I,initial greater-Hyderabad study area,TGSPDCL,HABSIGUDA,SAINIKPURI,CHERLAPALLY,CHERLAPALLY-I,2026-04-01,2026,4,3,0,3,3.0,False,10261.0,162.0,3420.33,0
HABSIGUDA_CHERLAPALLY_I,initial greater-Hyderabad study area,TGSPDCL,HABSIGUDA,SAINIKPURI,CHERLAPALLY,CHERLAPALLY-I,2026-05-01,2026,5,3,0,3,3.0,False,12195.0,162.0,4065.0,0
HABSIGUDA_CHERLAPALLY_I,initial greater-Hyderabad study area,TGSPDCL,HABSIGUDA,SAINIKPURI,CHERLAPALLY,CHERLAPALLY-I,2026-06-01,2026,6,3,0,3,3.0,False,11436.0,162.0,3812.0,0
HABSIGUDA_CHERLAPALLY_I,initial greater-Hyderabad study area,TGSPDCL,HABSIGUDA,SAINIKPURI,CHERLAPALLY,CHERLAPALLY-I,2026-07-01,2026,7,3,0,3,3.0,False,11710.0,162.0,3903.33,0
HABSIGUDA_CHERLAPALLY_I,initial greater-Hyderabad study area,TGSPDCL,HABSIGUDA,SAINIKPURI,CHERLAPALLY,CHERLAPALLY-I,2026-08-01,2026,8,3,1,3,3.0,False,10768.0,162.0,3589.33,0
HABSIGUDA_CHERLAPALLY_II,initial greater-Hyderabad study area,TGSPDCL,HABSIGUDA,SAINIKPURI,CHERLAPALLY,CHERLAPALLY-II,2023-12-01,2023,12,1,1,1,,True,0.0,40.0,0.0,0
HABSIGUDA_CHERLAPALLY_II,initial greater-Hyderabad study area,TGSPDCL,HABSIGUDA,SAINIKPURI,CHERLAPALLY,CHERLAPALLY-II,2024-01-01,2024,1,2,1,2,1.0,True,11.0,94.0,5.5,0
HABSIGUDA_CHERLAPALLY_II,initial greater-Hyderabad study area,TGSPDCL,HABSIGUDA,SAINIKPURI,CHERLAPALLY,CHERLAPALLY-II,2024-02-01,2024,2,2,1,2,2.0,False,1.0,94.0,0.5,0
HABSIGUDA_CHERLAPALLY_II,initial greater-Hyderabad study area,TGSPDCL,HABSIGUDA,SAINIKPURI,CHERLAPALLY,CHERLAPALLY-II,2024-03-01,2024,3,2,1,2,2.0,False,67.0,94.0,33.5,0
HABSIGUDA_CHERLAPALLY_II,initial greater-Hyderabad study area,TGSPDCL,HABSIGUDA,SAINIKPURI,CHERLAPALLY,CHERLAPALLY-II,2024-04-01,2024,4,2,1,2,2.0,False,282.0,94.0,141.0,0
HABSIGUDA_CHERLAPALLY_II,initial greater-Hyderabad study area,TGSPDCL,HABSIGUDA,SAINIKPURI,CHERLAPALLY,CHERLAPALLY-II,2024-05-01,2024,5,2,1,2,2.0,False,656.0,94.0,328.0,0
HABSIGUDA_CHERLAPALLY_II,initial greater-Hyderabad study area,TGSPDCL,HABSIGUDA,SAINIKPURI,CHERLAPALLY,CHERLAPALLY-II,2024-06-01,2024,6,2,1,2,2.0,False,1262.0,94.0,631.0,0
HABSIGUDA_CHERLAPALLY_II,initial greater-Hyderabad study area,TGSPDCL,HABSIGUDA,SAINIKPURI,CHERLAPALLY,CHERLAPALLY-II,2024-07-01,2024,7,2,1,2,2.0,False,1080.0,94.0,540.0,0
HABSIGUDA_CHERLAPALLY_II,initial greater-Hyderabad study area,TGSPDCL,HABSIGUDA,SAINIKPURI,CHERLAPALLY,CHERLAPALLY-II,2024-08-01,2024,8,2,1,2,2.0,False,1196.0,94.0,598.0,0
HABSIGUDA_CHERLAPALLY_II,initial greater-Hyderabad study area,TGSPDCL,HABSIGUDA,SAINIKPURI,CHERLAPALLY,CHERLAPALLY-II,2024-09-01,2024,9,2,1,2,2.0,False,1187.0,94.0,593.5,0
HABSIGUDA_CHERLAPALLY_II,initial greater-Hyderabad study area,TGSPDCL,HABSIGUDA,SAINIKPURI,CHERLAPALLY,CHERLAPALLY-II,2024-10-01,2024,10,2,1,2,2.0,False,1327.0,94.0,663.5,0
HABSIGUDA_CHERLAPALLY_II,initial greater-Hyderabad study area,TGSPDCL,HABSIGUDA,SAINIKPURI,CHERLAPALLY,CHERLAPALLY-II,2024-11-01,2024,11,2,1,2,2.0,False,1560.0,94.0,780.0,0
HABSIGUDA_CHERLAPALLY_II,initial greater-Hyderabad study area,TGSPDCL,HABSIGUDA,SAINIKPURI,CHERLAPALLY,CHERLAPALLY-II,2024-12-01,2024,12,2,2,2,2.0,False,0.0,94.0,0.0,0
HABSIGUDA_CHERLAPALLY_II,initial greater-Hyderabad study area,TGSPDCL,HABSIGUDA,SAINIKPURI,CHERLAPALLY,CHERLAPALLY-II,2025-01-01,2025,1,2,1,2,2.0,False,1824.0,94.0,912.0,0
HABSIGUDA_CHERLAPALLY_II,initial greater-Hyderabad study area,TGSPDCL,HABSIGUDA,SAINIKPURI,CHERLAPALLY,CHERLAPALLY-II,2025-02-01,2025,2,3,2,3,2.0,True,1865.0,148.0,621.67,0
HABSIGUDA_CHERLAPALLY_II,initial greater-Hyderabad study area,TGSPDCL,HABSIGUDA,SAINIKPURI,CHERLAPALLY,CHERLAPALLY-II,2025-03-01,2025,3,3,1,3,3.0,False,1383.0,148.0,461.0,0
HABSIGUDA_CHERLAPALLY_II,initial greater-Hyderabad study area,TGSPDCL,HABSIGUDA,SAINIKPURI,CHERLAPALLY,CHERLAPALLY-II,2025-04-01,2025,4,3,1,3,3.0,False,1665.0,148.0,555.0,0
HABSIGUDA_CHERLAPALLY_II,initial greater-Hyderabad study area,TGSPDCL,HABSIGUDA,SAINIKPURI,CHERLAPALLY,CHERLAPALLY-II,2025-05-01,2025,5,3,1,3,3.0,False,2049.0,148.0,683.0,0
HABSIGUDA_CHERLAPALLY_II,initial greater-Hyderabad study area,TGSPDCL,HABSIGUDA,SAINIKPURI,CHERLAPALLY,CHERLAPALLY-II,2025-06-01,2025,6,3,1,3,3.0,False,2553.0,148.0,851.0,0
HABSIGUDA_CHERLAPALLY_II,initial greater-Hyderabad study area,TGSPDCL,HABSIGUDA,SAINIKPURI,CHERLAPALLY,CHERLAPALLY-II,2025-07-01,2025,7,3,0,3,3.0,False,670.0,148.0,223.33,0
HABSIGUDA_CHERLAPALLY_II,initial greater-Hyderabad study area,TGSPDCL,HABSIGUDA,SAINIKPURI,CHERLAPALLY,CHERLAPALLY-II,2025-08-01,2025,8,3,1,3,3.0,False,1205.0,148.0,401.67,0
HABSIGUDA_CHERLAPALLY_II,initial greater-Hyderabad study area,TGSPDCL,HABSIGUDA,SAINIKPURI,CHERLAPALLY,CHERLAPALLY-II,2025-09-01,2025,9,3,1,3,3.0,False,2502.0,148.0,834.0,0
HABSIGUDA_CHERLAPALLY_II,initial greater-Hyderabad study area,TGSPDCL,HABSIGUDA,SAINIKPURI,CHERLAPALLY,CHERLAPALLY-II,2025-10-01,2025,10,3,1,3,3.0,False,3239.0,148.0,1079.67,0
HABSIGUDA_CHERLAPALLY_II,initial greater-Hyderabad study area,TGSPDCL,HABSIGUDA,SAINIKPURI,CHERLAPALLY,CHERLAPALLY-II,2025-11-01,2025,11,3,0,3,3.0,False,5299.0,148.0,1766.33,0
HABSIGUDA_CHERLAPALLY_II,initial greater-Hyderabad study area,TGSPDCL,HABSIGUDA,SAINIKPURI,CHERLAPALLY,CHERLAPALLY-II,2025-12-01,2025,12,3,0,3,3.0,False,3445.0,148.0,1148.33,0
HABSIGUDA_CHERLAPALLY_II,initial greater-Hyderabad study area,TGSPDCL,HABSIGUDA,SAINIKPURI,CHERLAPALLY,CHERLAPALLY-II,2026-01-01,2026,1,3,0,3,3.0,False,2575.0,148.0,858.33,0
HABSIGUDA_CHERLAPALLY_II,initial greater-Hyderabad study area,TGSPDCL,HABSIGUDA,SAINIKPURI,CHERLAPALLY,CHERLAPALLY-II,2026-02-01,2026,2,3,0,3,3.0,False,3177.0,157.0,1059.0,0
HABSIGUDA_CHERLAPALLY_II,initial greater-Hyderabad study area,TGSPDCL,HABSIGUDA,SAINIKPURI,CHERLAPALLY,CHERLAPALLY-II,2026-03-01,2026,3,3,1,3,3.0,False,3894.0,157.0,1298.0,0
HABSIGUDA_CHERLAPALLY_II,initial greater-Hyderabad study area,TGSPDCL,HABSIGUDA,SAINIKPURI,CHERLAPALLY,CHERLAPALLY-II,2026-04-01,2026,4,3,1,3,3.0,False,4046.0,157.0,1348.67,0
HABSIGUDA_CHERLAPALLY_II,initial greater-Hyderabad study area,TGSPDCL,HABSIGUDA,SAINIKPURI,CHERLAPALLY,CHERLAPALLY-II,2026-05-01,2026,5,3,1,3,3.0,False,1720.0,157.0,573.33,0
HABSIGUDA_CHERLAPALLY_II,initial greater-Hyderabad study area,TGSPDCL,HABSIGUDA,SAINIKPURI,CHERLAPALLY,CHERLAPALLY-II,2026-06-01,2026,6,3,1,3,3.0,False,6242.0,157.0,2080.67,0
HABSIGUDA_CHERLAPALLY_II,initial greater-Hyderabad study area,TGSPDCL,HABSIGUDA,SAINIKPURI,CHERLAPALLY,CHERLAPALLY-II,2026-07-01,2026,7,3,0,3,3.0,False,2686.0,157.0,895.33,0
HABSIGUDA_CHERLAPALLY_II,initial greater-Hyderabad study area,TGSPDCL,HABSIGUDA,SAINIKPURI,CHERLAPALLY,CHERLAPALLY-II,2026-08-01,2026,8,3,0,3,3.0,False,6953.0,157.0,2317.67,0
HABSIGUDA_CHILKANAGAR,initial greater-Hyderabad study area,TGSPDCL,HABSIGUDA,HABSIGUDA,UPPAL,CHILKANAGAR,2025-05-01,2025,5,1,1,1,,True,0.0,54.0,0.0,0
HABSIGUDA_CHILKANAGAR,initial greater-Hyderabad study area,TGSPDCL,HABSIGUDA,HABSIGUDA,UPPAL,CHILKANAGAR,2025-06-01,2025,6,1,1,1,1.0,False,0.0,54.0,0.0,0
HABSIGUDA_CHILKANAGAR,initial greater-Hyderabad study area,TGSPDCL,HABSIGUDA,HABSIGUDA,UPPAL,CHILKANAGAR,2025-07-01,2025,7,1,0,1,1.0,False,510.0,54.0,510.0,0
HABSIGUDA_CHILKANAGAR,initial greater-Hyderabad study area,TGSPDCL,HABSIGUDA,HABSIGUDA,UPPAL,CHILKANAGAR,2025-08-01,2025,8,1,0,1,1.0,False,2374.0,54.0,2374.0,0
HABSIGUDA_CHILKANAGAR,initial greater-Hyderabad study area,TGSPDCL,HABSIGUDA,HABSIGUDA,UPPAL,CHILKANAGAR,2025-09-01,2025,9,1,0,1,1.0,False,2328.0,54.0,2328.0,0
HABSIGUDA_CHILKANAGAR,initial greater-Hyderabad study area,TGSPDCL,HABSIGUDA,HABSIGUDA,UPPAL,CHILKANAGAR,2025-10-01,2025,10,1,0,1,1.0,False,3116.0,54.0,3116.0,0
HABSIGUDA_CHILKANAGAR,initial greater-Hyderabad study area,TGSPDCL,HABSIGUDA,HABSIGUDA,UPPAL,CHILKANAGAR,2025-11-01,2025,11,1,0,1,1.0,False,3366.0,54.0,3366.0,0
HABSIGUDA_CHILKANAGAR,initial greater-Hyderabad study area,TGSPDCL,HABSIGUDA,HABSIGUDA,UPPAL,CHILKANAGAR,2025-12-01,2025,12,1,0,1,1.0,False,4025.0,54.0,4025.0,0
HABSIGUDA_CHILKANAGAR,initial greater-Hyderabad study area,TGSPDCL,HABSIGUDA,HABSIGUDA,UPPAL,CHILKANAGAR,2026-01-01,2026,1,1,0,1,1.0,False,2714.0,54.0,2714.0,0
HABSIGUDA_CHILKANAGAR,initial greater-Hyderabad study area,TGSPDCL,HABSIGUDA,HABSIGUDA,UPPAL,CHILKANAGAR,2026-02-01,2026,2,1,0,1,1.0,False,4167.0,54.0,4167.0,0
HABSIGUDA_CHILKANAGAR,initial greater-Hyderabad study area,TGSPDCL,HABSIGUDA,HABSIGUDA,UPPAL,CHILKANAGAR,2026-03-01,2026,3,1,0,1,1.0,False,2954.0,54.0,2954.0,0
HABSIGUDA_CHILKANAGAR,initial greater-Hyderabad study area,TGSPDCL,HABSIGUDA,HABSIGUDA,UPPAL,CHILKANAGAR,2026-04-01,2026,4,1,0,3,1.0,False,5553.0,162.0,1851.0,0
HABSIGUDA_CHILKANAGAR,initial greater-Hyderabad study area,TGSPDCL,HABSIGUDA,HABSIGUDA,UPPAL,CHILKANAGAR,2026-05-01,2026,5,1,0,3,3.0,False,6529.0,162.0,2176.33,0
HABSIGUDA_CHILKANAGAR,initial greater-Hyderabad study area,TGSPDCL,HABSIGUDA,HABSIGUDA,UPPAL,CHILKANAGAR,2026-06-01,2026,6,1,0,3,3.0,False,4887.0,162.0,1629.0,0
HABSIGUDA_CHILKANAGAR,initial greater-Hyderabad study area,TGSPDCL,HABSIGUDA,HABSIGUDA,UPPAL,CHILKANAGAR,2026-07-01,2026,7,1,0,3,3.0,False,6674.0,162.0,2224.67,0
HABSIGUDA_CHILKANAGAR,initial greater-Hyderabad study area,TGSPDCL,HABSIGUDA,HABSIGUDA,UPPAL,CHILKANAGAR,2026-08-01,2026,8,1,0,3,3.0,False,8111.0,162.0,2703.67,0
HABSIGUDA_GHATKESAR,initial greater-Hyderabad study area,TGSPDCL,HABSIGUDA,KEESARA,GHATKESAR,GHATKESAR,2023-01-01,2023,1,1,1,1,1.0,False,0.0,30.0,0.0,0
HABSIGUDA_GHATKESAR,initial greater-Hyderabad study area,TGSPDCL,HABSIGUDA,KEESARA,GHATKESAR,GHATKESAR,2023-02-01,2023,2,1,1,1,1.0,False,0.0,30.0,0.0,0
HABSIGUDA_GHATKESAR,initial greater-Hyderabad study area,TGSPDCL,HABSIGUDA,KEESARA,GHATKESAR,GHATKESAR,2023-03-01,2023,3,1,1,1,1.0,False,0.0,30.0,0.0,0
HABSIGUDA_GHATKESAR,initial greater-Hyderabad study area,TGSPDCL,HABSIGUDA,KEESARA,GHATKESAR,GHATKESAR,2023-04-01,2023,4,1,1,1,1.0,False,0.0,30.0,0.0,0
HABSIGUDA_GHATKESAR,initial greater-Hyderabad study area,TGSPDCL,HABSIGUDA,KEESARA,GHATKESAR,GHATKESAR,2023-05-01,2023,5,1,1,1,1.0,False,0.0,30.0,0.0,0
HABSIGUDA_GHATKESAR,initial greater-Hyderabad study area,TGSPDCL,HABSIGUDA,KEESARA,GHATKESAR,GHATKESAR,2023-06-01,2023,6,1,1,1,1.0,False,0.0,30.0,0.0,0
HABSIGUDA_GHATKESAR,initial greater-Hyderabad study area,TGSPDCL,HABSIGUDA,KEESARA,GHATKESAR,GHATKESAR,2023-07-01,2023,7,1,1,1,1.0,False,0.0,30.0,0.0,0
HABSIGUDA_GHATKESAR,initial greater-Hyderabad study area,TGSPDCL,HABSIGUDA,KEESARA,GHATKESAR,GHATKESAR,2023-08-01,2023,8,1,1,1,1.0,False,0.0,30.0,0.0,0
HABSIGUDA_GHATKESAR,initial greater-Hyderabad study area,TGSPDCL,HABSIGUDA,KEESARA,GHATKESAR,GHATKESAR,2023-09-01,2023,9,1,1,1,,True,0.0,30.0,0.0,0
HABSIGUDA_GHATKESAR,initial greater-Hyderabad study area,TGSPDCL,HABSIGUDA,KEESARA,GHATKESAR,GHATKESAR,2023-10-01,2023,10,1,1,1,,True,0.0,30.0,0.0,0
HABSIGUDA_GHATKESAR,initial greater-Hyderabad study area,TGSPDCL,HABSIGUDA,KEESARA,GHATKESAR,GHATKESAR,2023-11-01,2023,11,1,1,1,,True,0.0,30.0,0.0,0
HABSIGUDA_GHATKESAR,initial greater-Hyderabad study area,TGSPDCL,HABSIGUDA,KEESARA,GHATKESAR,GHATKESAR,2023-12-01,2023,12,1,1,1,,True,0.0,30.0,0.0,0
HABSIGUDA_GHATKESAR,initial greater-Hyderabad study area,TGSPDCL,HABSIGUDA,KEESARA,GHATKESAR,GHATKESAR,2024-01-01,2024,1,1,1,1,,True,0.0,30.0,0.0,0
HABSIGUDA_GHATKESAR,initial greater-Hyderabad study area,TGSPDCL,HABSIGUDA,KEESARA,GHATKESAR,GHATKESAR,2024-02-01,2024,2,1,1,1,,True,0.0,30.0,0.0,0
HABSIGUDA_GHATKESAR,initial greater-Hyderabad study area,TGSPDCL,HABSIGUDA,KEESARA,GHATKESAR,GHATKESAR,2024-03-01,2024,3,1,1,1,,True,0.0,30.0,0.0,0
HABSIGUDA_GHATKESAR,initial greater-Hyderabad study area,TGSPDCL,HABSIGUDA,KEESARA,GHATKESAR,GHATKESAR,2024-04-01,2024,4,1,1,1,,True,0.0,30.0,0.0,0
HABSIGUDA_GHATKESAR,initial greater-Hyderabad study area,TGSPDCL,HABSIGUDA,KEESARA,GHATKESAR,GHATKESAR,2024-05-01,2024,5,1,1,1,,True,0.0,30.0,0.0,0
HABSIGUDA_GHATKESAR,initial greater-Hyderabad study area,TGSPDCL,HABSIGUDA,KEESARA,GHATKESAR,GHATKESAR,2024-06-01,2024,6,1,1,1,,True,0.0,30.0,0.0,0
HABSIGUDA_GHATKESAR,initial greater-Hyderabad study area,TGSPDCL,HABSIGUDA,KEESARA,GHATKESAR,GHATKESAR,2024-07-01,2024,7,1,1,1,,True,0.0,30.0,0.0,0
HABSIGUDA_GHATKESAR,initial greater-Hyderabad study area,TGSPDCL,HABSIGUDA,KEESARA,GHATKESAR,GHATKESAR,2024-08-01,2024,8,1,1,1,,True,0.0,30.0,0.0,0
HABSIGUDA_GHATKESAR,initial greater-Hyderabad study area,TGSPDCL,HABSIGUDA,KEESARA,GHATKESAR,GHATKESAR,2024-09-01,2024,9,1,1,1,,True,0.0,30.0,0.0,0
HABSIGUDA_GHATKESAR,initial greater-Hyderabad study area,TGSPDCL,HABSIGUDA,KEESARA,GHATKESAR,GHATKESAR,2024-10-01,2024,10,1,1,1,,True,0.0,30.0,0.0,0
HABSIGUDA_GHATKESAR,initial greater-Hyderabad study area,TGSPDCL,HABSIGUDA,KEESARA,GHATKESAR,GHATKESAR,2025-04-01,2025,4,1,0,1,1.0,False,1.0,54.0,1.0,0
HABSIGUDA_GHATKESAR,initial greater-Hyderabad study area,TGSPDCL,HABSIGUDA,KEESARA,GHATKESAR,GHATKESAR,2025-05-01,2025,5,1,1,1,1.0,False,0.0,54.0,0.0,0
HABSIGUDA_GHATKESAR,initial greater-Hyderabad study area,TGSPDCL,HABSIGUDA,KEESARA,GHATKESAR,GHATKESAR,2025-06-01,2025,6,1,1,1,1.0,False,0.0,54.0,0.0,0
HABSIGUDA_GHATKESAR,initial greater-Hyderabad study area,TGSPDCL,HABSIGUDA,KEESARA,GHATKESAR,GHATKESAR,2025-07-01,2025,7,1,1,3,1.0,False,0.0,162.0,0.0,0
HABSIGUDA_GHATKESAR,initial greater-Hyderabad study area,TGSPDCL,HABSIGUDA,KEESARA,GHATKESAR,GHATKESAR,2025-08-01,2025,8,1,0,3,3.0,False,26.0,162.0,8.67,0
HABSIGUDA_GHATKESAR,initial greater-Hyderabad study area,TGSPDCL,HABSIGUDA,KEESARA,GHATKESAR,GHATKESAR,2025-09-01,2025,9,1,0,3,3.0,False,3.0,162.0,1.0,0
HABSIGUDA_GHATKESAR,initial greater-Hyderabad study area,TGSPDCL,HABSIGUDA,KEESARA,GHATKESAR,GHATKESAR,2025-10-01,2025,10,1,0,3,3.0,False,28.0,162.0,9.33,0
HABSIGUDA_GHATKESAR,initial greater-Hyderabad study area,TGSPDCL,HABSIGUDA,KEESARA,GHATKESAR,GHATKESAR,2025-11-01,2025,11,1,0,3,3.0,False,23.0,162.0,7.67,0
HABSIGUDA_GHATKESAR,initial greater-Hyderabad study area,TGSPDCL,HABSIGUDA,KEESARA,GHATKESAR,GHATKESAR,2025-12-01,2025,12,1,0,3,3.0,False,46.0,162.0,15.33,0
HABSIGUDA_GHATKESAR,initial greater-Hyderabad study area,TGSPDCL,HABSIGUDA,KEESARA,GHATKESAR,GHATKESAR,2026-01-01,2026,1,1,0,3,3.0,False,1875.0,162.0,625.0,0
HABSIGUDA_GHATKESAR,initial greater-Hyderabad study area,TGSPDCL,HABSIGUDA,KEESARA,GHATKESAR,GHATKESAR,2026-02-01,2026,2,1,0,3,3.0,False,3097.0,162.0,1032.33,0
HABSIGUDA_GHATKESAR,initial greater-Hyderabad study area,TGSPDCL,HABSIGUDA,KEESARA,GHATKESAR,GHATKESAR,2026-03-01,2026,3,1,0,3,3.0,False,2707.0,162.0,902.33,0
HABSIGUDA_GHATKESAR,initial greater-Hyderabad study area,TGSPDCL,HABSIGUDA,KEESARA,GHATKESAR,GHATKESAR,2026-04-01,2026,4,2,1,3,3.0,False,3077.0,162.0,1025.67,0
HABSIGUDA_GHATKESAR,initial greater-Hyderabad study area,TGSPDCL,HABSIGUDA,KEESARA,GHATKESAR,GHATKESAR,2026-05-01,2026,5,2,1,3,3.0,False,35.0,162.0,11.67,0
HABSIGUDA_GHATKESAR,initial greater-Hyderabad study area,TGSPDCL,HABSIGUDA,KEESARA,GHATKESAR,GHATKESAR,2026-06-01,2026,6,2,1,3,3.0,False,68.0,171.0,22.67,0
HABSIGUDA_GHATKESAR,initial greater-Hyderabad study area,TGSPDCL,HABSIGUDA,KEESARA,GHATKESAR,GHATKESAR,2026-07-01,2026,7,2,0,3,3.0,False,150.0,171.0,50.0,0
HABSIGUDA_GHATKESAR,initial greater-Hyderabad study area,TGSPDCL,HABSIGUDA,KEESARA,GHATKESAR,GHATKESAR,2026-08-01,2026,8,2,0,3,3.0,False,925.0,171.0,308.33,0
HABSIGUDA_HABSIGUDA,initial greater-Hyderabad study area,TGSPDCL,HABSIGUDA,HABSIGUDA,HABSIGUDA,HABSIGUDA,2023-01-01,2023,1,1,0,1,1.0,False,3459.0,5.0,3459.0,0
HABSIGUDA_HABSIGUDA,initial greater-Hyderabad study area,TGSPDCL,HABSIGUDA,HABSIGUDA,HABSIGUDA,HABSIGUDA,2023-02-01,2023,2,1,0,1,1.0,False,2057.0,5.0,2057.0,0
HABSIGUDA_HABSIGUDA,initial greater-Hyderabad study area,TGSPDCL,HABSIGUDA,HABSIGUDA,HABSIGUDA,HABSIGUDA,2023-03-01,2023,3,1,0,1,1.0,False,1743.0,5.0,1743.0,0
HABSIGUDA_HABSIGUDA,initial greater-Hyderabad study area,TGSPDCL,HABSIGUDA,HABSIGUDA,HABSIGUDA,HABSIGUDA,2023-04-01,2023,4,1,0,1,1.0,False,1708.0,5.0,1708.0,0
HABSIGUDA_HABSIGUDA,initial greater-Hyderabad study area,TGSPDCL,HABSIGUDA,HABSIGUDA,HABSIGUDA,HABSIGUDA,2023-05-01,2023,5,1,0,1,1.0,False,1321.0,5.0,1321.0,0
HABSIGUDA_HABSIGUDA,initial greater-Hyderabad study area,TGSPDCL,HABSIGUDA,HABSIGUDA,HABSIGUDA,HABSIGUDA,2023-06-01,2023,6,1,0,1,1.0,False,1649.0,5.0,1649.0,0
HABSIGUDA_HABSIGUDA,initial greater-Hyderabad study area,TGSPDCL,HABSIGUDA,HABSIGUDA,HABSIGUDA,HABSIGUDA,2023-07-01,2023,7,1,0,1,1.0,False,1181.0,5.0,1181.0,0
HABSIGUDA_HABSIGUDA,initial greater-Hyderabad study area,TGSPDCL,HABSIGUDA,HABSIGUDA,HABSIGUDA,HABSIGUDA,2023-08-01,2023,8,1,0,1,1.0,False,2419.0,5.0,2419.0,0
HABSIGUDA_HABSIGUDA,initial greater-Hyderabad study area,TGSPDCL,HABSIGUDA,HABSIGUDA,HABSIGUDA,HABSIGUDA,2023-09-01,2023,9,1,0,1,1.0,False,3158.0,5.0,3158.0,0
HABSIGUDA_HABSIGUDA,initial greater-Hyderabad study area,TGSPDCL,HABSIGUDA,HABSIGUDA,HABSIGUDA,HABSIGUDA,2023-10-01,2023,10,1,0,1,1.0,False,3271.0,5.0,3271.0,0
HABSIGUDA_HABSIGUDA,initial greater-Hyderabad study area,TGSPDCL,HABSIGUDA,HABSIGUDA,HABSIGUDA,HABSIGUDA,2023-11-01,2023,11,2,0,2,2.0,False,3995.0,59.0,1997.5,0
HABSIGUDA_HABSIGUDA,initial greater-Hyderabad study area,TGSPDCL,HABSIGUDA,HABSIGUDA,HABSIGUDA,HABSIGUDA,2023-12-01,2023,12,2,1,2,2.0,False,2882.0,59.0,1441.0,0
HABSIGUDA_HABSIGUDA,initial greater-Hyderabad study area,TGSPDCL,HABSIGUDA,HABSIGUDA,HABSIGUDA,HABSIGUDA,2024-01-01,2024,1,2,0,2,2.0,False,3789.0,59.0,1894.5,0
HABSIGUDA_HABSIGUDA,initial greater-Hyderabad study area,TGSPDCL,HABSIGUDA,HABSIGUDA,HABSIGUDA,HABSIGUDA,2024-02-01,2024,2,2,0,2,2.0,False,5181.0,59.0,2590.5,0
HABSIGUDA_HABSIGUDA,initial greater-Hyderabad study area,TGSPDCL,HABSIGUDA,HABSIGUDA,HABSIGUDA,HABSIGUDA,2024-03-01,2024,3,2,0,2,2.0,False,3519.0,59.0,1759.5,0
HABSIGUDA_HABSIGUDA,initial greater-Hyderabad study area,TGSPDCL,HABSIGUDA,HABSIGUDA,HABSIGUDA,HABSIGUDA,2024-04-01,2024,4,2,0,2,2.0,False,3852.0,59.0,1926.0,0
HABSIGUDA_HABSIGUDA,initial greater-Hyderabad study area,TGSPDCL,HABSIGUDA,HABSIGUDA,HABSIGUDA,HABSIGUDA,2024-05-01,2024,5,2,0,2,2.0,False,3596.0,59.0,1798.0,0
HABSIGUDA_HABSIGUDA,initial greater-Hyderabad study area,TGSPDCL,HABSIGUDA,HABSIGUDA,HABSIGUDA,HABSIGUDA,2024-06-01,2024,6,2,0,2,2.0,False,3766.0,59.0,1883.0,0
HABSIGUDA_HABSIGUDA,initial greater-Hyderabad study area,TGSPDCL,HABSIGUDA,HABSIGUDA,HABSIGUDA,HABSIGUDA,2024-07-01,2024,7,2,0,2,2.0,False,5019.0,59.0,2509.5,0
HABSIGUDA_HABSIGUDA,initial greater-Hyderabad study area,TGSPDCL,HABSIGUDA,HABSIGUDA,HABSIGUDA,HABSIGUDA,2024-08-01,2024,8,2,0,2,2.0,False,4430.0,59.0,2215.0,0
HABSIGUDA_HABSIGUDA,initial greater-Hyderabad study area,TGSPDCL,HABSIGUDA,HABSIGUDA,HABSIGUDA,HABSIGUDA,2024-09-01,2024,9,2,0,2,2.0,False,4556.0,59.0,2278.0,0
HABSIGUDA_HABSIGUDA,initial greater-Hyderabad study area,TGSPDCL,HABSIGUDA,HABSIGUDA,HABSIGUDA,HABSIGUDA,2024-10-01,2024,10,2,0,2,2.0,False,4749.0,59.0,2374.5,0
HABSIGUDA_HABSIGUDA,initial greater-Hyderabad study area,TGSPDCL,HABSIGUDA,HABSIGUDA,HABSIGUDA,HABSIGUDA,2024-11-01,2024,11,2,0,2,2.0,False,3436.0,59.0,1718.0,0
HABSIGUDA_HABSIGUDA,initial greater-Hyderabad study area,TGSPDCL,HABSIGUDA,HABSIGUDA,HABSIGUDA,HABSIGUDA,2024-12-01,2024,12,2,0,2,2.0,False,3362.0,59.0,1681.0,0
HABSIGUDA_HABSIGUDA,initial greater-Hyderabad study area,TGSPDCL,HABSIGUDA,HABSIGUDA,HABSIGUDA,HABSIGUDA,2025-01-01,2025,1,2,1,2,2.0,False,3234.0,59.0,1617.0,0
HABSIGUDA_HABSIGUDA,initial greater-Hyderabad study area,TGSPDCL,HABSIGUDA,HABSIGUDA,HABSIGUDA,HABSIGUDA,2025-02-01,2025,2,2,1,2,2.0,False,3250.0,82.0,1625.0,0
HABSIGUDA_HABSIGUDA,initial greater-Hyderabad study area,TGSPDCL,HABSIGUDA,HABSIGUDA,HABSIGUDA,HABSIGUDA,2025-03-01,2025,3,2,1,2,2.0,False,2712.0,82.0,1356.0,0
HABSIGUDA_HABSIGUDA,initial greater-Hyderabad study area,TGSPDCL,HABSIGUDA,HABSIGUDA,HABSIGUDA,HABSIGUDA,2025-04-01,2025,4,2,1,2,2.0,False,3297.0,82.0,1648.5,0
HABSIGUDA_HABSIGUDA,initial greater-Hyderabad study area,TGSPDCL,HABSIGUDA,HABSIGUDA,HABSIGUDA,HABSIGUDA,2025-05-01,2025,5,2,1,2,2.0,False,3213.0,82.0,1606.5,0
HABSIGUDA_HABSIGUDA,initial greater-Hyderabad study area,TGSPDCL,HABSIGUDA,HABSIGUDA,HABSIGUDA,HABSIGUDA,2025-06-01,2025,6,2,1,2,2.0,False,3425.0,82.0,1712.5,0
HABSIGUDA_HABSIGUDA,initial greater-Hyderabad study area,TGSPDCL,HABSIGUDA,HABSIGUDA,HABSIGUDA,HABSIGUDA,2025-07-01,2025,7,2,1,2,2.0,False,1952.0,82.0,976.0,0
HABSIGUDA_HABSIGUDA,initial greater-Hyderabad study area,TGSPDCL,HABSIGUDA,HABSIGUDA,HABSIGUDA,HABSIGUDA,2025-08-01,2025,8,2,2,2,2.0,False,0.0,82.0,0.0,0
HABSIGUDA_HABSIGUDA,initial greater-Hyderabad study area,TGSPDCL,HABSIGUDA,HABSIGUDA,HABSIGUDA,HABSIGUDA,2025-09-01,2025,9,2,2,2,2.0,False,0.0,82.0,0.0,0
HABSIGUDA_HABSIGUDA,initial greater-Hyderabad study area,TGSPDCL,HABSIGUDA,HABSIGUDA,HABSIGUDA,HABSIGUDA,2025-10-01,2025,10,2,2,2,2.0,False,0.0,82.0,0.0,0
HABSIGUDA_HABSIGUDA,initial greater-Hyderabad study area,TGSPDCL,HABSIGUDA,HABSIGUDA,HABSIGUDA,HABSIGUDA,2025-11-01,2025,11,2,2,2,2.0,False,0.0,82.0,0.0,0
HABSIGUDA_HABSIGUDA,initial greater-Hyderabad study area,TGSPDCL,HABSIGUDA,HABSIGUDA,HABSIGUDA,HABSIGUDA,2025-12-01,2025,12,2,2,2,1.0,True,0.0,82.0,0.0,0
HABSIGUDA_HABSIGUDA,initial greater-Hyderabad study area,TGSPDCL,HABSIGUDA,HABSIGUDA,HABSIGUDA,HABSIGUDA,2026-01-01,2026,1,2,1,2,1.0,True,23.0,82.0,11.5,0
HABSIGUDA_HABSIGUDA,initial greater-Hyderabad study area,TGSPDCL,HABSIGUDA,HABSIGUDA,HABSIGUDA,HABSIGUDA,2026-02-01,2026,2,2,1,2,1.0,True,25.0,82.0,12.5,0
HABSIGUDA_HABSIGUDA,initial greater-Hyderabad study area,TGSPDCL,HABSIGUDA,HABSIGUDA,HABSIGUDA,HABSIGUDA,2026-03-01,2026,3,1,0,1,1.0,False,23.0,54.0,23.0,0
HABSIGUDA_HABSIGUDA,initial greater-Hyderabad study area,TGSPDCL,HABSIGUDA,HABSIGUDA,HABSIGUDA,HABSIGUDA,2026-04-01,2026,4,1,0,1,1.0,False,24.0,54.0,24.0,0
HABSIGUDA_HABSIGUDA,initial greater-Hyderabad study area,TGSPDCL,HABSIGUDA,HABSIGUDA,HABSIGUDA,HABSIGUDA,2026-05-01,2026,5,1,0,1,1.0,False,23.0,54.0,23.0,0
HABSIGUDA_HABSIGUDA,initial greater-Hyderabad study area,TGSPDCL,HABSIGUDA,HABSIGUDA,HABSIGUDA,HABSIGUDA,2026-06-01,2026,6,1,0,1,1.0,False,3121.0,54.0,3121.0,0
HABSIGUDA_HABSIGUDA,initial greater-Hyderabad study area,TGSPDCL,HABSIGUDA,HABSIGUDA,HABSIGUDA,HABSIGUDA,2026-07-01,2026,7,1,0,1,1.0,False,9477.0,54.0,9477.0,0
HABSIGUDA_HABSIGUDA,initial greater-Hyderabad study area,TGSPDCL,HABSIGUDA,HABSIGUDA,HABSIGUDA,HABSIGUDA,2026-08-01,2026,8,1,0,1,1.0,False,12646.0,54.0,12646.0,0
HABSIGUDA_KEESARA,initial greater-Hyderabad study area,TGSPDCL,HABSIGUDA,KEESARA,KEESARA,KEESARA,2025-03-01,2025,3,1,1,1,,True,0.0,54.0,0.0,0
HABSIGUDA_KEESARA,initial greater-Hyderabad study area,TGSPDCL,HABSIGUDA,KEESARA,KEESARA,KEESARA,2025-04-01,2025,4,1,0,1,1.0,False,18.0,54.0,18.0,0
HABSIGUDA_KEESARA,initial greater-Hyderabad study area,TGSPDCL,HABSIGUDA,KEESARA,KEESARA,KEESARA,2025-05-01,2025,5,1,1,1,1.0,False,0.0,54.0,0.0,0
HABSIGUDA_KEESARA,initial greater-Hyderabad study area,TGSPDCL,HABSIGUDA,KEESARA,KEESARA,KEESARA,2025-06-01,2025,6,1,1,1,1.0,False,0.0,54.0,0.0,0
HABSIGUDA_KEESARA,initial greater-Hyderabad study area,TGSPDCL,HABSIGUDA,KEESARA,KEESARA,KEESARA,2025-07-01,2025,7,1,1,1,1.0,False,0.0,54.0,0.0,0
HABSIGUDA_KEESARA,initial greater-Hyderabad study area,TGSPDCL,HABSIGUDA,KEESARA,KEESARA,KEESARA,2025-08-01,2025,8,1,1,1,1.0,False,0.0,54.0,0.0,0
HABSIGUDA_KEESARA,initial greater-Hyderabad study area,TGSPDCL,HABSIGUDA,KEESARA,KEESARA,KEESARA,2025-09-01,2025,9,1,1,1,1.0,False,0.0,54.0,0.0,0
HABSIGUDA_KEESARA,initial greater-Hyderabad study area,TGSPDCL,HABSIGUDA,KEESARA,KEESARA,KEESARA,2025-10-01,2025,10,1,1,1,1.0,False,0.0,54.0,0.0,0
HABSIGUDA_KEESARA,initial greater-Hyderabad study area,TGSPDCL,HABSIGUDA,KEESARA,KEESARA,KEESARA,2025-11-01,2025,11,1,1,1,1.0,False,0.0,54.0,0.0,0
HABSIGUDA_KEESARA,initial greater-Hyderabad study area,TGSPDCL,HABSIGUDA,KEESARA,KEESARA,KEESARA,2025-12-01,2025,12,1,1,1,1.0,False,0.0,54.0,0.0,0
HABSIGUDA_KEESARA,initial greater-Hyderabad study area,TGSPDCL,HABSIGUDA,KEESARA,KEESARA,KEESARA,2026-01-01,2026,1,1,1,1,1.0,False,0.0,54.0,0.0,0
HABSIGUDA_KEESARA,initial greater-Hyderabad study area,TGSPDCL,HABSIGUDA,KEESARA,KEESARA,KEESARA,2026-02-01,2026,2,1,1,1,1.0,False,0.0,54.0,0.0,0
HABSIGUDA_KEESARA,initial greater-Hyderabad study area,TGSPDCL,HABSIGUDA,KEESARA,KEESARA,KEESARA,2026-03-01,2026,3,1,1,1,1.0,False,0.0,54.0,0.0,0
HABSIGUDA_KEESARA,initial greater-Hyderabad study area,TGSPDCL,HABSIGUDA,KEESARA,KEESARA,KEESARA,2026-04-01,2026,4,2,1,2,2.0,False,6.0,108.0,3.0,0
HABSIGUDA_KEESARA,initial greater-Hyderabad study area,TGSPDCL,HABSIGUDA,KEESARA,KEESARA,KEESARA,2026-05-01,2026,5,2,2,2,2.0,False,0.0,108.0,0.0,0
HABSIGUDA_KEESARA,initial greater-Hyderabad study area,TGSPDCL,HABSIGUDA,KEESARA,KEESARA,KEESARA,2026-06-01,2026,6,2,2,2,2.0,False,0.0,108.0,0.0,0
HABSIGUDA_KEESARA,initial greater-Hyderabad study area,TGSPDCL,HABSIGUDA,KEESARA,KEESARA,KEESARA,2026-07-01,2026,7,2,1,2,2.0,False,77.0,108.0,38.5,0
HABSIGUDA_KEESARA,initial greater-Hyderabad study area,TGSPDCL,HABSIGUDA,KEESARA,KEESARA,KEESARA,2026-08-01,2026,8,2,1,2,2.0,False,45.0,108.0,22.5,0
HABSIGUDA_KUSHAIGUDA,initial greater-Hyderabad study area,TGSPDCL,HABSIGUDA,SAINIKPURI,SAINIKPURI,KUSHAIGUDA,2024-02-01,2024,2,1,1,1,,True,0.0,54.0,0.0,0
HABSIGUDA_KUSHAIGUDA,initial greater-Hyderabad study area,TGSPDCL,HABSIGUDA,SAINIKPURI,SAINIKPURI,KUSHAIGUDA,2024-03-01,2024,3,1,0,1,1.0,False,1.0,54.0,1.0,0
HABSIGUDA_KUSHAIGUDA,initial greater-Hyderabad study area,TGSPDCL,HABSIGUDA,SAINIKPURI,SAINIKPURI,KUSHAIGUDA,2024-04-01,2024,4,1,0,1,1.0,False,10.0,54.0,10.0,0
HABSIGUDA_KUSHAIGUDA,initial greater-Hyderabad study area,TGSPDCL,HABSIGUDA,SAINIKPURI,SAINIKPURI,KUSHAIGUDA,2024-05-01,2024,5,1,0,1,1.0,False,2.0,54.0,2.0,0
HABSIGUDA_KUSHAIGUDA,initial greater-Hyderabad study area,TGSPDCL,HABSIGUDA,SAINIKPURI,SAINIKPURI,KUSHAIGUDA,2024-06-01,2024,6,1,1,1,1.0,False,0.0,54.0,0.0,0
HABSIGUDA_KUSHAIGUDA,initial greater-Hyderabad study area,TGSPDCL,HABSIGUDA,SAINIKPURI,SAINIKPURI,KUSHAIGUDA,2024-07-01,2024,7,1,1,1,1.0,False,0.0,54.0,0.0,0
HABSIGUDA_KUSHAIGUDA,initial greater-Hyderabad study area,TGSPDCL,HABSIGUDA,SAINIKPURI,SAINIKPURI,KUSHAIGUDA,2024-08-01,2024,8,1,1,1,1.0,False,0.0,54.0,0.0,0
HABSIGUDA_KUSHAIGUDA,initial greater-Hyderabad study area,TGSPDCL,HABSIGUDA,SAINIKPURI,SAINIKPURI,KUSHAIGUDA,2024-09-01,2024,9,1,1,1,1.0,False,0.0,54.0,0.0,0
HABSIGUDA_KUSHAIGUDA,initial greater-Hyderabad study area,TGSPDCL,HABSIGUDA,SAINIKPURI,SAINIKPURI,KUSHAIGUDA,2024-10-01,2024,10,1,1,1,1.0,False,0.0,54.0,0.0,0
HABSIGUDA_KUSHAIGUDA,initial greater-Hyderabad study area,TGSPDCL,HABSIGUDA,SAINIKPURI,SAINIKPURI,KUSHAIGUDA,2024-11-01,2024,11,1,1,1,1.0,False,0.0,54.0,0.0,0
HABSIGUDA_KUSHAIGUDA,initial greater-Hyderabad study area,TGSPDCL,HABSIGUDA,SAINIKPURI,SAINIKPURI,KUSHAIGUDA,2024-12-01,2024,12,1,0,1,1.0,False,104.0,54.0,104.0,0
HABSIGUDA_KUSHAIGUDA,initial greater-Hyderabad study area,TGSPDCL,HABSIGUDA,SAINIKPURI,SAINIKPURI,KUSHAIGUDA,2025-01-01,2025,1,1,1,1,1.0,False,0.0,54.0,0.0,0
HABSIGUDA_KUSHAIGUDA,initial greater-Hyderabad study area,TGSPDCL,HABSIGUDA,SAINIKPURI,SAINIKPURI,KUSHAIGUDA,2025-02-01,2025,2,1,0,1,1.0,False,41.0,54.0,41.0,0
HABSIGUDA_KUSHAIGUDA,initial greater-Hyderabad study area,TGSPDCL,HABSIGUDA,SAINIKPURI,SAINIKPURI,KUSHAIGUDA,2025-03-01,2025,3,1,0,1,1.0,False,523.0,54.0,523.0,0
HABSIGUDA_KUSHAIGUDA,initial greater-Hyderabad study area,TGSPDCL,HABSIGUDA,SAINIKPURI,SAINIKPURI,KUSHAIGUDA,2025-04-01,2025,4,2,1,2,1.0,True,2300.0,108.0,1150.0,0
HABSIGUDA_KUSHAIGUDA,initial greater-Hyderabad study area,TGSPDCL,HABSIGUDA,SAINIKPURI,SAINIKPURI,KUSHAIGUDA,2025-05-01,2025,5,2,0,2,2.0,False,3214.0,108.0,1607.0,0
HABSIGUDA_KUSHAIGUDA,initial greater-Hyderabad study area,TGSPDCL,HABSIGUDA,SAINIKPURI,SAINIKPURI,KUSHAIGUDA,2025-06-01,2025,6,2,1,2,2.0,False,3986.0,108.0,1993.0,0
HABSIGUDA_KUSHAIGUDA,initial greater-Hyderabad study area,TGSPDCL,HABSIGUDA,SAINIKPURI,SAINIKPURI,KUSHAIGUDA,2025-07-01,2025,7,2,1,2,2.0,False,2990.0,108.0,1495.0,0
HABSIGUDA_KUSHAIGUDA,initial greater-Hyderabad study area,TGSPDCL,HABSIGUDA,SAINIKPURI,SAINIKPURI,KUSHAIGUDA,2025-08-01,2025,8,2,1,2,2.0,False,1696.0,108.0,848.0,0
HABSIGUDA_KUSHAIGUDA,initial greater-Hyderabad study area,TGSPDCL,HABSIGUDA,SAINIKPURI,SAINIKPURI,KUSHAIGUDA,2025-09-01,2025,9,2,0,2,2.0,False,3549.0,108.0,1774.5,0
HABSIGUDA_KUSHAIGUDA,initial greater-Hyderabad study area,TGSPDCL,HABSIGUDA,SAINIKPURI,SAINIKPURI,KUSHAIGUDA,2025-10-01,2025,10,2,0,2,2.0,False,5045.0,108.0,2522.5,0
HABSIGUDA_KUSHAIGUDA,initial greater-Hyderabad study area,TGSPDCL,HABSIGUDA,SAINIKPURI,SAINIKPURI,KUSHAIGUDA,2025-11-01,2025,11,2,0,2,2.0,False,2574.0,108.0,1287.0,0
HABSIGUDA_KUSHAIGUDA,initial greater-Hyderabad study area,TGSPDCL,HABSIGUDA,SAINIKPURI,SAINIKPURI,KUSHAIGUDA,2025-12-01,2025,12,2,1,2,2.0,False,2408.0,108.0,1204.0,0
HABSIGUDA_KUSHAIGUDA,initial greater-Hyderabad study area,TGSPDCL,HABSIGUDA,SAINIKPURI,SAINIKPURI,KUSHAIGUDA,2026-01-01,2026,1,2,0,2,2.0,False,4926.0,108.0,2463.0,0
HABSIGUDA_KUSHAIGUDA,initial greater-Hyderabad study area,TGSPDCL,HABSIGUDA,SAINIKPURI,SAINIKPURI,KUSHAIGUDA,2026-02-01,2026,2,2,0,2,2.0,False,5989.0,108.0,2994.5,0
HABSIGUDA_KUSHAIGUDA,initial greater-Hyderabad study area,TGSPDCL,HABSIGUDA,SAINIKPURI,SAINIKPURI,KUSHAIGUDA,2026-03-01,2026,3,2,0,2,2.0,False,2709.0,108.0,1354.5,0
HABSIGUDA_KUSHAIGUDA,initial greater-Hyderabad study area,TGSPDCL,HABSIGUDA,SAINIKPURI,SAINIKPURI,KUSHAIGUDA,2026-04-01,2026,4,2,1,2,2.0,False,7158.0,108.0,3579.0,0
HABSIGUDA_KUSHAIGUDA,initial greater-Hyderabad study area,TGSPDCL,HABSIGUDA,SAINIKPURI,SAINIKPURI,KUSHAIGUDA,2026-05-01,2026,5,2,0,2,2.0,False,1245.0,108.0,622.5,0
HABSIGUDA_KUSHAIGUDA,initial greater-Hyderabad study area,TGSPDCL,HABSIGUDA,SAINIKPURI,SAINIKPURI,KUSHAIGUDA,2026-06-01,2026,6,2,1,2,2.0,False,44.0,108.0,22.0,0
HABSIGUDA_KUSHAIGUDA,initial greater-Hyderabad study area,TGSPDCL,HABSIGUDA,SAINIKPURI,SAINIKPURI,KUSHAIGUDA,2026-07-01,2026,7,2,1,3,2.0,False,8554.0,170.0,2851.33,0
HABSIGUDA_KUSHAIGUDA,initial greater-Hyderabad study area,TGSPDCL,HABSIGUDA,SAINIKPURI,SAINIKPURI,KUSHAIGUDA,2026-08-01,2026,8,2,1,3,3.0,False,8070.0,170.0,2690.0,0
HABSIGUDA_MALKAJGIRI,initial greater-Hyderabad study area,TGSPDCL,HABSIGUDA,SAINIKPURI,MALKAJGIRI,MALKAJGIRI,2025-04-01,2025,4,1,1,1,,True,0.0,53.0,0.0,0
HABSIGUDA_MALKAJGIRI,initial greater-Hyderabad study area,TGSPDCL,HABSIGUDA,SAINIKPURI,MALKAJGIRI,MALKAJGIRI,2025-05-01,2025,5,1,0,1,1.0,False,2151.0,53.0,2151.0,0
HABSIGUDA_MALKAJGIRI,initial greater-Hyderabad study area,TGSPDCL,HABSIGUDA,SAINIKPURI,MALKAJGIRI,MALKAJGIRI,2025-06-01,2025,6,1,0,1,1.0,False,1978.0,53.0,1978.0,0
HABSIGUDA_MALKAJGIRI,initial greater-Hyderabad study area,TGSPDCL,HABSIGUDA,SAINIKPURI,MALKAJGIRI,MALKAJGIRI,2025-07-01,2025,7,1,0,1,1.0,False,1870.0,53.0,1870.0,0
HABSIGUDA_MALKAJGIRI,initial greater-Hyderabad study area,TGSPDCL,HABSIGUDA,SAINIKPURI,MALKAJGIRI,MALKAJGIRI,2025-08-01,2025,8,1,0,1,1.0,False,1896.0,53.0,1896.0,0
HABSIGUDA_MALKAJGIRI,initial greater-Hyderabad study area,TGSPDCL,HABSIGUDA,SAINIKPURI,MALKAJGIRI,MALKAJGIRI,2025-09-01,2025,9,1,0,1,1.0,False,1667.0,53.0,1667.0,0
HABSIGUDA_MALKAJGIRI,initial greater-Hyderabad study area,TGSPDCL,HABSIGUDA,SAINIKPURI,MALKAJGIRI,MALKAJGIRI,2025-10-01,2025,10,1,0,1,1.0,False,1869.0,53.0,1869.0,0
HABSIGUDA_MALKAJGIRI,initial greater-Hyderabad study area,TGSPDCL,HABSIGUDA,SAINIKPURI,MALKAJGIRI,MALKAJGIRI,2025-11-01,2025,11,1,0,1,1.0,False,2362.0,53.0,2362.0,0
HABSIGUDA_MALKAJGIRI,initial greater-Hyderabad study area,TGSPDCL,HABSIGUDA,SAINIKPURI,MALKAJGIRI,MALKAJGIRI,2025-12-01,2025,12,1,0,1,1.0,False,2199.0,53.0,2199.0,0
HABSIGUDA_MALKAJGIRI,initial greater-Hyderabad study area,TGSPDCL,HABSIGUDA,SAINIKPURI,MALKAJGIRI,MALKAJGIRI,2026-01-01,2026,1,1,0,1,1.0,False,3236.0,53.0,3236.0,0
HABSIGUDA_MALKAJGIRI,initial greater-Hyderabad study area,TGSPDCL,HABSIGUDA,SAINIKPURI,MALKAJGIRI,MALKAJGIRI,2026-02-01,2026,2,1,0,1,1.0,False,3806.0,53.0,3806.0,0
HABSIGUDA_MALKAJGIRI,initial greater-Hyderabad study area,TGSPDCL,HABSIGUDA,SAINIKPURI,MALKAJGIRI,MALKAJGIRI,2026-03-01,2026,3,1,0,1,1.0,False,4679.0,53.0,4679.0,0
HABSIGUDA_MALKAJGIRI,initial greater-Hyderabad study area,TGSPDCL,HABSIGUDA,SAINIKPURI,MALKAJGIRI,MALKAJGIRI,2026-04-01,2026,4,1,0,1,1.0,False,5603.0,53.0,5603.0,0
HABSIGUDA_MALKAJGIRI,initial greater-Hyderabad study area,TGSPDCL,HABSIGUDA,SAINIKPURI,MALKAJGIRI,MALKAJGIRI,2026-05-01,2026,5,1,0,1,1.0,False,12385.0,53.0,12385.0,0
HABSIGUDA_MALKAJGIRI,initial greater-Hyderabad study area,TGSPDCL,HABSIGUDA,SAINIKPURI,MALKAJGIRI,MALKAJGIRI,2026-06-01,2026,6,1,0,1,1.0,False,18496.0,53.0,18496.0,0
HABSIGUDA_MALKAJGIRI,initial greater-Hyderabad study area,TGSPDCL,HABSIGUDA,SAINIKPURI,MALKAJGIRI,MALKAJGIRI,2026-07-01,2026,7,1,0,1,1.0,False,20856.0,115.0,20856.0,0
HABSIGUDA_MALKAJGIRI,initial greater-Hyderabad study area,TGSPDCL,HABSIGUDA,SAINIKPURI,MALKAJGIRI,MALKAJGIRI,2026-08-01,2026,8,1,0,1,1.0,False,16192.0,115.0,16192.0,0
HABSIGUDA_MALLAPUR,initial greater-Hyderabad study area,TGSPDCL,HABSIGUDA,HABSIGUDA,HABSIGUDA,MALLAPUR,2023-09-01,2023,9,1,1,1,,True,0.0,54.0,0.0,0
HABSIGUDA_MALLAPUR,initial greater-Hyderabad study area,TGSPDCL,HABSIGUDA,HABSIGUDA,HABSIGUDA,MALLAPUR,2023-10-01,2023,10,2,0,2,2.0,False,392.0,64.0,196.0,0
HABSIGUDA_MALLAPUR,initial greater-Hyderabad study area,TGSPDCL,HABSIGUDA,HABSIGUDA,HABSIGUDA,MALLAPUR,2023-11-01,2023,11,2,0,2,2.0,False,641.0,64.0,320.5,0
HABSIGUDA_MALLAPUR,initial greater-Hyderabad study area,TGSPDCL,HABSIGUDA,HABSIGUDA,HABSIGUDA,MALLAPUR,2023-12-01,2023,12,2,0,2,2.0,False,896.0,68.0,448.0,0
HABSIGUDA_MALLAPUR,initial greater-Hyderabad study area,TGSPDCL,HABSIGUDA,HABSIGUDA,HABSIGUDA,MALLAPUR,2024-01-01,2024,1,2,0,2,2.0,False,560.0,68.0,280.0,0
HABSIGUDA_MALLAPUR,initial greater-Hyderabad study area,TGSPDCL,HABSIGUDA,HABSIGUDA,HABSIGUDA,MALLAPUR,2024-02-01,2024,2,2,0,2,2.0,False,743.0,68.0,371.5,0
HABSIGUDA_MALLAPUR,initial greater-Hyderabad study area,TGSPDCL,HABSIGUDA,HABSIGUDA,HABSIGUDA,MALLAPUR,2024-03-01,2024,3,2,0,2,2.0,False,744.0,68.0,372.0,0
HABSIGUDA_MALLAPUR,initial greater-Hyderabad study area,TGSPDCL,HABSIGUDA,HABSIGUDA,HABSIGUDA,MALLAPUR,2024-04-01,2024,4,2,0,2,2.0,False,1122.0,68.0,561.0,0
HABSIGUDA_MALLAPUR,initial greater-Hyderabad study area,TGSPDCL,HABSIGUDA,HABSIGUDA,HABSIGUDA,MALLAPUR,2024-05-01,2024,5,2,0,2,2.0,False,1827.0,68.0,913.5,0
HABSIGUDA_MALLAPUR,initial greater-Hyderabad study area,TGSPDCL,HABSIGUDA,HABSIGUDA,HABSIGUDA,MALLAPUR,2024-06-01,2024,6,2,0,2,2.0,False,2153.0,68.0,1076.5,0
HABSIGUDA_MALLAPUR,initial greater-Hyderabad study area,TGSPDCL,HABSIGUDA,HABSIGUDA,HABSIGUDA,MALLAPUR,2024-07-01,2024,7,2,0,2,2.0,False,1998.0,68.0,999.0,0
HABSIGUDA_MALLAPUR,initial greater-Hyderabad study area,TGSPDCL,HABSIGUDA,HABSIGUDA,HABSIGUDA,MALLAPUR,2024-08-01,2024,8,2,0,2,2.0,False,3050.0,68.0,1525.0,0
HABSIGUDA_MALLAPUR,initial greater-Hyderabad study area,TGSPDCL,HABSIGUDA,HABSIGUDA,HABSIGUDA,MALLAPUR,2024-09-01,2024,9,3,1,3,2.0,True,3636.0,85.0,1212.0,0
HABSIGUDA_MALLAPUR,initial greater-Hyderabad study area,TGSPDCL,HABSIGUDA,HABSIGUDA,HABSIGUDA,MALLAPUR,2024-10-01,2024,10,3,0,3,3.0,False,5684.0,85.0,1894.67,0
HABSIGUDA_MALLAPUR,initial greater-Hyderabad study area,TGSPDCL,HABSIGUDA,HABSIGUDA,HABSIGUDA,MALLAPUR,2024-11-01,2024,11,3,0,3,3.0,False,6887.0,85.0,2295.67,0
HABSIGUDA_MALLAPUR,initial greater-Hyderabad study area,TGSPDCL,HABSIGUDA,HABSIGUDA,HABSIGUDA,MALLAPUR,2024-12-01,2024,12,3,0,3,3.0,False,7692.0,85.0,2564.0,0
HABSIGUDA_MALLAPUR,initial greater-Hyderabad study area,TGSPDCL,HABSIGUDA,HABSIGUDA,HABSIGUDA,MALLAPUR,2025-01-01,2025,1,3,0,3,3.0,False,7254.0,85.0,2418.0,0
HABSIGUDA_MALLAPUR,initial greater-Hyderabad study area,TGSPDCL,HABSIGUDA,HABSIGUDA,HABSIGUDA,MALLAPUR,2025-02-01,2025,2,4,1,4,3.0,True,6914.0,139.0,1728.5,0
HABSIGUDA_MALLAPUR,initial greater-Hyderabad study area,TGSPDCL,HABSIGUDA,HABSIGUDA,HABSIGUDA,MALLAPUR,2025-03-01,2025,3,4,0,4,4.0,False,7030.0,139.0,1757.5,0
HABSIGUDA_MALLAPUR,initial greater-Hyderabad study area,TGSPDCL,HABSIGUDA,HABSIGUDA,HABSIGUDA,MALLAPUR,2025-04-01,2025,4,4,1,4,4.0,False,7300.0,139.0,1825.0,0
HABSIGUDA_MALLAPUR,initial greater-Hyderabad study area,TGSPDCL,HABSIGUDA,HABSIGUDA,HABSIGUDA,MALLAPUR,2025-05-01,2025,5,4,1,4,4.0,False,7143.0,139.0,1785.75,0
HABSIGUDA_MALLAPUR,initial greater-Hyderabad study area,TGSPDCL,HABSIGUDA,HABSIGUDA,HABSIGUDA,MALLAPUR,2025-06-01,2025,6,4,1,4,4.0,False,6615.0,139.0,1653.75,0
HABSIGUDA_MALLAPUR,initial greater-Hyderabad study area,TGSPDCL,HABSIGUDA,HABSIGUDA,HABSIGUDA,MALLAPUR,2025-07-01,2025,7,4,0,4,4.0,False,7566.0,139.0,1891.5,0
HABSIGUDA_MALLAPUR,initial greater-Hyderabad study area,TGSPDCL,HABSIGUDA,HABSIGUDA,HABSIGUDA,MALLAPUR,2025-08-01,2025,8,4,0,4,4.0,False,7136.0,139.0,1784.0,0
HABSIGUDA_MALLAPUR,initial greater-Hyderabad study area,TGSPDCL,HABSIGUDA,HABSIGUDA,HABSIGUDA,MALLAPUR,2025-09-01,2025,9,4,0,4,4.0,False,8924.0,139.0,2231.0,0
HABSIGUDA_MALLAPUR,initial greater-Hyderabad study area,TGSPDCL,HABSIGUDA,HABSIGUDA,HABSIGUDA,MALLAPUR,2025-10-01,2025,10,4,0,4,4.0,False,6801.0,139.0,1700.25,0
HABSIGUDA_MALLAPUR,initial greater-Hyderabad study area,TGSPDCL,HABSIGUDA,HABSIGUDA,HABSIGUDA,MALLAPUR,2025-11-01,2025,11,4,0,4,4.0,False,7979.0,139.0,1994.75,0
HABSIGUDA_MALLAPUR,initial greater-Hyderabad study area,TGSPDCL,HABSIGUDA,HABSIGUDA,HABSIGUDA,MALLAPUR,2025-12-01,2025,12,4,1,4,4.0,False,7762.0,139.0,1940.5,0
HABSIGUDA_MALLAPUR,initial greater-Hyderabad study area,TGSPDCL,HABSIGUDA,HABSIGUDA,HABSIGUDA,MALLAPUR,2026-01-01,2026,1,4,2,4,4.0,False,8011.0,139.0,2002.75,0
HABSIGUDA_MALLAPUR,initial greater-Hyderabad study area,TGSPDCL,HABSIGUDA,HABSIGUDA,HABSIGUDA,MALLAPUR,2026-02-01,2026,2,4,2,4,4.0,False,9247.0,139.0,2311.75,0
HABSIGUDA_MALLAPUR,initial greater-Hyderabad study area,TGSPDCL,HABSIGUDA,HABSIGUDA,HABSIGUDA,MALLAPUR,2026-03-01,2026,3,4,1,4,4.0,False,10718.0,145.8,2679.5,0
HABSIGUDA_MALLAPUR,initial greater-Hyderabad study area,TGSPDCL,HABSIGUDA,HABSIGUDA,HABSIGUDA,MALLAPUR,2026-04-01,2026,4,4,1,4,4.0,False,12545.0,145.8,3136.25,0
HABSIGUDA_MALLAPUR,initial greater-Hyderabad study area,TGSPDCL,HABSIGUDA,HABSIGUDA,HABSIGUDA,MALLAPUR,2026-05-01,2026,5,4,1,4,4.0,False,10938.0,145.8,2734.5,0
HABSIGUDA_MALLAPUR,initial greater-Hyderabad study area,TGSPDCL,HABSIGUDA,HABSIGUDA,HABSIGUDA,MALLAPUR,2026-06-01,2026,6,4,1,4,4.0,False,16724.0,145.8,4181.0,0
HABSIGUDA_MALLAPUR,initial greater-Hyderabad study area,TGSPDCL,HABSIGUDA,HABSIGUDA,HABSIGUDA,MALLAPUR,2026-07-01,2026,7,5,1,5,5.0,False,12822.0,205.8,2564.4,0
HABSIGUDA_MALLAPUR,initial greater-Hyderabad study area,TGSPDCL,HABSIGUDA,HABSIGUDA,HABSIGUDA,MALLAPUR,2026-08-01,2026,8,5,2,5,5.0,False,9520.0,205.8,1904.0,0
HABSIGUDA_MEDIPALLY,initial greater-Hyderabad study area,TGSPDCL,HABSIGUDA,KEESARA,GHATKESAR,MEDIPALLY,2025-05-01,2025,5,1,1,1,,True,0.0,54.0,0.0,0
HABSIGUDA_MEDIPALLY,initial greater-Hyderabad study area,TGSPDCL,HABSIGUDA,KEESARA,GHATKESAR,MEDIPALLY,2025-06-01,2025,6,1,0,1,1.0,False,1.0,54.0,1.0,0
HABSIGUDA_MEDIPALLY,initial greater-Hyderabad study area,TGSPDCL,HABSIGUDA,KEESARA,GHATKESAR,MEDIPALLY,2025-07-01,2025,7,1,1,1,1.0,False,0.0,54.0,0.0,0
HABSIGUDA_MEDIPALLY,initial greater-Hyderabad study area,TGSPDCL,HABSIGUDA,KEESARA,GHATKESAR,MEDIPALLY,2025-08-01,2025,8,1,1,1,1.0,False,0.0,54.0,0.0,0
HABSIGUDA_MEDIPALLY,initial greater-Hyderabad study area,TGSPDCL,HABSIGUDA,KEESARA,GHATKESAR,MEDIPALLY,2025-09-01,2025,9,1,1,1,1.0,False,0.0,54.0,0.0,0
HABSIGUDA_MEDIPALLY,initial greater-Hyderabad study area,TGSPDCL,HABSIGUDA,KEESARA,GHATKESAR,MEDIPALLY,2025-10-01,2025,10,1,1,1,1.0,False,0.0,54.0,0.0,0
HABSIGUDA_MEDIPALLY,initial greater-Hyderabad study area,TGSPDCL,HABSIGUDA,KEESARA,GHATKESAR,MEDIPALLY,2025-11-01,2025,11,1,1,1,1.0,False,0.0,54.0,0.0,0
HABSIGUDA_MEDIPALLY,initial greater-Hyderabad study area,TGSPDCL,HABSIGUDA,KEESARA,GHATKESAR,MEDIPALLY,2025-12-01,2025,12,1,1,1,1.0,False,0.0,54.0,0.0,0
HABSIGUDA_MEDIPALLY,initial greater-Hyderabad study area,TGSPDCL,HABSIGUDA,KEESARA,GHATKESAR,MEDIPALLY,2026-01-01,2026,1,1,1,1,1.0,False,0.0,54.0,0.0,0
HABSIGUDA_MEDIPALLY,initial greater-Hyderabad study area,TGSPDCL,HABSIGUDA,KEESARA,GHATKESAR,MEDIPALLY,2026-02-01,2026,2,1,1,1,1.0,False,0.0,54.0,0.0,0
HABSIGUDA_MEDIPALLY,initial greater-Hyderabad study area,TGSPDCL,HABSIGUDA,KEESARA,GHATKESAR,MEDIPALLY,2026-03-01,2026,3,1,0,1,1.0,False,3.0,54.0,3.0,0
HABSIGUDA_MEDIPALLY,initial greater-Hyderabad study area,TGSPDCL,HABSIGUDA,KEESARA,GHATKESAR,MEDIPALLY,2026-04-01,2026,4,1,1,1,1.0,False,0.0,54.0,0.0,0
HABSIGUDA_MEDIPALLY,initial greater-Hyderabad study area,TGSPDCL,HABSIGUDA,KEESARA,GHATKESAR,MEDIPALLY,2026-05-01,2026,5,1,1,1,1.0,False,0.0,54.0,0.0,0
HABSIGUDA_MEDIPALLY,initial greater-Hyderabad study area,TGSPDCL,HABSIGUDA,KEESARA,GHATKESAR,MEDIPALLY,2026-06-01,2026,6,1,0,1,1.0,False,4.0,54.0,4.0,0
HABSIGUDA_MEDIPALLY,initial greater-Hyderabad study area,TGSPDCL,HABSIGUDA,KEESARA,GHATKESAR,MEDIPALLY,2026-07-01,2026,7,1,0,1,1.0,False,153.0,54.0,153.0,0
HABSIGUDA_MEDIPALLY,initial greater-Hyderabad study area,TGSPDCL,HABSIGUDA,KEESARA,GHATKESAR,MEDIPALLY,2026-08-01,2026,8,2,1,2,1.0,True,2277.0,107.0,1138.5,0
HABSIGUDA_MOULAALI,initial greater-Hyderabad study area,TGSPDCL,HABSIGUDA,SAINIKPURI,A S RAO NAGAR,MOULAALI,2023-01-01,2023,1,2,0,3,3.0,False,1592.0,9.0,530.67,0
HABSIGUDA_MOULAALI,initial greater-Hyderabad study area,TGSPDCL,HABSIGUDA,SAINIKPURI,A S RAO NAGAR,MOULAALI,2023-02-01,2023,2,2,0,3,3.0,False,2644.0,9.0,881.33,0
HABSIGUDA_MOULAALI,initial greater-Hyderabad study area,TGSPDCL,HABSIGUDA,SAINIKPURI,A S RAO NAGAR,MOULAALI,2023-03-01,2023,3,2,0,3,3.0,False,2209.0,9.0,736.33,0
HABSIGUDA_MOULAALI,initial greater-Hyderabad study area,TGSPDCL,HABSIGUDA,SAINIKPURI,A S RAO NAGAR,MOULAALI,2023-04-01,2023,4,2,0,3,3.0,False,2358.0,9.0,786.0,0
HABSIGUDA_MOULAALI,initial greater-Hyderabad study area,TGSPDCL,HABSIGUDA,SAINIKPURI,A S RAO NAGAR,MOULAALI,2023-05-01,2023,5,3,1,4,3.0,True,1938.0,21.0,484.5,0
HABSIGUDA_MOULAALI,initial greater-Hyderabad study area,TGSPDCL,HABSIGUDA,SAINIKPURI,A S RAO NAGAR,MOULAALI,2023-06-01,2023,6,3,0,4,4.0,False,2572.0,21.0,643.0,0
HABSIGUDA_MOULAALI,initial greater-Hyderabad study area,TGSPDCL,HABSIGUDA,SAINIKPURI,A S RAO NAGAR,MOULAALI,2023-07-01,2023,7,4,2,5,4.0,True,2619.0,75.0,523.8,0
HABSIGUDA_MOULAALI,initial greater-Hyderabad study area,TGSPDCL,HABSIGUDA,SAINIKPURI,A S RAO NAGAR,MOULAALI,2023-08-01,2023,8,4,0,5,5.0,False,2874.0,75.0,574.8,0
HABSIGUDA_MOULAALI,initial greater-Hyderabad study area,TGSPDCL,HABSIGUDA,SAINIKPURI,A S RAO NAGAR,MOULAALI,2023-09-01,2023,9,4,1,5,5.0,False,1990.0,75.0,398.0,0
HABSIGUDA_MOULAALI,initial greater-Hyderabad study area,TGSPDCL,HABSIGUDA,SAINIKPURI,A S RAO NAGAR,MOULAALI,2023-10-01,2023,10,4,0,5,5.0,False,1996.0,75.0,399.2,0
HABSIGUDA_MOULAALI,initial greater-Hyderabad study area,TGSPDCL,HABSIGUDA,SAINIKPURI,A S RAO NAGAR,MOULAALI,2023-11-01,2023,11,4,0,5,5.0,False,4148.0,75.0,829.6,0
HABSIGUDA_MOULAALI,initial greater-Hyderabad study area,TGSPDCL,HABSIGUDA,SAINIKPURI,A S RAO NAGAR,MOULAALI,2023-12-01,2023,12,4,1,5,5.0,False,4317.0,75.0,863.4,0
HABSIGUDA_MOULAALI,initial greater-Hyderabad study area,TGSPDCL,HABSIGUDA,SAINIKPURI,A S RAO NAGAR,MOULAALI,2024-01-01,2024,1,4,1,5,5.0,False,2820.0,75.0,564.0,0
HABSIGUDA_MOULAALI,initial greater-Hyderabad study area,TGSPDCL,HABSIGUDA,SAINIKPURI,A S RAO NAGAR,MOULAALI,2024-02-01,2024,2,4,1,5,5.0,False,2553.0,75.0,510.6,0
HABSIGUDA_MOULAALI,initial greater-Hyderabad study area,TGSPDCL,HABSIGUDA,SAINIKPURI,A S RAO NAGAR,MOULAALI,2024-03-01,2024,3,4,1,5,5.0,False,2242.0,75.0,448.4,0
HABSIGUDA_MOULAALI,initial greater-Hyderabad study area,TGSPDCL,HABSIGUDA,SAINIKPURI,A S RAO NAGAR,MOULAALI,2024-04-01,2024,4,4,1,5,5.0,False,3410.0,75.0,682.0,0
HABSIGUDA_MOULAALI,initial greater-Hyderabad study area,TGSPDCL,HABSIGUDA,SAINIKPURI,A S RAO NAGAR,MOULAALI,2024-05-01,2024,5,4,1,5,5.0,False,2524.0,75.0,504.8,0
HABSIGUDA_MOULAALI,initial greater-Hyderabad study area,TGSPDCL,HABSIGUDA,SAINIKPURI,A S RAO NAGAR,MOULAALI,2024-06-01,2024,6,4,1,5,5.0,False,3587.0,75.0,717.4,0
HABSIGUDA_MOULAALI,initial greater-Hyderabad study area,TGSPDCL,HABSIGUDA,SAINIKPURI,A S RAO NAGAR,MOULAALI,2024-07-01,2024,7,4,1,5,5.0,False,2320.0,75.0,464.0,0
HABSIGUDA_MOULAALI,initial greater-Hyderabad study area,TGSPDCL,HABSIGUDA,SAINIKPURI,A S RAO NAGAR,MOULAALI,2024-08-01,2024,8,4,1,5,5.0,False,1240.0,75.0,248.0,0
HABSIGUDA_MOULAALI,initial greater-Hyderabad study area,TGSPDCL,HABSIGUDA,SAINIKPURI,A S RAO NAGAR,MOULAALI,2024-09-01,2024,9,4,1,5,5.0,False,2600.0,75.0,520.0,0
HABSIGUDA_MOULAALI,initial greater-Hyderabad study area,TGSPDCL,HABSIGUDA,SAINIKPURI,A S RAO NAGAR,MOULAALI,2024-10-01,2024,10,4,1,5,5.0,False,3210.0,75.0,642.0,0
HABSIGUDA_MOULAALI,initial greater-Hyderabad study area,TGSPDCL,HABSIGUDA,SAINIKPURI,A S RAO NAGAR,MOULAALI,2024-11-01,2024,11,4,1,5,5.0,False,4023.0,75.0,804.6,0
HABSIGUDA_MOULAALI,initial greater-Hyderabad study area,TGSPDCL,HABSIGUDA,SAINIKPURI,A S RAO NAGAR,MOULAALI,2024-12-01,2024,12,4,1,5,5.0,False,3536.0,75.0,707.2,0
HABSIGUDA_MOULAALI,initial greater-Hyderabad study area,TGSPDCL,HABSIGUDA,SAINIKPURI,A S RAO NAGAR,MOULAALI,2025-01-01,2025,1,4,1,5,5.0,False,3828.0,75.0,765.6,0
HABSIGUDA_MOULAALI,initial greater-Hyderabad study area,TGSPDCL,HABSIGUDA,SAINIKPURI,A S RAO NAGAR,MOULAALI,2025-02-01,2025,2,4,1,5,5.0,False,3558.0,75.0,711.6,0
HABSIGUDA_MOULAALI,initial greater-Hyderabad study area,TGSPDCL,HABSIGUDA,SAINIKPURI,A S RAO NAGAR,MOULAALI,2025-03-01,2025,3,4,1,5,5.0,False,3185.0,75.0,637.0,0
HABSIGUDA_MOULAALI,initial greater-Hyderabad study area,TGSPDCL,HABSIGUDA,SAINIKPURI,A S RAO NAGAR,MOULAALI,2025-04-01,2025,4,4,2,5,5.0,False,3027.0,75.0,605.4,0
HABSIGUDA_MOULAALI,initial greater-Hyderabad study area,TGSPDCL,HABSIGUDA,SAINIKPURI,A S RAO NAGAR,MOULAALI,2025-05-01,2025,5,4,2,5,5.0,False,2749.0,75.0,549.8,0
HABSIGUDA_MOULAALI,initial greater-Hyderabad study area,TGSPDCL,HABSIGUDA,SAINIKPURI,A S RAO NAGAR,MOULAALI,2025-06-01,2025,6,4,2,5,5.0,False,2537.0,75.0,507.4,0
HABSIGUDA_MOULAALI,initial greater-Hyderabad study area,TGSPDCL,HABSIGUDA,SAINIKPURI,A S RAO NAGAR,MOULAALI,2025-07-01,2025,7,4,2,5,5.0,False,2565.0,75.0,513.0,0
HABSIGUDA_MOULAALI,initial greater-Hyderabad study area,TGSPDCL,HABSIGUDA,SAINIKPURI,A S RAO NAGAR,MOULAALI,2025-08-01,2025,8,4,2,5,5.0,False,2883.0,78.0,576.6,0
HABSIGUDA_MOULAALI,initial greater-Hyderabad study area,TGSPDCL,HABSIGUDA,SAINIKPURI,A S RAO NAGAR,MOULAALI,2025-09-01,2025,9,4,2,5,5.0,False,3088.0,78.0,617.6,0
HABSIGUDA_MOULAALI,initial greater-Hyderabad study area,TGSPDCL,HABSIGUDA,SAINIKPURI,A S RAO NAGAR,MOULAALI,2025-10-01,2025,10,4,2,5,5.0,False,2841.0,78.0,568.2,0
HABSIGUDA_MOULAALI,initial greater-Hyderabad study area,TGSPDCL,HABSIGUDA,SAINIKPURI,A S RAO NAGAR,MOULAALI,2025-11-01,2025,11,4,2,5,5.0,False,4448.0,78.0,889.6,0
HABSIGUDA_MOULAALI,initial greater-Hyderabad study area,TGSPDCL,HABSIGUDA,SAINIKPURI,A S RAO NAGAR,MOULAALI,2025-12-01,2025,12,4,2,5,5.0,False,4747.0,78.0,949.4,0
HABSIGUDA_MOULAALI,initial greater-Hyderabad study area,TGSPDCL,HABSIGUDA,SAINIKPURI,A S RAO NAGAR,MOULAALI,2026-01-01,2026,1,4,3,5,4.0,True,3977.0,78.0,795.4,0
HABSIGUDA_MOULAALI,initial greater-Hyderabad study area,TGSPDCL,HABSIGUDA,SAINIKPURI,A S RAO NAGAR,MOULAALI,2026-02-01,2026,2,4,3,5,4.0,True,12425.0,78.0,2485.0,0
HABSIGUDA_MOULAALI,initial greater-Hyderabad study area,TGSPDCL,HABSIGUDA,SAINIKPURI,A S RAO NAGAR,MOULAALI,2026-03-01,2026,3,4,3,5,4.0,True,6799.0,78.0,1359.8,0
HABSIGUDA_MOULAALI,initial greater-Hyderabad study area,TGSPDCL,HABSIGUDA,SAINIKPURI,A S RAO NAGAR,MOULAALI,2026-04-01,2026,4,4,3,5,4.0,True,9822.0,78.0,1964.4,0
HABSIGUDA_MOULAALI,initial greater-Hyderabad study area,TGSPDCL,HABSIGUDA,SAINIKPURI,A S RAO NAGAR,MOULAALI,2026-05-01,2026,5,4,2,5,4.0,True,10022.0,78.0,2004.4,0
HABSIGUDA_MOULAALI,initial greater-Hyderabad study area,TGSPDCL,HABSIGUDA,SAINIKPURI,A S RAO NAGAR,MOULAALI,2026-06-01,2026,6,5,4,6,4.0,True,10667.0,131.0,1777.83,0
HABSIGUDA_MOULAALI,initial greater-Hyderabad study area,TGSPDCL,HABSIGUDA,SAINIKPURI,A S RAO NAGAR,MOULAALI,2026-07-01,2026,7,5,2,6,5.0,True,20866.0,131.0,3477.67,0
HABSIGUDA_MOULAALI,initial greater-Hyderabad study area,TGSPDCL,HABSIGUDA,SAINIKPURI,A S RAO NAGAR,MOULAALI,2026-08-01,2026,8,5,2,6,5.0,True,22589.0,131.0,3764.83,0
HABSIGUDA_NACHARAM,initial greater-Hyderabad study area,TGSPDCL,HABSIGUDA,HABSIGUDA,HABSIGUDA,NACHARAM,2023-01-01,2023,1,3,0,3,3.0,False,4242.0,30.0,1414.0,0
HABSIGUDA_NACHARAM,initial greater-Hyderabad study area,TGSPDCL,HABSIGUDA,HABSIGUDA,HABSIGUDA,NACHARAM,2023-02-01,2023,2,3,0,3,3.0,False,5565.0,30.0,1855.0,0
HABSIGUDA_NACHARAM,initial greater-Hyderabad study area,TGSPDCL,HABSIGUDA,HABSIGUDA,HABSIGUDA,NACHARAM,2023-03-01,2023,3,3,0,3,3.0,False,6001.0,30.0,2000.33,0
HABSIGUDA_NACHARAM,initial greater-Hyderabad study area,TGSPDCL,HABSIGUDA,HABSIGUDA,HABSIGUDA,NACHARAM,2023-04-01,2023,4,3,0,3,3.0,False,5376.0,30.0,1792.0,0
HABSIGUDA_NACHARAM,initial greater-Hyderabad study area,TGSPDCL,HABSIGUDA,HABSIGUDA,HABSIGUDA,NACHARAM,2023-05-01,2023,5,3,0,3,3.0,False,3039.0,30.0,1013.0,0
HABSIGUDA_NACHARAM,initial greater-Hyderabad study area,TGSPDCL,HABSIGUDA,HABSIGUDA,HABSIGUDA,NACHARAM,2023-06-01,2023,6,3,0,3,3.0,False,4966.0,30.0,1655.33,0
HABSIGUDA_NACHARAM,initial greater-Hyderabad study area,TGSPDCL,HABSIGUDA,HABSIGUDA,HABSIGUDA,NACHARAM,2023-07-01,2023,7,4,0,4,4.0,False,6364.0,48.65,1591.0,0
HABSIGUDA_NACHARAM,initial greater-Hyderabad study area,TGSPDCL,HABSIGUDA,HABSIGUDA,HABSIGUDA,NACHARAM,2023-08-01,2023,8,4,0,4,4.0,False,5964.0,48.65,1491.0,0
HABSIGUDA_NACHARAM,initial greater-Hyderabad study area,TGSPDCL,HABSIGUDA,HABSIGUDA,HABSIGUDA,NACHARAM,2023-09-01,2023,9,4,0,4,4.0,False,6303.0,48.65,1575.75,0
HABSIGUDA_NACHARAM,initial greater-Hyderabad study area,TGSPDCL,HABSIGUDA,HABSIGUDA,HABSIGUDA,NACHARAM,2023-10-01,2023,10,4,0,6,4.0,False,4891.0,156.65,815.17,0
HABSIGUDA_NACHARAM,initial greater-Hyderabad study area,TGSPDCL,HABSIGUDA,HABSIGUDA,HABSIGUDA,NACHARAM,2023-11-01,2023,11,4,0,6,6.0,False,6566.0,156.65,1094.33,0
HABSIGUDA_NACHARAM,initial greater-Hyderabad study area,TGSPDCL,HABSIGUDA,HABSIGUDA,HABSIGUDA,NACHARAM,2023-12-01,2023,12,4,0,6,6.0,False,7008.0,156.65,1168.0,0
HABSIGUDA_NACHARAM,initial greater-Hyderabad study area,TGSPDCL,HABSIGUDA,HABSIGUDA,HABSIGUDA,NACHARAM,2024-01-01,2024,1,4,0,6,6.0,False,6152.0,156.65,1025.33,0
HABSIGUDA_NACHARAM,initial greater-Hyderabad study area,TGSPDCL,HABSIGUDA,HABSIGUDA,HABSIGUDA,NACHARAM,2024-02-01,2024,2,4,0,6,6.0,False,7504.0,156.65,1250.67,0
HABSIGUDA_NACHARAM,initial greater-Hyderabad study area,TGSPDCL,HABSIGUDA,HABSIGUDA,HABSIGUDA,NACHARAM,2024-03-01,2024,3,4,0,6,6.0,False,7396.0,179.65,1232.67,0
HABSIGUDA_NACHARAM,initial greater-Hyderabad study area,TGSPDCL,HABSIGUDA,HABSIGUDA,HABSIGUDA,NACHARAM,2024-04-01,2024,4,4,0,6,6.0,False,7448.0,179.65,1241.33,0
HABSIGUDA_NACHARAM,initial greater-Hyderabad study area,TGSPDCL,HABSIGUDA,HABSIGUDA,HABSIGUDA,NACHARAM,2024-05-01,2024,5,4,0,6,6.0,False,6007.0,179.65,1001.17,0
HABSIGUDA_NACHARAM,initial greater-Hyderabad study area,TGSPDCL,HABSIGUDA,HABSIGUDA,HABSIGUDA,NACHARAM,2024-06-01,2024,6,4,0,6,6.0,False,6539.0,179.65,1089.83,0
HABSIGUDA_NACHARAM,initial greater-Hyderabad study area,TGSPDCL,HABSIGUDA,HABSIGUDA,HABSIGUDA,NACHARAM,2024-07-01,2024,7,4,0,6,6.0,False,6969.0,179.65,1161.5,0
HABSIGUDA_NACHARAM,initial greater-Hyderabad study area,TGSPDCL,HABSIGUDA,HABSIGUDA,HABSIGUDA,NACHARAM,2024-08-01,2024,8,4,0,6,6.0,False,5426.0,179.65,904.33,0
HABSIGUDA_NACHARAM,initial greater-Hyderabad study area,TGSPDCL,HABSIGUDA,HABSIGUDA,HABSIGUDA,NACHARAM,2024-09-01,2024,9,4,0,7,6.0,False,6931.0,233.65,990.14,0
HABSIGUDA_NACHARAM,initial greater-Hyderabad study area,TGSPDCL,HABSIGUDA,HABSIGUDA,HABSIGUDA,NACHARAM,2024-10-01,2024,10,4,0,7,7.0,False,5877.0,233.65,839.57,0
HABSIGUDA_NACHARAM,initial greater-Hyderabad study area,TGSPDCL,HABSIGUDA,HABSIGUDA,HABSIGUDA,NACHARAM,2024-11-01,2024,11,4,0,7,7.0,False,6456.0,233.65,922.29,0
HABSIGUDA_NACHARAM,initial greater-Hyderabad study area,TGSPDCL,HABSIGUDA,HABSIGUDA,HABSIGUDA,NACHARAM,2024-12-01,2024,12,4,0,7,7.0,False,8296.0,233.65,1185.14,0
HABSIGUDA_NACHARAM,initial greater-Hyderabad study area,TGSPDCL,HABSIGUDA,HABSIGUDA,HABSIGUDA,NACHARAM,2025-01-01,2025,1,4,0,7,7.0,False,8801.0,233.65,1257.29,0
HABSIGUDA_NACHARAM,initial greater-Hyderabad study area,TGSPDCL,HABSIGUDA,HABSIGUDA,HABSIGUDA,NACHARAM,2025-02-01,2025,2,4,0,7,7.0,False,9269.0,233.65,1324.14,0
HABSIGUDA_NACHARAM,initial greater-Hyderabad study area,TGSPDCL,HABSIGUDA,HABSIGUDA,HABSIGUDA,NACHARAM,2025-03-01,2025,3,4,0,7,7.0,False,7848.0,233.65,1121.14,0
HABSIGUDA_NACHARAM,initial greater-Hyderabad study area,TGSPDCL,HABSIGUDA,HABSIGUDA,HABSIGUDA,NACHARAM,2025-04-01,2025,4,4,0,7,7.0,False,9265.0,233.65,1323.57,0
HABSIGUDA_NACHARAM,initial greater-Hyderabad study area,TGSPDCL,HABSIGUDA,HABSIGUDA,HABSIGUDA,NACHARAM,2025-05-01,2025,5,4,1,7,7.0,False,7412.0,233.65,1058.86,0
HABSIGUDA_NACHARAM,initial greater-Hyderabad study area,TGSPDCL,HABSIGUDA,HABSIGUDA,HABSIGUDA,NACHARAM,2025-06-01,2025,6,4,1,7,7.0,False,7720.0,233.65,1102.86,0
HABSIGUDA_NACHARAM,initial greater-Hyderabad study area,TGSPDCL,HABSIGUDA,HABSIGUDA,HABSIGUDA,NACHARAM,2025-07-01,2025,7,4,1,7,7.0,False,7718.0,233.65,1102.57,0
HABSIGUDA_NACHARAM,initial greater-Hyderabad study area,TGSPDCL,HABSIGUDA,HABSIGUDA,HABSIGUDA,NACHARAM,2025-08-01,2025,8,4,1,7,7.0,False,6638.0,233.65,948.29,0
HABSIGUDA_NACHARAM,initial greater-Hyderabad study area,TGSPDCL,HABSIGUDA,HABSIGUDA,HABSIGUDA,NACHARAM,2025-09-01,2025,9,4,1,7,7.0,False,5996.0,233.65,856.57,0
HABSIGUDA_NACHARAM,initial greater-Hyderabad study area,TGSPDCL,HABSIGUDA,HABSIGUDA,HABSIGUDA,NACHARAM,2025-10-01,2025,10,3,1,7,7.0,False,5692.0,233.65,813.14,0
HABSIGUDA_NACHARAM,initial greater-Hyderabad study area,TGSPDCL,HABSIGUDA,HABSIGUDA,HABSIGUDA,NACHARAM,2025-11-01,2025,11,3,1,7,7.0,False,4920.0,233.65,702.86,0
HABSIGUDA_NACHARAM,initial greater-Hyderabad study area,TGSPDCL,HABSIGUDA,HABSIGUDA,HABSIGUDA,NACHARAM,2025-12-01,2025,12,3,1,7,7.0,False,2787.0,233.65,398.14,0
HABSIGUDA_NACHARAM,initial greater-Hyderabad study area,TGSPDCL,HABSIGUDA,HABSIGUDA,HABSIGUDA,NACHARAM,2026-01-01,2026,1,3,1,7,7.0,False,2538.0,233.65,362.57,0
HABSIGUDA_NACHARAM,initial greater-Hyderabad study area,TGSPDCL,HABSIGUDA,HABSIGUDA,HABSIGUDA,NACHARAM,2026-02-01,2026,2,3,2,7,7.0,False,1800.0,233.65,257.14,0
HABSIGUDA_NACHARAM,initial greater-Hyderabad study area,TGSPDCL,HABSIGUDA,HABSIGUDA,HABSIGUDA,NACHARAM,2026-03-01,2026,3,3,2,7,7.0,False,1502.0,233.65,214.57,0
HABSIGUDA_NACHARAM,initial greater-Hyderabad study area,TGSPDCL,HABSIGUDA,HABSIGUDA,HABSIGUDA,NACHARAM,2026-04-01,2026,4,3,2,7,7.0,False,2263.0,233.65,323.29,0
HABSIGUDA_NACHARAM,initial greater-Hyderabad study area,TGSPDCL,HABSIGUDA,HABSIGUDA,HABSIGUDA,NACHARAM,2026-05-01,2026,5,3,2,7,7.0,False,2040.0,233.65,291.43,0
HABSIGUDA_NACHARAM,initial greater-Hyderabad study area,TGSPDCL,HABSIGUDA,HABSIGUDA,HABSIGUDA,NACHARAM,2026-06-01,2026,6,3,1,7,7.0,False,2411.0,233.65,344.43,0
HABSIGUDA_NACHARAM,initial greater-Hyderabad study area,TGSPDCL,HABSIGUDA,HABSIGUDA,HABSIGUDA,NACHARAM,2026-07-01,2026,7,3,0,7,7.0,False,2827.0,233.65,403.86,0
HABSIGUDA_NACHARAM,initial greater-Hyderabad study area,TGSPDCL,HABSIGUDA,HABSIGUDA,HABSIGUDA,NACHARAM,2026-08-01,2026,8,3,0,7,7.0,False,3392.0,233.65,484.57,0
HABSIGUDA_NAGARAM,initial greater-Hyderabad study area,TGSPDCL,HABSIGUDA,KEESARA,KEESARA,NAGARAM,2023-01-01,2023,1,1,1,1,1.0,False,0.0,15.0,0.0,0
HABSIGUDA_NAGARAM,initial greater-Hyderabad study area,TGSPDCL,HABSIGUDA,KEESARA,KEESARA,NAGARAM,2023-02-01,2023,2,1,1,1,1.0,False,0.0,15.0,0.0,0
HABSIGUDA_NAGARAM,initial greater-Hyderabad study area,TGSPDCL,HABSIGUDA,KEESARA,KEESARA,NAGARAM,2023-03-01,2023,3,1,1,1,1.0,False,0.0,15.0,0.0,0
HABSIGUDA_NAGARAM,initial greater-Hyderabad study area,TGSPDCL,HABSIGUDA,KEESARA,KEESARA,NAGARAM,2023-04-01,2023,4,1,1,1,1.0,False,0.0,15.0,0.0,0
HABSIGUDA_NAGARAM,initial greater-Hyderabad study area,TGSPDCL,HABSIGUDA,KEESARA,KEESARA,NAGARAM,2023-05-01,2023,5,1,1,1,1.0,False,0.0,15.0,0.0,0
HABSIGUDA_NAGARAM,initial greater-Hyderabad study area,TGSPDCL,HABSIGUDA,KEESARA,KEESARA,NAGARAM,2023-06-01,2023,6,1,1,1,,True,0.0,15.0,0.0,0
HABSIGUDA_NAGARAM,initial greater-Hyderabad study area,TGSPDCL,HABSIGUDA,KEESARA,KEESARA,NAGARAM,2023-07-01,2023,7,1,1,1,,True,0.0,15.0,0.0,0
HABSIGUDA_NAGARAM,initial greater-Hyderabad study area,TGSPDCL,HABSIGUDA,KEESARA,KEESARA,NAGARAM,2023-08-01,2023,8,1,1,1,,True,0.0,15.0,0.0,0
HABSIGUDA_NAGARAM,initial greater-Hyderabad study area,TGSPDCL,HABSIGUDA,KEESARA,KEESARA,NAGARAM,2023-09-01,2023,9,1,1,1,,True,0.0,15.0,0.0,0
HABSIGUDA_NAGARAM,initial greater-Hyderabad study area,TGSPDCL,HABSIGUDA,KEESARA,KEESARA,NAGARAM,2023-10-01,2023,10,1,1,1,,True,0.0,15.0,0.0,0
HABSIGUDA_NAGARAM,initial greater-Hyderabad study area,TGSPDCL,HABSIGUDA,KEESARA,KEESARA,NAGARAM,2023-11-01,2023,11,1,1,1,,True,0.0,15.0,0.0,0
HABSIGUDA_NAGARAM,initial greater-Hyderabad study area,TGSPDCL,HABSIGUDA,KEESARA,KEESARA,NAGARAM,2023-12-01,2023,12,1,1,1,,True,0.0,15.0,0.0,0
HABSIGUDA_NAGARAM,initial greater-Hyderabad study area,TGSPDCL,HABSIGUDA,KEESARA,KEESARA,NAGARAM,2024-01-01,2024,1,1,1,1,,True,0.0,15.0,0.0,0
HABSIGUDA_NAGARAM,initial greater-Hyderabad study area,TGSPDCL,HABSIGUDA,KEESARA,KEESARA,NAGARAM,2024-02-01,2024,2,1,1,1,,True,0.0,15.0,0.0,0
HABSIGUDA_NAGARAM,initial greater-Hyderabad study area,TGSPDCL,HABSIGUDA,KEESARA,KEESARA,NAGARAM,2024-03-01,2024,3,1,1,1,,True,0.0,15.0,0.0,0
HABSIGUDA_NAGARAM,initial greater-Hyderabad study area,TGSPDCL,HABSIGUDA,KEESARA,KEESARA,NAGARAM,2024-04-01,2024,4,1,1,1,,True,0.0,15.0,0.0,0
HABSIGUDA_NAGARAM,initial greater-Hyderabad study area,TGSPDCL,HABSIGUDA,KEESARA,KEESARA,NAGARAM,2024-05-01,2024,5,1,1,1,,True,0.0,15.0,0.0,0
HABSIGUDA_NAGARAM,initial greater-Hyderabad study area,TGSPDCL,HABSIGUDA,KEESARA,KEESARA,NAGARAM,2024-06-01,2024,6,1,1,1,,True,0.0,15.0,0.0,0
HABSIGUDA_NAGARAM,initial greater-Hyderabad study area,TGSPDCL,HABSIGUDA,KEESARA,KEESARA,NAGARAM,2024-07-01,2024,7,1,1,1,,True,0.0,15.0,0.0,0
HABSIGUDA_NAGARAM,initial greater-Hyderabad study area,TGSPDCL,HABSIGUDA,KEESARA,KEESARA,NAGARAM,2024-08-01,2024,8,1,1,1,,True,0.0,15.0,0.0,0
HABSIGUDA_NAGARAM,initial greater-Hyderabad study area,TGSPDCL,HABSIGUDA,KEESARA,KEESARA,NAGARAM,2024-09-01,2024,9,1,1,1,,True,0.0,15.0,0.0,0
HABSIGUDA_NAGARAM,initial greater-Hyderabad study area,TGSPDCL,HABSIGUDA,KEESARA,KEESARA,NAGARAM,2024-10-01,2024,10,1,1,1,,True,0.0,15.0,0.0,0
HABSIGUDA_NAGARAM,initial greater-Hyderabad study area,TGSPDCL,HABSIGUDA,KEESARA,KEESARA,NAGARAM,2024-11-01,2024,11,1,1,1,,True,0.0,15.0,0.0,0
HABSIGUDA_NAGARAM,initial greater-Hyderabad study area,TGSPDCL,HABSIGUDA,KEESARA,KEESARA,NAGARAM,2024-12-01,2024,12,1,1,1,,True,0.0,15.0,0.0,0
HABSIGUDA_NAGARAM,initial greater-Hyderabad study area,TGSPDCL,HABSIGUDA,KEESARA,KEESARA,NAGARAM,2025-01-01,2025,1,1,1,1,,True,0.0,15.0,0.0,0
HABSIGUDA_NAGARAM,initial greater-Hyderabad study area,TGSPDCL,HABSIGUDA,KEESARA,KEESARA,NAGARAM,2025-02-01,2025,2,1,1,1,,True,0.0,15.0,0.0,0
HABSIGUDA_NAGARAM,initial greater-Hyderabad study area,TGSPDCL,HABSIGUDA,KEESARA,KEESARA,NAGARAM,2025-03-01,2025,3,1,1,1,,True,0.0,15.0,0.0,0
HABSIGUDA_NAGARAM,initial greater-Hyderabad study area,TGSPDCL,HABSIGUDA,KEESARA,KEESARA,NAGARAM,2025-04-01,2025,4,1,1,1,,True,0.0,15.0,0.0,0
HABSIGUDA_NAGARAM,initial greater-Hyderabad study area,TGSPDCL,HABSIGUDA,KEESARA,KEESARA,NAGARAM,2025-05-01,2025,5,1,1,1,,True,0.0,15.0,0.0,0
HABSIGUDA_NAGARAM,initial greater-Hyderabad study area,TGSPDCL,HABSIGUDA,KEESARA,KEESARA,NAGARAM,2025-06-01,2025,6,1,1,1,,True,0.0,15.0,0.0,0
HABSIGUDA_NAGARAM,initial greater-Hyderabad study area,TGSPDCL,HABSIGUDA,KEESARA,KEESARA,NAGARAM,2025-07-01,2025,7,1,1,1,,True,0.0,15.0,0.0,0
HABSIGUDA_NAGARAM,initial greater-Hyderabad study area,TGSPDCL,HABSIGUDA,KEESARA,KEESARA,NAGARAM,2025-08-01,2025,8,1,1,1,,True,0.0,15.0,0.0,0
HABSIGUDA_NAGARAM,initial greater-Hyderabad study area,TGSPDCL,HABSIGUDA,KEESARA,KEESARA,NAGARAM,2025-09-01,2025,9,1,1,1,,True,0.0,15.0,0.0,0
HABSIGUDA_NAGARAM,initial greater-Hyderabad study area,TGSPDCL,HABSIGUDA,KEESARA,KEESARA,NAGARAM,2025-10-01,2025,10,1,1,1,,True,0.0,15.0,0.0,0
HABSIGUDA_NAGARAM,initial greater-Hyderabad study area,TGSPDCL,HABSIGUDA,KEESARA,KEESARA,NAGARAM,2025-11-01,2025,11,1,1,1,,True,0.0,15.0,0.0,0
HABSIGUDA_NAGARAM,initial greater-Hyderabad study area,TGSPDCL,HABSIGUDA,KEESARA,KEESARA,NAGARAM,2025-12-01,2025,12,1,1,1,,True,0.0,15.0,0.0,0
HABSIGUDA_NAGARAM,initial greater-Hyderabad study area,TGSPDCL,HABSIGUDA,KEESARA,KEESARA,NAGARAM,2026-01-01,2026,1,1,1,1,,True,0.0,15.0,0.0,0
HABSIGUDA_NAGARAM,initial greater-Hyderabad study area,TGSPDCL,HABSIGUDA,KEESARA,KEESARA,NAGARAM,2026-02-01,2026,2,1,1,1,,True,0.0,15.0,0.0,0
HABSIGUDA_NAGARAM,initial greater-Hyderabad study area,TGSPDCL,HABSIGUDA,KEESARA,KEESARA,NAGARAM,2026-03-01,2026,3,1,1,1,,True,0.0,15.0,0.0,0
HABSIGUDA_NAGARAM,initial greater-Hyderabad study area,TGSPDCL,HABSIGUDA,KEESARA,KEESARA,NAGARAM,2026-04-01,2026,4,1,1,1,,True,0.0,15.0,0.0,0
HABSIGUDA_NAGARAM,initial greater-Hyderabad study area,TGSPDCL,HABSIGUDA,KEESARA,KEESARA,NAGARAM,2026-05-01,2026,5,1,1,1,,True,0.0,15.0,0.0,0
HABSIGUDA_NAGARAM,initial greater-Hyderabad study area,TGSPDCL,HABSIGUDA,KEESARA,KEESARA,NAGARAM,2026-06-01,2026,6,1,1,1,,True,0.0,15.0,0.0,0
HABSIGUDA_NAGARAM,initial greater-Hyderabad study area,TGSPDCL,HABSIGUDA,KEESARA,KEESARA,NAGARAM,2026-07-01,2026,7,1,1,1,,True,0.0,15.0,0.0,0
HABSIGUDA_NAGARAM,initial greater-Hyderabad study area,TGSPDCL,HABSIGUDA,KEESARA,KEESARA,NAGARAM,2026-08-01,2026,8,2,2,2,,True,0.0,69.0,0.0,0
HABSIGUDA_NARAPALLY,initial greater-Hyderabad study area,TGSPDCL,HABSIGUDA,KEESARA,GHATKESAR,NARAPALLY,2025-04-01,2025,4,1,0,2,2.0,False,1.0,108.0,0.5,0
HABSIGUDA_NARAPALLY,initial greater-Hyderabad study area,TGSPDCL,HABSIGUDA,KEESARA,GHATKESAR,NARAPALLY,2025-05-01,2025,5,1,1,2,2.0,False,0.0,108.0,0.0,0
HABSIGUDA_NARAPALLY,initial greater-Hyderabad study area,TGSPDCL,HABSIGUDA,KEESARA,GHATKESAR,NARAPALLY,2025-06-01,2025,6,2,1,3,2.0,True,271.0,162.0,90.33,0
HABSIGUDA_NARAPALLY,initial greater-Hyderabad study area,TGSPDCL,HABSIGUDA,KEESARA,GHATKESAR,NARAPALLY,2025-07-01,2025,7,2,0,3,3.0,False,2442.0,162.0,814.0,0
HABSIGUDA_NARAPALLY,initial greater-Hyderabad study area,TGSPDCL,HABSIGUDA,KEESARA,GHATKESAR,NARAPALLY,2025-08-01,2025,8,2,0,3,3.0,False,2387.0,162.0,795.67,0
HABSIGUDA_NARAPALLY,initial greater-Hyderabad study area,TGSPDCL,HABSIGUDA,KEESARA,GHATKESAR,NARAPALLY,2025-09-01,2025,9,2,1,3,3.0,False,1546.0,162.0,515.33,0
HABSIGUDA_NARAPALLY,initial greater-Hyderabad study area,TGSPDCL,HABSIGUDA,KEESARA,GHATKESAR,NARAPALLY,2025-10-01,2025,10,2,1,3,3.0,False,3914.0,162.0,1304.67,0
HABSIGUDA_NARAPALLY,initial greater-Hyderabad study area,TGSPDCL,HABSIGUDA,KEESARA,GHATKESAR,NARAPALLY,2025-11-01,2025,11,2,1,3,3.0,False,4817.0,178.0,1605.67,0
HABSIGUDA_NARAPALLY,initial greater-Hyderabad study area,TGSPDCL,HABSIGUDA,KEESARA,GHATKESAR,NARAPALLY,2025-12-01,2025,12,2,1,3,3.0,False,2768.0,178.0,922.67,0
HABSIGUDA_NARAPALLY,initial greater-Hyderabad study area,TGSPDCL,HABSIGUDA,KEESARA,GHATKESAR,NARAPALLY,2026-01-01,2026,1,2,1,3,3.0,False,4636.0,178.0,1545.33,0
HABSIGUDA_NARAPALLY,initial greater-Hyderabad study area,TGSPDCL,HABSIGUDA,KEESARA,GHATKESAR,NARAPALLY,2026-02-01,2026,2,2,1,3,3.0,False,2689.0,178.0,896.33,0
HABSIGUDA_NARAPALLY,initial greater-Hyderabad study area,TGSPDCL,HABSIGUDA,KEESARA,GHATKESAR,NARAPALLY,2026-03-01,2026,3,2,1,3,3.0,False,2601.0,178.0,867.0,0
HABSIGUDA_NARAPALLY,initial greater-Hyderabad study area,TGSPDCL,HABSIGUDA,KEESARA,GHATKESAR,NARAPALLY,2026-04-01,2026,4,2,1,3,3.0,False,5105.0,178.0,1701.67,0
HABSIGUDA_NARAPALLY,initial greater-Hyderabad study area,TGSPDCL,HABSIGUDA,KEESARA,GHATKESAR,NARAPALLY,2026-05-01,2026,5,2,1,4,3.0,False,10437.0,232.0,2609.25,0
HABSIGUDA_NARAPALLY,initial greater-Hyderabad study area,TGSPDCL,HABSIGUDA,KEESARA,GHATKESAR,NARAPALLY,2026-06-01,2026,6,2,0,4,4.0,False,15266.0,232.0,3816.5,0
HABSIGUDA_NARAPALLY,initial greater-Hyderabad study area,TGSPDCL,HABSIGUDA,KEESARA,GHATKESAR,NARAPALLY,2026-07-01,2026,7,2,0,4,4.0,False,17430.0,232.0,4357.5,0
HABSIGUDA_NARAPALLY,initial greater-Hyderabad study area,TGSPDCL,HABSIGUDA,KEESARA,GHATKESAR,NARAPALLY,2026-08-01,2026,8,2,0,4,4.0,False,14337.0,232.0,3584.25,0
HABSIGUDA_NEREDMET,initial greater-Hyderabad study area,TGSPDCL,HABSIGUDA,SAINIKPURI,A S RAO NAGAR,NEREDMET,2025-01-01,2025,1,1,1,1,,True,0.0,53.0,0.0,0
HABSIGUDA_NEREDMET,initial greater-Hyderabad study area,TGSPDCL,HABSIGUDA,SAINIKPURI,A S RAO NAGAR,NEREDMET,2025-02-01,2025,2,1,0,1,1.0,False,1137.0,53.0,1137.0,0
HABSIGUDA_NEREDMET,initial greater-Hyderabad study area,TGSPDCL,HABSIGUDA,SAINIKPURI,A S RAO NAGAR,NEREDMET,2025-03-01,2025,3,1,0,1,1.0,False,2035.0,53.0,2035.0,0
HABSIGUDA_NEREDMET,initial greater-Hyderabad study area,TGSPDCL,HABSIGUDA,SAINIKPURI,A S RAO NAGAR,NEREDMET,2025-04-01,2025,4,1,0,1,1.0,False,2583.0,53.0,2583.0,0
HABSIGUDA_NEREDMET,initial greater-Hyderabad study area,TGSPDCL,HABSIGUDA,SAINIKPURI,A S RAO NAGAR,NEREDMET,2025-05-01,2025,5,1,0,1,1.0,False,2890.0,53.0,2890.0,0
HABSIGUDA_NEREDMET,initial greater-Hyderabad study area,TGSPDCL,HABSIGUDA,SAINIKPURI,A S RAO NAGAR,NEREDMET,2025-06-01,2025,6,1,0,1,1.0,False,2404.0,53.0,2404.0,0
HABSIGUDA_NEREDMET,initial greater-Hyderabad study area,TGSPDCL,HABSIGUDA,SAINIKPURI,A S RAO NAGAR,NEREDMET,2025-07-01,2025,7,1,0,1,1.0,False,2747.0,53.0,2747.0,0
HABSIGUDA_NEREDMET,initial greater-Hyderabad study area,TGSPDCL,HABSIGUDA,SAINIKPURI,A S RAO NAGAR,NEREDMET,2025-08-01,2025,8,1,0,1,1.0,False,3242.0,53.0,3242.0,0
HABSIGUDA_NEREDMET,initial greater-Hyderabad study area,TGSPDCL,HABSIGUDA,SAINIKPURI,A S RAO NAGAR,NEREDMET,2025-09-01,2025,9,1,0,1,1.0,False,3092.0,53.0,3092.0,0
HABSIGUDA_NEREDMET,initial greater-Hyderabad study area,TGSPDCL,HABSIGUDA,SAINIKPURI,A S RAO NAGAR,NEREDMET,2025-10-01,2025,10,1,0,1,1.0,False,3440.0,53.0,3440.0,0
HABSIGUDA_NEREDMET,initial greater-Hyderabad study area,TGSPDCL,HABSIGUDA,SAINIKPURI,A S RAO NAGAR,NEREDMET,2025-11-01,2025,11,1,0,1,1.0,False,4781.0,53.0,4781.0,0
HABSIGUDA_NEREDMET,initial greater-Hyderabad study area,TGSPDCL,HABSIGUDA,SAINIKPURI,A S RAO NAGAR,NEREDMET,2025-12-01,2025,12,1,0,1,1.0,False,4039.0,53.0,4039.0,0
HABSIGUDA_NEREDMET,initial greater-Hyderabad study area,TGSPDCL,HABSIGUDA,SAINIKPURI,A S RAO NAGAR,NEREDMET,2026-01-01,2026,1,1,0,1,1.0,False,5856.0,53.0,5856.0,0
HABSIGUDA_NEREDMET,initial greater-Hyderabad study area,TGSPDCL,HABSIGUDA,SAINIKPURI,A S RAO NAGAR,NEREDMET,2026-02-01,2026,2,1,0,1,1.0,False,6205.0,53.0,6205.0,0
HABSIGUDA_NEREDMET,initial greater-Hyderabad study area,TGSPDCL,HABSIGUDA,SAINIKPURI,A S RAO NAGAR,NEREDMET,2026-03-01,2026,3,1,0,1,1.0,False,8936.0,53.0,8936.0,0
HABSIGUDA_NEREDMET,initial greater-Hyderabad study area,TGSPDCL,HABSIGUDA,SAINIKPURI,A S RAO NAGAR,NEREDMET,2026-04-01,2026,4,1,0,1,1.0,False,12400.0,53.0,12400.0,0
HABSIGUDA_NEREDMET,initial greater-Hyderabad study area,TGSPDCL,HABSIGUDA,SAINIKPURI,A S RAO NAGAR,NEREDMET,2026-05-01,2026,5,1,0,1,1.0,False,13491.0,53.0,13491.0,0
HABSIGUDA_NEREDMET,initial greater-Hyderabad study area,TGSPDCL,HABSIGUDA,SAINIKPURI,A S RAO NAGAR,NEREDMET,2026-06-01,2026,6,1,0,1,1.0,False,20751.0,53.0,20751.0,0
HABSIGUDA_NEREDMET,initial greater-Hyderabad study area,TGSPDCL,HABSIGUDA,SAINIKPURI,A S RAO NAGAR,NEREDMET,2026-07-01,2026,7,1,0,1,1.0,False,25384.0,53.0,25384.0,0
HABSIGUDA_NEREDMET,initial greater-Hyderabad study area,TGSPDCL,HABSIGUDA,SAINIKPURI,A S RAO NAGAR,NEREDMET,2026-08-01,2026,8,1,0,1,1.0,False,22903.0,53.0,22903.0,0
HABSIGUDA_PEERJADIGUDA,initial greater-Hyderabad study area,TGSPDCL,HABSIGUDA,KEESARA,GHATKESAR,PEERJADIGUDA,2025-04-01,2025,4,1,0,1,1.0,False,15.0,54.0,15.0,0
HABSIGUDA_PEERJADIGUDA,initial greater-Hyderabad study area,TGSPDCL,HABSIGUDA,KEESARA,GHATKESAR,PEERJADIGUDA,2025-05-01,2025,5,1,1,1,1.0,False,0.0,54.0,0.0,0
HABSIGUDA_PEERJADIGUDA,initial greater-Hyderabad study area,TGSPDCL,HABSIGUDA,KEESARA,GHATKESAR,PEERJADIGUDA,2025-06-01,2025,6,1,1,1,1.0,False,0.0,54.0,0.0,0
HABSIGUDA_PEERJADIGUDA,initial greater-Hyderabad study area,TGSPDCL,HABSIGUDA,KEESARA,GHATKESAR,PEERJADIGUDA,2025-07-01,2025,7,1,1,1,1.0,False,0.0,54.0,0.0,0
HABSIGUDA_PEERJADIGUDA,initial greater-Hyderabad study area,TGSPDCL,HABSIGUDA,KEESARA,GHATKESAR,PEERJADIGUDA,2025-08-01,2025,8,1,1,1,1.0,False,0.0,54.0,0.0,0
HABSIGUDA_PEERJADIGUDA,initial greater-Hyderabad study area,TGSPDCL,HABSIGUDA,KEESARA,GHATKESAR,PEERJADIGUDA,2025-09-01,2025,9,1,1,1,1.0,False,0.0,54.0,0.0,0
HABSIGUDA_PEERJADIGUDA,initial greater-Hyderabad study area,TGSPDCL,HABSIGUDA,KEESARA,GHATKESAR,PEERJADIGUDA,2025-10-01,2025,10,1,1,1,1.0,False,0.0,54.0,0.0,0
HABSIGUDA_PEERJADIGUDA,initial greater-Hyderabad study area,TGSPDCL,HABSIGUDA,KEESARA,GHATKESAR,PEERJADIGUDA,2025-11-01,2025,11,1,1,1,1.0,False,0.0,54.0,0.0,0
HABSIGUDA_PEERJADIGUDA,initial greater-Hyderabad study area,TGSPDCL,HABSIGUDA,KEESARA,GHATKESAR,PEERJADIGUDA,2025-12-01,2025,12,1,1,1,1.0,False,0.0,54.0,0.0,0
HABSIGUDA_PEERJADIGUDA,initial greater-Hyderabad study area,TGSPDCL,HABSIGUDA,KEESARA,GHATKESAR,PEERJADIGUDA,2026-01-01,2026,1,1,1,1,1.0,False,0.0,54.0,0.0,0
HABSIGUDA_PEERJADIGUDA,initial greater-Hyderabad study area,TGSPDCL,HABSIGUDA,KEESARA,GHATKESAR,PEERJADIGUDA,2026-02-01,2026,2,1,1,1,1.0,False,0.0,54.0,0.0,0
HABSIGUDA_PEERJADIGUDA,initial greater-Hyderabad study area,TGSPDCL,HABSIGUDA,KEESARA,GHATKESAR,PEERJADIGUDA,2026-03-01,2026,3,1,1,1,1.0,False,0.0,54.0,0.0,0
HABSIGUDA_PEERJADIGUDA,initial greater-Hyderabad study area,TGSPDCL,HABSIGUDA,KEESARA,GHATKESAR,PEERJADIGUDA,2026-04-01,2026,4,1,1,1,1.0,False,0.0,54.0,0.0,0
HABSIGUDA_PEERJADIGUDA,initial greater-Hyderabad study area,TGSPDCL,HABSIGUDA,KEESARA,GHATKESAR,PEERJADIGUDA,2026-05-01,2026,5,1,0,1,1.0,False,341.0,54.0,341.0,0
HABSIGUDA_PEERJADIGUDA,initial greater-Hyderabad study area,TGSPDCL,HABSIGUDA,KEESARA,GHATKESAR,PEERJADIGUDA,2026-06-01,2026,6,1,0,1,1.0,False,489.0,54.0,489.0,0
HABSIGUDA_PEERJADIGUDA,initial greater-Hyderabad study area,TGSPDCL,HABSIGUDA,KEESARA,GHATKESAR,PEERJADIGUDA,2026-07-01,2026,7,1,0,1,1.0,False,102.0,54.0,102.0,0
HABSIGUDA_PEERJADIGUDA,initial greater-Hyderabad study area,TGSPDCL,HABSIGUDA,KEESARA,GHATKESAR,PEERJADIGUDA,2026-08-01,2026,8,1,1,1,1.0,False,0.0,54.0,0.0,0
HABSIGUDA_RAMANTHAPUR,initial greater-Hyderabad study area,TGSPDCL,HABSIGUDA,HABSIGUDA,UPPAL,RAMANTHAPUR,2025-06-01,2025,6,1,1,2,,True,0.0,108.0,0.0,0
HABSIGUDA_RAMANTHAPUR,initial greater-Hyderabad study area,TGSPDCL,HABSIGUDA,HABSIGUDA,UPPAL,RAMANTHAPUR,2025-07-01,2025,7,1,0,3,2.0,False,3872.0,162.0,1290.67,0
HABSIGUDA_RAMANTHAPUR,initial greater-Hyderabad study area,TGSPDCL,HABSIGUDA,HABSIGUDA,UPPAL,RAMANTHAPUR,2025-08-01,2025,8,1,0,3,3.0,False,2901.0,162.0,967.0,0
HABSIGUDA_RAMANTHAPUR,initial greater-Hyderabad study area,TGSPDCL,HABSIGUDA,HABSIGUDA,UPPAL,RAMANTHAPUR,2025-09-01,2025,9,1,0,3,3.0,False,4435.0,162.0,1478.33,0
HABSIGUDA_RAMANTHAPUR,initial greater-Hyderabad study area,TGSPDCL,HABSIGUDA,HABSIGUDA,UPPAL,RAMANTHAPUR,2025-10-01,2025,10,1,0,3,3.0,False,4046.0,162.0,1348.67,0
HABSIGUDA_RAMANTHAPUR,initial greater-Hyderabad study area,TGSPDCL,HABSIGUDA,HABSIGUDA,UPPAL,RAMANTHAPUR,2025-11-01,2025,11,1,0,3,3.0,False,5137.0,162.0,1712.33,0
HABSIGUDA_RAMANTHAPUR,initial greater-Hyderabad study area,TGSPDCL,HABSIGUDA,HABSIGUDA,UPPAL,RAMANTHAPUR,2025-12-01,2025,12,1,0,3,3.0,False,6350.0,162.0,2116.67,0
HABSIGUDA_RAMANTHAPUR,initial greater-Hyderabad study area,TGSPDCL,HABSIGUDA,HABSIGUDA,UPPAL,RAMANTHAPUR,2026-01-01,2026,1,1,0,3,3.0,False,4979.0,162.0,1659.67,0
HABSIGUDA_RAMANTHAPUR,initial greater-Hyderabad study area,TGSPDCL,HABSIGUDA,HABSIGUDA,UPPAL,RAMANTHAPUR,2026-02-01,2026,2,1,0,3,3.0,False,2218.0,162.0,739.33,0
HABSIGUDA_RAMANTHAPUR,initial greater-Hyderabad study area,TGSPDCL,HABSIGUDA,HABSIGUDA,UPPAL,RAMANTHAPUR,2026-03-01,2026,3,1,0,3,3.0,False,2238.0,162.0,746.0,0
HABSIGUDA_RAMANTHAPUR,initial greater-Hyderabad study area,TGSPDCL,HABSIGUDA,HABSIGUDA,UPPAL,RAMANTHAPUR,2026-04-01,2026,4,1,0,3,3.0,False,2732.0,162.0,910.67,0
HABSIGUDA_RAMANTHAPUR,initial greater-Hyderabad study area,TGSPDCL,HABSIGUDA,HABSIGUDA,UPPAL,RAMANTHAPUR,2026-05-01,2026,5,1,0,3,3.0,False,87.0,162.0,29.0,0
HABSIGUDA_RAMANTHAPUR,initial greater-Hyderabad study area,TGSPDCL,HABSIGUDA,HABSIGUDA,UPPAL,RAMANTHAPUR,2026-06-01,2026,6,1,0,3,3.0,False,50.0,162.0,16.67,0
HABSIGUDA_RAMANTHAPUR,initial greater-Hyderabad study area,TGSPDCL,HABSIGUDA,HABSIGUDA,UPPAL,RAMANTHAPUR,2026-07-01,2026,7,1,0,3,3.0,False,2466.0,162.0,822.0,0
HABSIGUDA_RAMANTHAPUR,initial greater-Hyderabad study area,TGSPDCL,HABSIGUDA,HABSIGUDA,UPPAL,RAMANTHAPUR,2026-08-01,2026,8,1,0,3,3.0,False,6537.0,162.0,2179.0,0
HABSIGUDA_SAINIKPURI,initial greater-Hyderabad study area,TGSPDCL,HABSIGUDA,SAINIKPURI,SAINIKPURI,SAINIKPURI,2023-01-01,2023,1,1,0,1,1.0,False,25.0,2.0,25.0,0
HABSIGUDA_SAINIKPURI,initial greater-Hyderabad study area,TGSPDCL,HABSIGUDA,SAINIKPURI,SAINIKPURI,SAINIKPURI,2023-02-01,2023,2,1,0,1,1.0,False,48.0,2.0,48.0,0
HABSIGUDA_SAINIKPURI,initial greater-Hyderabad study area,TGSPDCL,HABSIGUDA,SAINIKPURI,SAINIKPURI,SAINIKPURI,2023-03-01,2023,3,1,0,1,1.0,False,45.0,2.0,45.0,0
HABSIGUDA_SAINIKPURI,initial greater-Hyderabad study area,TGSPDCL,HABSIGUDA,SAINIKPURI,SAINIKPURI,SAINIKPURI,2023-04-01,2023,4,1,0,1,1.0,False,36.0,2.0,36.0,0
HABSIGUDA_SAINIKPURI,initial greater-Hyderabad study area,TGSPDCL,HABSIGUDA,SAINIKPURI,SAINIKPURI,SAINIKPURI,2023-05-01,2023,5,1,0,1,1.0,False,8.0,2.0,8.0,0
HABSIGUDA_SAINIKPURI,initial greater-Hyderabad study area,TGSPDCL,HABSIGUDA,SAINIKPURI,SAINIKPURI,SAINIKPURI,2023-06-01,2023,6,1,1,1,1.0,False,0.0,2.0,0.0,0
HABSIGUDA_SAINIKPURI,initial greater-Hyderabad study area,TGSPDCL,HABSIGUDA,SAINIKPURI,SAINIKPURI,SAINIKPURI,2023-07-01,2023,7,1,1,1,1.0,False,0.0,2.0,0.0,0
HABSIGUDA_SAINIKPURI,initial greater-Hyderabad study area,TGSPDCL,HABSIGUDA,SAINIKPURI,SAINIKPURI,SAINIKPURI,2023-08-01,2023,8,2,1,2,1.0,True,1.0,56.0,0.5,0
HABSIGUDA_SAINIKPURI,initial greater-Hyderabad study area,TGSPDCL,HABSIGUDA,SAINIKPURI,SAINIKPURI,SAINIKPURI,2023-09-01,2023,9,2,1,2,2.0,False,1.0,56.0,0.5,0
HABSIGUDA_SAINIKPURI,initial greater-Hyderabad study area,TGSPDCL,HABSIGUDA,SAINIKPURI,SAINIKPURI,SAINIKPURI,2023-10-01,2023,10,2,2,2,2.0,False,0.0,56.0,0.0,0
HABSIGUDA_SAINIKPURI,initial greater-Hyderabad study area,TGSPDCL,HABSIGUDA,SAINIKPURI,SAINIKPURI,SAINIKPURI,2023-11-01,2023,11,2,1,2,2.0,False,331.0,56.0,165.5,0
HABSIGUDA_SAINIKPURI,initial greater-Hyderabad study area,TGSPDCL,HABSIGUDA,SAINIKPURI,SAINIKPURI,SAINIKPURI,2023-12-01,2023,12,2,0,2,2.0,False,1498.0,56.0,749.0,0
HABSIGUDA_SAINIKPURI,initial greater-Hyderabad study area,TGSPDCL,HABSIGUDA,SAINIKPURI,SAINIKPURI,SAINIKPURI,2024-01-01,2024,1,2,0,2,2.0,False,1561.0,56.0,780.5,0
HABSIGUDA_SAINIKPURI,initial greater-Hyderabad study area,TGSPDCL,HABSIGUDA,SAINIKPURI,SAINIKPURI,SAINIKPURI,2024-02-01,2024,2,2,0,2,2.0,False,1510.0,56.0,755.0,0
HABSIGUDA_SAINIKPURI,initial greater-Hyderabad study area,TGSPDCL,HABSIGUDA,SAINIKPURI,SAINIKPURI,SAINIKPURI,2024-03-01,2024,3,2,1,2,2.0,False,669.0,56.0,334.5,0
HABSIGUDA_SAINIKPURI,initial greater-Hyderabad study area,TGSPDCL,HABSIGUDA,SAINIKPURI,SAINIKPURI,SAINIKPURI,2024-04-01,2024,4,2,1,2,2.0,False,2.0,56.0,1.0,0
HABSIGUDA_SAINIKPURI,initial greater-Hyderabad study area,TGSPDCL,HABSIGUDA,SAINIKPURI,SAINIKPURI,SAINIKPURI,2024-05-01,2024,5,2,1,2,2.0,False,487.0,56.0,243.5,0
HABSIGUDA_SAINIKPURI,initial greater-Hyderabad study area,TGSPDCL,HABSIGUDA,SAINIKPURI,SAINIKPURI,SAINIKPURI,2024-06-01,2024,6,2,1,2,2.0,False,1871.0,56.0,935.5,0
HABSIGUDA_SAINIKPURI,initial greater-Hyderabad study area,TGSPDCL,HABSIGUDA,SAINIKPURI,SAINIKPURI,SAINIKPURI,2024-07-01,2024,7,2,1,2,2.0,False,2880.0,56.0,1440.0,0
HABSIGUDA_SAINIKPURI,initial greater-Hyderabad study area,TGSPDCL,HABSIGUDA,SAINIKPURI,SAINIKPURI,SAINIKPURI,2024-08-01,2024,8,2,1,2,2.0,False,2929.0,56.0,1464.5,0
HABSIGUDA_SAINIKPURI,initial greater-Hyderabad study area,TGSPDCL,HABSIGUDA,SAINIKPURI,SAINIKPURI,SAINIKPURI,2024-09-01,2024,9,2,1,2,2.0,False,4442.0,56.0,2221.0,0
HABSIGUDA_SAINIKPURI,initial greater-Hyderabad study area,TGSPDCL,HABSIGUDA,SAINIKPURI,SAINIKPURI,SAINIKPURI,2024-10-01,2024,10,3,2,3,2.0,True,3949.0,67.0,1316.33,0
HABSIGUDA_SAINIKPURI,initial greater-Hyderabad study area,TGSPDCL,HABSIGUDA,SAINIKPURI,SAINIKPURI,SAINIKPURI,2024-11-01,2024,11,3,1,3,3.0,False,4373.0,67.0,1457.67,0
HABSIGUDA_SAINIKPURI,initial greater-Hyderabad study area,TGSPDCL,HABSIGUDA,SAINIKPURI,SAINIKPURI,SAINIKPURI,2024-12-01,2024,12,3,1,3,3.0,False,3270.0,67.0,1090.0,0
HABSIGUDA_SAINIKPURI,initial greater-Hyderabad study area,TGSPDCL,HABSIGUDA,SAINIKPURI,SAINIKPURI,SAINIKPURI,2025-01-01,2025,1,3,1,3,3.0,False,4497.0,67.0,1499.0,0
HABSIGUDA_SAINIKPURI,initial greater-Hyderabad study area,TGSPDCL,HABSIGUDA,SAINIKPURI,SAINIKPURI,SAINIKPURI,2025-02-01,2025,2,3,1,3,3.0,False,4387.0,67.0,1462.33,0
HABSIGUDA_SAINIKPURI,initial greater-Hyderabad study area,TGSPDCL,HABSIGUDA,SAINIKPURI,SAINIKPURI,SAINIKPURI,2025-03-01,2025,3,3,1,3,3.0,False,4906.0,67.0,1635.33,0
HABSIGUDA_SAINIKPURI,initial greater-Hyderabad study area,TGSPDCL,HABSIGUDA,SAINIKPURI,SAINIKPURI,SAINIKPURI,2025-04-01,2025,4,3,1,3,3.0,False,8417.0,67.0,2805.67,0
HABSIGUDA_SAINIKPURI,initial greater-Hyderabad study area,TGSPDCL,HABSIGUDA,SAINIKPURI,SAINIKPURI,SAINIKPURI,2025-05-01,2025,5,3,1,3,3.0,False,10696.0,67.0,3565.33,0
HABSIGUDA_SAINIKPURI,initial greater-Hyderabad study area,TGSPDCL,HABSIGUDA,SAINIKPURI,SAINIKPURI,SAINIKPURI,2025-06-01,2025,6,3,1,3,3.0,False,8993.0,67.0,2997.67,0
HABSIGUDA_SAINIKPURI,initial greater-Hyderabad study area,TGSPDCL,HABSIGUDA,SAINIKPURI,SAINIKPURI,SAINIKPURI,2025-07-01,2025,7,3,2,3,3.0,False,6988.0,67.0,2329.33,0
HABSIGUDA_SAINIKPURI,initial greater-Hyderabad study area,TGSPDCL,HABSIGUDA,SAINIKPURI,SAINIKPURI,SAINIKPURI,2025-08-01,2025,8,3,2,3,3.0,False,4702.0,67.0,1567.33,0
HABSIGUDA_SAINIKPURI,initial greater-Hyderabad study area,TGSPDCL,HABSIGUDA,SAINIKPURI,SAINIKPURI,SAINIKPURI,2025-09-01,2025,9,3,1,3,3.0,False,5597.0,67.0,1865.67,0
HABSIGUDA_SAINIKPURI,initial greater-Hyderabad study area,TGSPDCL,HABSIGUDA,SAINIKPURI,SAINIKPURI,SAINIKPURI,2025-10-01,2025,10,3,2,3,3.0,False,76.0,67.0,25.33,0
HABSIGUDA_SAINIKPURI,initial greater-Hyderabad study area,TGSPDCL,HABSIGUDA,SAINIKPURI,SAINIKPURI,SAINIKPURI,2025-11-01,2025,11,3,2,3,3.0,False,74.0,67.0,24.67,0
HABSIGUDA_SAINIKPURI,initial greater-Hyderabad study area,TGSPDCL,HABSIGUDA,SAINIKPURI,SAINIKPURI,SAINIKPURI,2025-12-01,2025,12,3,1,3,3.0,False,367.0,67.0,122.33,0
HABSIGUDA_SAINIKPURI,initial greater-Hyderabad study area,TGSPDCL,HABSIGUDA,SAINIKPURI,SAINIKPURI,SAINIKPURI,2026-01-01,2026,1,3,1,3,2.0,True,527.0,67.0,175.67,0
HABSIGUDA_SAINIKPURI,initial greater-Hyderabad study area,TGSPDCL,HABSIGUDA,SAINIKPURI,SAINIKPURI,SAINIKPURI,2026-02-01,2026,2,3,1,3,2.0,True,3854.0,67.0,1284.67,0
HABSIGUDA_SAINIKPURI,initial greater-Hyderabad study area,TGSPDCL,HABSIGUDA,SAINIKPURI,SAINIKPURI,SAINIKPURI,2026-03-01,2026,3,3,1,3,2.0,True,2970.0,67.0,990.0,0
HABSIGUDA_SAINIKPURI,initial greater-Hyderabad study area,TGSPDCL,HABSIGUDA,SAINIKPURI,SAINIKPURI,SAINIKPURI,2026-04-01,2026,4,3,2,3,2.0,True,455.0,67.0,151.67,0
HABSIGUDA_SAINIKPURI,initial greater-Hyderabad study area,TGSPDCL,HABSIGUDA,SAINIKPURI,SAINIKPURI,SAINIKPURI,2026-05-01,2026,5,3,2,3,2.0,True,761.0,67.0,253.67,0
HABSIGUDA_SAINIKPURI,initial greater-Hyderabad study area,TGSPDCL,HABSIGUDA,SAINIKPURI,SAINIKPURI,SAINIKPURI,2026-06-01,2026,6,3,2,3,2.0,True,405.0,67.0,135.0,0
HABSIGUDA_SAINIKPURI,initial greater-Hyderabad study area,TGSPDCL,HABSIGUDA,SAINIKPURI,SAINIKPURI,SAINIKPURI,2026-07-01,2026,7,3,1,3,2.0,True,220.0,67.0,73.33,0
HABSIGUDA_SAINIKPURI,initial greater-Hyderabad study area,TGSPDCL,HABSIGUDA,SAINIKPURI,SAINIKPURI,SAINIKPURI,2026-08-01,2026,8,3,1,3,2.0,True,72.0,67.0,24.0,0
HABSIGUDA_UPPAL,initial greater-Hyderabad study area,TGSPDCL,HABSIGUDA,HABSIGUDA,UPPAL,UPPAL,2023-03-01,2023,3,1,0,1,1.0,False,4443.0,14.92,4443.0,0
HABSIGUDA_UPPAL,initial greater-Hyderabad study area,TGSPDCL,HABSIGUDA,HABSIGUDA,UPPAL,UPPAL,2023-04-01,2023,4,1,0,1,1.0,False,6500.0,14.92,6500.0,0
HABSIGUDA_UPPAL,initial greater-Hyderabad study area,TGSPDCL,HABSIGUDA,HABSIGUDA,UPPAL,UPPAL,2023-05-01,2023,5,1,0,1,1.0,False,7689.0,14.92,7689.0,0
HABSIGUDA_UPPAL,initial greater-Hyderabad study area,TGSPDCL,HABSIGUDA,HABSIGUDA,UPPAL,UPPAL,2023-06-01,2023,6,1,0,1,1.0,False,7610.0,29.92,7610.0,0
HABSIGUDA_UPPAL,initial greater-Hyderabad study area,TGSPDCL,HABSIGUDA,HABSIGUDA,UPPAL,UPPAL,2023-07-01,2023,7,1,0,1,1.0,False,5983.0,29.92,5983.0,0
HABSIGUDA_UPPAL,initial greater-Hyderabad study area,TGSPDCL,HABSIGUDA,HABSIGUDA,UPPAL,UPPAL,2023-10-01,2023,10,1,1,1,,True,0.0,54.0,0.0,0
HABSIGUDA_UPPAL,initial greater-Hyderabad study area,TGSPDCL,HABSIGUDA,HABSIGUDA,UPPAL,UPPAL,2023-11-01,2023,11,2,1,2,2.0,False,12.0,108.0,6.0,0
HABSIGUDA_UPPAL,initial greater-Hyderabad study area,TGSPDCL,HABSIGUDA,HABSIGUDA,UPPAL,UPPAL,2023-12-01,2023,12,2,1,2,2.0,False,8.0,108.0,4.0,0
HABSIGUDA_UPPAL,initial greater-Hyderabad study area,TGSPDCL,HABSIGUDA,HABSIGUDA,UPPAL,UPPAL,2024-01-01,2024,1,2,1,2,2.0,False,489.0,108.0,244.5,0
HABSIGUDA_UPPAL,initial greater-Hyderabad study area,TGSPDCL,HABSIGUDA,HABSIGUDA,UPPAL,UPPAL,2024-02-01,2024,2,2,0,2,2.0,False,1096.0,108.0,548.0,0
HABSIGUDA_UPPAL,initial greater-Hyderabad study area,TGSPDCL,HABSIGUDA,HABSIGUDA,UPPAL,UPPAL,2024-03-01,2024,3,2,0,2,2.0,False,1344.0,108.0,672.0,0
HABSIGUDA_UPPAL,initial greater-Hyderabad study area,TGSPDCL,HABSIGUDA,HABSIGUDA,UPPAL,UPPAL,2024-04-01,2024,4,2,0,2,2.0,False,2587.0,108.0,1293.5,0
HABSIGUDA_UPPAL,initial greater-Hyderabad study area,TGSPDCL,HABSIGUDA,HABSIGUDA,UPPAL,UPPAL,2024-05-01,2024,5,2,0,2,2.0,False,2678.0,108.0,1339.0,0
HABSIGUDA_UPPAL,initial greater-Hyderabad study area,TGSPDCL,HABSIGUDA,HABSIGUDA,UPPAL,UPPAL,2024-06-01,2024,6,2,0,2,2.0,False,2647.0,108.0,1323.5,0
HABSIGUDA_UPPAL,initial greater-Hyderabad study area,TGSPDCL,HABSIGUDA,HABSIGUDA,UPPAL,UPPAL,2024-07-01,2024,7,2,0,2,2.0,False,4257.0,108.0,2128.5,0
HABSIGUDA_UPPAL,initial greater-Hyderabad study area,TGSPDCL,HABSIGUDA,HABSIGUDA,UPPAL,UPPAL,2024-08-01,2024,8,2,0,2,2.0,False,4625.0,108.0,2312.5,0
HABSIGUDA_UPPAL,initial greater-Hyderabad study area,TGSPDCL,HABSIGUDA,HABSIGUDA,UPPAL,UPPAL,2024-09-01,2024,9,2,0,2,2.0,False,3833.0,108.0,1916.5,0
HABSIGUDA_UPPAL,initial greater-Hyderabad study area,TGSPDCL,HABSIGUDA,HABSIGUDA,UPPAL,UPPAL,2024-10-01,2024,10,2,0,2,2.0,False,1508.0,108.0,754.0,0
HABSIGUDA_UPPAL,initial greater-Hyderabad study area,TGSPDCL,HABSIGUDA,HABSIGUDA,UPPAL,UPPAL,2024-11-01,2024,11,2,0,2,2.0,False,1642.0,108.0,821.0,0
HABSIGUDA_UPPAL,initial greater-Hyderabad study area,TGSPDCL,HABSIGUDA,HABSIGUDA,UPPAL,UPPAL,2024-12-01,2024,12,2,0,2,2.0,False,890.0,108.0,445.0,0
HABSIGUDA_UPPAL,initial greater-Hyderabad study area,TGSPDCL,HABSIGUDA,HABSIGUDA,UPPAL,UPPAL,2025-01-01,2025,1,2,0,2,2.0,False,357.0,108.0,178.5,0
HABSIGUDA_UPPAL,initial greater-Hyderabad study area,TGSPDCL,HABSIGUDA,HABSIGUDA,UPPAL,UPPAL,2025-02-01,2025,2,2,0,2,2.0,False,1119.0,108.0,559.5,0
HABSIGUDA_UPPAL,initial greater-Hyderabad study area,TGSPDCL,HABSIGUDA,HABSIGUDA,UPPAL,UPPAL,2025-03-01,2025,3,2,0,2,2.0,False,1139.0,108.0,569.5,0
HABSIGUDA_UPPAL,initial greater-Hyderabad study area,TGSPDCL,HABSIGUDA,HABSIGUDA,UPPAL,UPPAL,2025-04-01,2025,4,3,0,3,3.0,False,3227.0,162.0,1075.67,0
HABSIGUDA_UPPAL,initial greater-Hyderabad study area,TGSPDCL,HABSIGUDA,HABSIGUDA,UPPAL,UPPAL,2025-05-01,2025,5,3,1,3,3.0,False,5482.0,162.0,1827.33,0
HABSIGUDA_UPPAL,initial greater-Hyderabad study area,TGSPDCL,HABSIGUDA,HABSIGUDA,UPPAL,UPPAL,2025-06-01,2025,6,3,1,3,3.0,False,10170.0,162.0,3390.0,0
HABSIGUDA_UPPAL,initial greater-Hyderabad study area,TGSPDCL,HABSIGUDA,HABSIGUDA,UPPAL,UPPAL,2025-07-01,2025,7,3,0,3,3.0,False,9076.0,162.0,3025.33,0
HABSIGUDA_UPPAL,initial greater-Hyderabad study area,TGSPDCL,HABSIGUDA,HABSIGUDA,UPPAL,UPPAL,2025-08-01,2025,8,3,0,3,3.0,False,8037.0,162.0,2679.0,0
HABSIGUDA_UPPAL,initial greater-Hyderabad study area,TGSPDCL,HABSIGUDA,HABSIGUDA,UPPAL,UPPAL,2025-09-01,2025,9,3,0,3,3.0,False,8295.0,162.0,2765.0,0
HABSIGUDA_UPPAL,initial greater-Hyderabad study area,TGSPDCL,HABSIGUDA,HABSIGUDA,UPPAL,UPPAL,2025-10-01,2025,10,3,0,3,3.0,False,7736.0,162.0,2578.67,0
HABSIGUDA_UPPAL,initial greater-Hyderabad study area,TGSPDCL,HABSIGUDA,HABSIGUDA,UPPAL,UPPAL,2025-11-01,2025,11,3,0,3,3.0,False,8416.0,162.0,2805.33,0
HABSIGUDA_UPPAL,initial greater-Hyderabad study area,TGSPDCL,HABSIGUDA,HABSIGUDA,UPPAL,UPPAL,2025-12-01,2025,12,3,0,3,3.0,False,5611.0,162.0,1870.33,0
HABSIGUDA_UPPAL,initial greater-Hyderabad study area,TGSPDCL,HABSIGUDA,HABSIGUDA,UPPAL,UPPAL,2026-01-01,2026,1,3,0,3,3.0,False,8043.0,171.0,2681.0,0
HABSIGUDA_UPPAL,initial greater-Hyderabad study area,TGSPDCL,HABSIGUDA,HABSIGUDA,UPPAL,UPPAL,2026-02-01,2026,2,2,0,3,3.0,False,9908.0,171.0,3302.67,0
HABSIGUDA_UPPAL,initial greater-Hyderabad study area,TGSPDCL,HABSIGUDA,HABSIGUDA,UPPAL,UPPAL,2026-03-01,2026,3,2,0,3,3.0,False,12144.0,171.0,4048.0,0
HABSIGUDA_UPPAL,initial greater-Hyderabad study area,TGSPDCL,HABSIGUDA,HABSIGUDA,UPPAL,UPPAL,2026-04-01,2026,4,2,0,3,3.0,False,15581.0,171.0,5193.67,0
HABSIGUDA_UPPAL,initial greater-Hyderabad study area,TGSPDCL,HABSIGUDA,HABSIGUDA,UPPAL,UPPAL,2026-05-01,2026,5,2,0,3,3.0,False,15563.0,171.0,5187.67,0
HABSIGUDA_UPPAL,initial greater-Hyderabad study area,TGSPDCL,HABSIGUDA,HABSIGUDA,UPPAL,UPPAL,2026-06-01,2026,6,2,0,3,3.0,False,22313.0,171.0,7437.67,0
HABSIGUDA_UPPAL,initial greater-Hyderabad study area,TGSPDCL,HABSIGUDA,HABSIGUDA,UPPAL,UPPAL,2026-07-01,2026,7,2,0,3,3.0,False,18513.0,171.0,6171.0,0
HABSIGUDA_UPPAL,initial greater-Hyderabad study area,TGSPDCL,HABSIGUDA,HABSIGUDA,UPPAL,UPPAL,2026-08-01,2026,8,2,0,3,3.0,False,11490.0,171.0,3830.0,0
HABSIGUDA_UPPAL_BAGAYATH,initial greater-Hyderabad study area,TGSPDCL,HABSIGUDA,HABSIGUDA,UPPAL,UPPAL BAGAYATH,2023-08-01,2023,8,1,0,1,1.0,False,8293.0,29.92,8293.0,0
HABSIGUDA_UPPAL_BAGAYATH,initial greater-Hyderabad study area,TGSPDCL,HABSIGUDA,HABSIGUDA,UPPAL,UPPAL BAGAYATH,2023-09-01,2023,9,1,0,1,1.0,False,7004.0,29.92,7004.0,0
HABSIGUDA_UPPAL_BAGAYATH,initial greater-Hyderabad study area,TGSPDCL,HABSIGUDA,HABSIGUDA,UPPAL,UPPAL BAGAYATH,2023-10-01,2023,10,1,0,1,1.0,False,4176.0,29.92,4176.0,0
HABSIGUDA_UPPAL_BAGAYATH,initial greater-Hyderabad study area,TGSPDCL,HABSIGUDA,HABSIGUDA,UPPAL,UPPAL BAGAYATH,2023-11-01,2023,11,1,0,2,1.0,False,4122.0,83.92,2061.0,0
HABSIGUDA_UPPAL_BAGAYATH,initial greater-Hyderabad study area,TGSPDCL,HABSIGUDA,HABSIGUDA,UPPAL,UPPAL BAGAYATH,2023-12-01,2023,12,1,0,2,2.0,False,3499.0,83.92,1749.5,0
HABSIGUDA_UPPAL_BAGAYATH,initial greater-Hyderabad study area,TGSPDCL,HABSIGUDA,HABSIGUDA,UPPAL,UPPAL BAGAYATH,2024-01-01,2024,1,1,0,2,2.0,False,4898.0,83.92,2449.0,0
HABSIGUDA_UPPAL_BAGAYATH,initial greater-Hyderabad study area,TGSPDCL,HABSIGUDA,HABSIGUDA,UPPAL,UPPAL BAGAYATH,2024-02-01,2024,2,1,0,2,2.0,False,4418.0,83.92,2209.0,0
HABSIGUDA_UPPAL_BAGAYATH,initial greater-Hyderabad study area,TGSPDCL,HABSIGUDA,HABSIGUDA,UPPAL,UPPAL BAGAYATH,2024-03-01,2024,3,1,0,2,2.0,False,3127.0,83.92,1563.5,0
HABSIGUDA_UPPAL_BAGAYATH,initial greater-Hyderabad study area,TGSPDCL,HABSIGUDA,HABSIGUDA,UPPAL,UPPAL BAGAYATH,2024-04-01,2024,4,1,0,2,2.0,False,4375.0,83.92,2187.5,0
HABSIGUDA_UPPAL_BAGAYATH,initial greater-Hyderabad study area,TGSPDCL,HABSIGUDA,HABSIGUDA,UPPAL,UPPAL BAGAYATH,2024-05-01,2024,5,1,0,2,2.0,False,4210.0,83.92,2105.0,0
HABSIGUDA_UPPAL_BAGAYATH,initial greater-Hyderabad study area,TGSPDCL,HABSIGUDA,HABSIGUDA,UPPAL,UPPAL BAGAYATH,2024-06-01,2024,6,1,0,2,2.0,False,5064.0,83.92,2532.0,0
HABSIGUDA_UPPAL_BAGAYATH,initial greater-Hyderabad study area,TGSPDCL,HABSIGUDA,HABSIGUDA,UPPAL,UPPAL BAGAYATH,2024-07-01,2024,7,1,0,2,2.0,False,6060.0,83.92,3030.0,0
HABSIGUDA_UPPAL_BAGAYATH,initial greater-Hyderabad study area,TGSPDCL,HABSIGUDA,HABSIGUDA,UPPAL,UPPAL BAGAYATH,2024-08-01,2024,8,1,0,2,2.0,False,6928.0,83.92,3464.0,0
HABSIGUDA_UPPAL_BAGAYATH,initial greater-Hyderabad study area,TGSPDCL,HABSIGUDA,HABSIGUDA,UPPAL,UPPAL BAGAYATH,2024-09-01,2024,9,1,0,2,2.0,False,6307.0,83.92,3153.5,0
HABSIGUDA_UPPAL_BAGAYATH,initial greater-Hyderabad study area,TGSPDCL,HABSIGUDA,HABSIGUDA,UPPAL,UPPAL BAGAYATH,2024-10-01,2024,10,1,0,2,2.0,False,4712.0,83.92,2356.0,0
HABSIGUDA_UPPAL_BAGAYATH,initial greater-Hyderabad study area,TGSPDCL,HABSIGUDA,HABSIGUDA,UPPAL,UPPAL BAGAYATH,2024-11-01,2024,11,1,0,2,2.0,False,3774.0,83.92,1887.0,0
HABSIGUDA_UPPAL_BAGAYATH,initial greater-Hyderabad study area,TGSPDCL,HABSIGUDA,HABSIGUDA,UPPAL,UPPAL BAGAYATH,2024-12-01,2024,12,2,0,2,2.0,False,5385.0,83.92,2692.5,0
HABSIGUDA_UPPAL_BAGAYATH,initial greater-Hyderabad study area,TGSPDCL,HABSIGUDA,HABSIGUDA,UPPAL,UPPAL BAGAYATH,2025-01-01,2025,1,2,0,2,2.0,False,8301.0,83.92,4150.5,0
HABSIGUDA_UPPAL_BAGAYATH,initial greater-Hyderabad study area,TGSPDCL,HABSIGUDA,HABSIGUDA,UPPAL,UPPAL BAGAYATH,2025-02-01,2025,2,2,0,2,2.0,False,5826.0,83.92,2913.0,0
HABSIGUDA_UPPAL_BAGAYATH,initial greater-Hyderabad study area,TGSPDCL,HABSIGUDA,HABSIGUDA,UPPAL,UPPAL BAGAYATH,2025-03-01,2025,3,2,0,3,2.0,False,2592.0,137.92000000000002,864.0,0
HABSIGUDA_UPPAL_BAGAYATH,initial greater-Hyderabad study area,TGSPDCL,HABSIGUDA,HABSIGUDA,UPPAL,UPPAL BAGAYATH,2025-04-01,2025,4,3,2,5,3.0,True,2913.0,245.92000000000002,582.6,0
HABSIGUDA_UPPAL_BAGAYATH,initial greater-Hyderabad study area,TGSPDCL,HABSIGUDA,HABSIGUDA,UPPAL,UPPAL BAGAYATH,2025-05-01,2025,5,3,1,5,5.0,False,2460.0,245.92000000000002,492.0,0
HABSIGUDA_UPPAL_BAGAYATH,initial greater-Hyderabad study area,TGSPDCL,HABSIGUDA,HABSIGUDA,UPPAL,UPPAL BAGAYATH,2025-06-01,2025,6,3,2,5,5.0,False,3864.0,245.92000000000002,772.8,0
HABSIGUDA_UPPAL_BAGAYATH,initial greater-Hyderabad study area,TGSPDCL,HABSIGUDA,HABSIGUDA,UPPAL,UPPAL BAGAYATH,2025-07-01,2025,7,3,1,5,5.0,False,6211.0,245.92000000000002,1242.2,0
HABSIGUDA_UPPAL_BAGAYATH,initial greater-Hyderabad study area,TGSPDCL,HABSIGUDA,HABSIGUDA,UPPAL,UPPAL BAGAYATH,2025-08-01,2025,8,3,1,5,5.0,False,11240.0,245.92000000000002,2248.0,0
HABSIGUDA_UPPAL_BAGAYATH,initial greater-Hyderabad study area,TGSPDCL,HABSIGUDA,HABSIGUDA,UPPAL,UPPAL BAGAYATH,2025-09-01,2025,9,3,1,5,5.0,False,10588.0,245.92000000000002,2117.6,0
HABSIGUDA_UPPAL_BAGAYATH,initial greater-Hyderabad study area,TGSPDCL,HABSIGUDA,HABSIGUDA,UPPAL,UPPAL BAGAYATH,2025-10-01,2025,10,3,1,5,5.0,False,11764.0,245.92000000000002,2352.8,0
HABSIGUDA_UPPAL_BAGAYATH,initial greater-Hyderabad study area,TGSPDCL,HABSIGUDA,HABSIGUDA,UPPAL,UPPAL BAGAYATH,2025-11-01,2025,11,3,1,5,5.0,False,9086.0,245.92000000000002,1817.2,0
HABSIGUDA_UPPAL_BAGAYATH,initial greater-Hyderabad study area,TGSPDCL,HABSIGUDA,HABSIGUDA,UPPAL,UPPAL BAGAYATH,2025-12-01,2025,12,3,1,5,5.0,False,13725.0,245.92000000000002,2745.0,0
HABSIGUDA_UPPAL_BAGAYATH,initial greater-Hyderabad study area,TGSPDCL,HABSIGUDA,HABSIGUDA,UPPAL,UPPAL BAGAYATH,2026-01-01,2026,1,3,1,5,5.0,False,9621.0,245.92000000000002,1924.2,0
HABSIGUDA_UPPAL_BAGAYATH,initial greater-Hyderabad study area,TGSPDCL,HABSIGUDA,HABSIGUDA,UPPAL,UPPAL BAGAYATH,2026-02-01,2026,2,3,1,5,5.0,False,5831.0,245.92000000000002,1166.2,0
HABSIGUDA_UPPAL_BAGAYATH,initial greater-Hyderabad study area,TGSPDCL,HABSIGUDA,HABSIGUDA,UPPAL,UPPAL BAGAYATH,2026-03-01,2026,3,3,1,5,5.0,False,7394.0,245.92000000000002,1478.8,0
HABSIGUDA_UPPAL_BAGAYATH,initial greater-Hyderabad study area,TGSPDCL,HABSIGUDA,HABSIGUDA,UPPAL,UPPAL BAGAYATH,2026-04-01,2026,4,3,1,5,5.0,False,8158.0,245.92000000000002,1631.6,0
HABSIGUDA_UPPAL_BAGAYATH,initial greater-Hyderabad study area,TGSPDCL,HABSIGUDA,HABSIGUDA,UPPAL,UPPAL BAGAYATH,2026-05-01,2026,5,3,0,5,5.0,False,9708.0,245.92000000000002,1941.6,0
HABSIGUDA_UPPAL_BAGAYATH,initial greater-Hyderabad study area,TGSPDCL,HABSIGUDA,HABSIGUDA,UPPAL,UPPAL BAGAYATH,2026-06-01,2026,6,3,1,5,5.0,False,9880.0,245.92000000000002,1976.0,0
HABSIGUDA_UPPAL_BAGAYATH,initial greater-Hyderabad study area,TGSPDCL,HABSIGUDA,HABSIGUDA,UPPAL,UPPAL BAGAYATH,2026-07-01,2026,7,3,1,5,5.0,False,9913.0,245.92000000000002,1982.6,0
HABSIGUDA_UPPAL_BAGAYATH,initial greater-Hyderabad study area,TGSPDCL,HABSIGUDA,HABSIGUDA,UPPAL,UPPAL BAGAYATH,2026-08-01,2026,8,3,2,5,5.0,False,5389.0,245.92000000000002,1077.8,0
HABSIGUDA_YAPRAL,initial greater-Hyderabad study area,TGSPDCL,HABSIGUDA,SAINIKPURI,SAINIKPURI,YAPRAL,2023-01-01,2023,1,2,0,2,2.0,False,2792.0,19.0,1396.0,0
HABSIGUDA_YAPRAL,initial greater-Hyderabad study area,TGSPDCL,HABSIGUDA,SAINIKPURI,SAINIKPURI,YAPRAL,2023-02-01,2023,2,2,0,2,2.0,False,3055.0,19.0,1527.5,0
HABSIGUDA_YAPRAL,initial greater-Hyderabad study area,TGSPDCL,HABSIGUDA,SAINIKPURI,SAINIKPURI,YAPRAL,2023-03-01,2023,3,2,0,2,2.0,False,3067.0,19.0,1533.5,0
HABSIGUDA_YAPRAL,initial greater-Hyderabad study area,TGSPDCL,HABSIGUDA,SAINIKPURI,SAINIKPURI,YAPRAL,2023-04-01,2023,4,2,0,2,2.0,False,4733.0,19.0,2366.5,0
HABSIGUDA_YAPRAL,initial greater-Hyderabad study area,TGSPDCL,HABSIGUDA,SAINIKPURI,SAINIKPURI,YAPRAL,2023-05-01,2023,5,3,1,3,2.0,True,4893.0,29.0,1631.0,0
HABSIGUDA_YAPRAL,initial greater-Hyderabad study area,TGSPDCL,HABSIGUDA,SAINIKPURI,SAINIKPURI,YAPRAL,2023-06-01,2023,6,3,0,3,3.0,False,5207.0,41.0,1735.67,0
HABSIGUDA_YAPRAL,initial greater-Hyderabad study area,TGSPDCL,HABSIGUDA,SAINIKPURI,SAINIKPURI,YAPRAL,2023-07-01,2023,7,3,1,3,3.0,False,4849.0,41.0,1616.33,0
HABSIGUDA_YAPRAL,initial greater-Hyderabad study area,TGSPDCL,HABSIGUDA,SAINIKPURI,SAINIKPURI,YAPRAL,2023-08-01,2023,8,3,0,3,3.0,False,5851.0,41.0,1950.33,0
HABSIGUDA_YAPRAL,initial greater-Hyderabad study area,TGSPDCL,HABSIGUDA,SAINIKPURI,SAINIKPURI,YAPRAL,2023-09-01,2023,9,3,0,3,3.0,False,8060.0,41.0,2686.67,0
HABSIGUDA_YAPRAL,initial greater-Hyderabad study area,TGSPDCL,HABSIGUDA,SAINIKPURI,SAINIKPURI,YAPRAL,2023-10-01,2023,10,3,0,3,3.0,False,5434.0,41.0,1811.33,0
HABSIGUDA_YAPRAL,initial greater-Hyderabad study area,TGSPDCL,HABSIGUDA,SAINIKPURI,SAINIKPURI,YAPRAL,2023-11-01,2023,11,3,0,3,3.0,False,8364.0,41.0,2788.0,0
HABSIGUDA_YAPRAL,initial greater-Hyderabad study area,TGSPDCL,HABSIGUDA,SAINIKPURI,SAINIKPURI,YAPRAL,2023-12-01,2023,12,3,0,3,3.0,False,6283.0,41.0,2094.33,0
HABSIGUDA_YAPRAL,initial greater-Hyderabad study area,TGSPDCL,HABSIGUDA,SAINIKPURI,SAINIKPURI,YAPRAL,2024-01-01,2024,1,3,0,3,3.0,False,6800.0,41.0,2266.67,0
HABSIGUDA_YAPRAL,initial greater-Hyderabad study area,TGSPDCL,HABSIGUDA,SAINIKPURI,SAINIKPURI,YAPRAL,2024-02-01,2024,2,3,0,3,3.0,False,7898.0,41.0,2632.67,0
HABSIGUDA_YAPRAL,initial greater-Hyderabad study area,TGSPDCL,HABSIGUDA,SAINIKPURI,SAINIKPURI,YAPRAL,2024-03-01,2024,3,3,0,3,3.0,False,6828.0,41.0,2276.0,0
HABSIGUDA_YAPRAL,initial greater-Hyderabad study area,TGSPDCL,HABSIGUDA,SAINIKPURI,SAINIKPURI,YAPRAL,2024-04-01,2024,4,4,0,4,4.0,False,7736.0,66.0,1934.0,0
HABSIGUDA_YAPRAL,initial greater-Hyderabad study area,TGSPDCL,HABSIGUDA,SAINIKPURI,SAINIKPURI,YAPRAL,2024-05-01,2024,5,4,0,4,4.0,False,11281.0,66.0,2820.25,0
HABSIGUDA_YAPRAL,initial greater-Hyderabad study area,TGSPDCL,HABSIGUDA,SAINIKPURI,SAINIKPURI,YAPRAL,2024-06-01,2024,6,4,0,4,4.0,False,9345.0,66.0,2336.25,0
HABSIGUDA_YAPRAL,initial greater-Hyderabad study area,TGSPDCL,HABSIGUDA,SAINIKPURI,SAINIKPURI,YAPRAL,2024-07-01,2024,7,4,0,4,4.0,False,12417.0,66.0,3104.25,0
HABSIGUDA_YAPRAL,initial greater-Hyderabad study area,TGSPDCL,HABSIGUDA,SAINIKPURI,SAINIKPURI,YAPRAL,2024-08-01,2024,8,4,0,4,4.0,False,12078.0,66.0,3019.5,0
HABSIGUDA_YAPRAL,initial greater-Hyderabad study area,TGSPDCL,HABSIGUDA,SAINIKPURI,SAINIKPURI,YAPRAL,2024-09-01,2024,9,4,0,4,4.0,False,14456.0,66.0,3614.0,0
HABSIGUDA_YAPRAL,initial greater-Hyderabad study area,TGSPDCL,HABSIGUDA,SAINIKPURI,SAINIKPURI,YAPRAL,2024-10-01,2024,10,4,0,4,4.0,False,13138.0,66.0,3284.5,0
HABSIGUDA_YAPRAL,initial greater-Hyderabad study area,TGSPDCL,HABSIGUDA,SAINIKPURI,SAINIKPURI,YAPRAL,2024-11-01,2024,11,4,0,5,4.0,False,12314.0,106.0,2462.8,0
HABSIGUDA_YAPRAL,initial greater-Hyderabad study area,TGSPDCL,HABSIGUDA,SAINIKPURI,SAINIKPURI,YAPRAL,2024-12-01,2024,12,4,0,5,5.0,False,15104.0,106.0,3020.8,0
HABSIGUDA_YAPRAL,initial greater-Hyderabad study area,TGSPDCL,HABSIGUDA,SAINIKPURI,SAINIKPURI,YAPRAL,2025-01-01,2025,1,4,0,5,5.0,False,14770.0,106.0,2954.0,0
HABSIGUDA_YAPRAL,initial greater-Hyderabad study area,TGSPDCL,HABSIGUDA,SAINIKPURI,SAINIKPURI,YAPRAL,2025-02-01,2025,2,4,0,5,5.0,False,13092.0,106.0,2618.4,0
HABSIGUDA_YAPRAL,initial greater-Hyderabad study area,TGSPDCL,HABSIGUDA,SAINIKPURI,SAINIKPURI,YAPRAL,2025-03-01,2025,3,3,0,5,5.0,False,8727.0,106.0,1745.4,0
HABSIGUDA_YAPRAL,initial greater-Hyderabad study area,TGSPDCL,HABSIGUDA,SAINIKPURI,SAINIKPURI,YAPRAL,2025-04-01,2025,4,3,0,5,5.0,False,11122.0,106.0,2224.4,0
HABSIGUDA_YAPRAL,initial greater-Hyderabad study area,TGSPDCL,HABSIGUDA,SAINIKPURI,SAINIKPURI,YAPRAL,2025-05-01,2025,5,3,0,7,5.0,False,8323.0,214.0,1189.0,0
HABSIGUDA_YAPRAL,initial greater-Hyderabad study area,TGSPDCL,HABSIGUDA,SAINIKPURI,SAINIKPURI,YAPRAL,2025-06-01,2025,6,3,0,7,7.0,False,9235.0,214.0,1319.29,0
HABSIGUDA_YAPRAL,initial greater-Hyderabad study area,TGSPDCL,HABSIGUDA,SAINIKPURI,SAINIKPURI,YAPRAL,2025-07-01,2025,7,3,0,7,7.0,False,7193.0,214.0,1027.57,0
HABSIGUDA_YAPRAL,initial greater-Hyderabad study area,TGSPDCL,HABSIGUDA,SAINIKPURI,SAINIKPURI,YAPRAL,2025-08-01,2025,8,3,0,7,7.0,False,10369.0,222.0,1481.29,0
HABSIGUDA_YAPRAL,initial greater-Hyderabad study area,TGSPDCL,HABSIGUDA,SAINIKPURI,SAINIKPURI,YAPRAL,2025-09-01,2025,9,3,0,7,7.0,False,13365.0,222.0,1909.29,0
HABSIGUDA_YAPRAL,initial greater-Hyderabad study area,TGSPDCL,HABSIGUDA,SAINIKPURI,SAINIKPURI,YAPRAL,2025-10-01,2025,10,3,0,7,7.0,False,13907.0,222.0,1986.71,0
HABSIGUDA_YAPRAL,initial greater-Hyderabad study area,TGSPDCL,HABSIGUDA,SAINIKPURI,SAINIKPURI,YAPRAL,2025-11-01,2025,11,3,1,7,7.0,False,11200.0,222.0,1600.0,0
HABSIGUDA_YAPRAL,initial greater-Hyderabad study area,TGSPDCL,HABSIGUDA,SAINIKPURI,SAINIKPURI,YAPRAL,2025-12-01,2025,12,4,1,8,7.0,True,15485.0,276.0,1935.62,0
HABSIGUDA_YAPRAL,initial greater-Hyderabad study area,TGSPDCL,HABSIGUDA,SAINIKPURI,SAINIKPURI,YAPRAL,2026-01-01,2026,1,4,0,8,8.0,False,15865.0,276.0,1983.12,0
HABSIGUDA_YAPRAL,initial greater-Hyderabad study area,TGSPDCL,HABSIGUDA,SAINIKPURI,SAINIKPURI,YAPRAL,2026-02-01,2026,2,4,0,8,8.0,False,15655.0,276.0,1956.88,0
HABSIGUDA_YAPRAL,initial greater-Hyderabad study area,TGSPDCL,HABSIGUDA,SAINIKPURI,SAINIKPURI,YAPRAL,2026-03-01,2026,3,4,0,8,8.0,False,17964.0,276.0,2245.5,0
HABSIGUDA_YAPRAL,initial greater-Hyderabad study area,TGSPDCL,HABSIGUDA,SAINIKPURI,SAINIKPURI,YAPRAL,2026-04-01,2026,4,5,1,9,8.0,True,26361.0,326.0,2929.0,0
HABSIGUDA_YAPRAL,initial greater-Hyderabad study area,TGSPDCL,HABSIGUDA,SAINIKPURI,SAINIKPURI,YAPRAL,2026-05-01,2026,5,5,0,9,9.0,False,32440.0,326.0,3604.44,0
HABSIGUDA_YAPRAL,initial greater-Hyderabad study area,TGSPDCL,HABSIGUDA,SAINIKPURI,SAINIKPURI,YAPRAL,2026-06-01,2026,6,5,0,9,8.0,False,35908.0,326.0,3989.78,0
HABSIGUDA_YAPRAL,initial greater-Hyderabad study area,TGSPDCL,HABSIGUDA,SAINIKPURI,SAINIKPURI,YAPRAL,2026-07-01,2026,7,5,0,9,8.0,False,30554.0,326.0,3394.89,0
HABSIGUDA_YAPRAL,initial greater-Hyderabad study area,TGSPDCL,HABSIGUDA,SAINIKPURI,SAINIKPURI,YAPRAL,2026-08-01,2026,8,5,0,9,8.0,False,28607.0,326.0,3178.56,0
HYDERABAD_CENTRAL_ABIDS,initial greater-Hyderabad study area,TGSPDCL,HYDERABAD CENTRAL,SAIFABAD,HYDERGUDA,ABIDS,2024-11-01,2024,11,1,1,1,,True,0.0,54.0,0.0,0
HYDERABAD_CENTRAL_ABIDS,initial greater-Hyderabad study area,TGSPDCL,HYDERABAD CENTRAL,SAIFABAD,HYDERGUDA,ABIDS,2024-12-01,2024,12,1,0,1,1.0,False,26.0,54.0,26.0,0
HYDERABAD_CENTRAL_ABIDS,initial greater-Hyderabad study area,TGSPDCL,HYDERABAD CENTRAL,SAIFABAD,HYDERGUDA,ABIDS,2025-01-01,2025,1,1,0,1,1.0,False,17.0,54.0,17.0,0
HYDERABAD_CENTRAL_ABIDS,initial greater-Hyderabad study area,TGSPDCL,HYDERABAD CENTRAL,SAIFABAD,HYDERGUDA,ABIDS,2025-02-01,2025,2,1,0,1,1.0,False,1403.0,54.0,1403.0,0
HYDERABAD_CENTRAL_ABIDS,initial greater-Hyderabad study area,TGSPDCL,HYDERABAD CENTRAL,SAIFABAD,HYDERGUDA,ABIDS,2025-03-01,2025,3,1,0,1,1.0,False,4989.0,54.0,4989.0,0
HYDERABAD_CENTRAL_ABIDS,initial greater-Hyderabad study area,TGSPDCL,HYDERABAD CENTRAL,SAIFABAD,HYDERGUDA,ABIDS,2025-04-01,2025,4,1,0,1,1.0,False,5415.0,54.0,5415.0,0
HYDERABAD_CENTRAL_ABIDS,initial greater-Hyderabad study area,TGSPDCL,HYDERABAD CENTRAL,SAIFABAD,HYDERGUDA,ABIDS,2025-05-01,2025,5,1,0,1,1.0,False,7422.0,54.0,7422.0,0
HYDERABAD_CENTRAL_ABIDS,initial greater-Hyderabad study area,TGSPDCL,HYDERABAD CENTRAL,SAIFABAD,HYDERGUDA,ABIDS,2025-06-01,2025,6,1,0,1,1.0,False,8569.0,54.0,8569.0,0
HYDERABAD_CENTRAL_ABIDS,initial greater-Hyderabad study area,TGSPDCL,HYDERABAD CENTRAL,SAIFABAD,HYDERGUDA,ABIDS,2025-07-01,2025,7,1,0,1,1.0,False,4599.0,54.0,4599.0,0
HYDERABAD_CENTRAL_ABIDS,initial greater-Hyderabad study area,TGSPDCL,HYDERABAD CENTRAL,SAIFABAD,HYDERGUDA,ABIDS,2025-08-01,2025,8,1,0,1,1.0,False,5814.0,54.0,5814.0,0
HYDERABAD_CENTRAL_ABIDS,initial greater-Hyderabad study area,TGSPDCL,HYDERABAD CENTRAL,SAIFABAD,HYDERGUDA,ABIDS,2025-09-01,2025,9,1,0,1,1.0,False,8218.0,54.0,8218.0,0
HYDERABAD_CENTRAL_ABIDS,initial greater-Hyderabad study area,TGSPDCL,HYDERABAD CENTRAL,SAIFABAD,HYDERGUDA,ABIDS,2025-10-01,2025,10,1,0,1,1.0,False,5956.0,54.0,5956.0,0
HYDERABAD_CENTRAL_ABIDS,initial greater-Hyderabad study area,TGSPDCL,HYDERABAD CENTRAL,SAIFABAD,HYDERGUDA,ABIDS,2025-11-01,2025,11,1,0,1,1.0,False,6316.0,54.0,6316.0,0
HYDERABAD_CENTRAL_ABIDS,initial greater-Hyderabad study area,TGSPDCL,HYDERABAD CENTRAL,SAIFABAD,HYDERGUDA,ABIDS,2025-12-01,2025,12,1,0,1,1.0,False,6457.0,54.0,6457.0,0
HYDERABAD_CENTRAL_ABIDS,initial greater-Hyderabad study area,TGSPDCL,HYDERABAD CENTRAL,SAIFABAD,HYDERGUDA,ABIDS,2026-01-01,2026,1,1,0,1,1.0,False,7811.0,54.0,7811.0,0
HYDERABAD_CENTRAL_ABIDS,initial greater-Hyderabad study area,TGSPDCL,HYDERABAD CENTRAL,SAIFABAD,HYDERGUDA,ABIDS,2026-02-01,2026,2,1,0,1,1.0,False,9316.0,54.0,9316.0,0
HYDERABAD_CENTRAL_ABIDS,initial greater-Hyderabad study area,TGSPDCL,HYDERABAD CENTRAL,SAIFABAD,HYDERGUDA,ABIDS,2026-03-01,2026,3,1,0,1,1.0,False,7805.0,54.0,7805.0,0
HYDERABAD_CENTRAL_ABIDS,initial greater-Hyderabad study area,TGSPDCL,HYDERABAD CENTRAL,SAIFABAD,HYDERGUDA,ABIDS,2026-04-01,2026,4,1,0,1,1.0,False,8542.0,54.0,8542.0,0
HYDERABAD_CENTRAL_ABIDS,initial greater-Hyderabad study area,TGSPDCL,HYDERABAD CENTRAL,SAIFABAD,HYDERGUDA,ABIDS,2026-05-01,2026,5,1,0,1,1.0,False,10632.0,54.0,10632.0,0
HYDERABAD_CENTRAL_ABIDS,initial greater-Hyderabad study area,TGSPDCL,HYDERABAD CENTRAL,SAIFABAD,HYDERGUDA,ABIDS,2026-06-01,2026,6,1,0,1,1.0,False,12227.0,54.0,12227.0,0
HYDERABAD_CENTRAL_ABIDS,initial greater-Hyderabad study area,TGSPDCL,HYDERABAD CENTRAL,SAIFABAD,HYDERGUDA,ABIDS,2026-07-01,2026,7,1,0,1,1.0,False,14023.0,54.0,14023.0,0
HYDERABAD_CENTRAL_ABIDS,initial greater-Hyderabad study area,TGSPDCL,HYDERABAD CENTRAL,SAIFABAD,HYDERGUDA,ABIDS,2026-08-01,2026,8,1,0,1,1.0,False,8763.0,54.0,8763.0,0
HYDERABAD_CENTRAL_AMBERPET,initial greater-Hyderabad study area,TGSPDCL,HYDERABAD CENTRAL,AZAMABAD,AMBERPET,AMBERPET,2023-05-01,2023,5,1,1,1,,True,0.0,54.0,0.0,0
HYDERABAD_CENTRAL_AMBERPET,initial greater-Hyderabad study area,TGSPDCL,HYDERABAD CENTRAL,AZAMABAD,AMBERPET,AMBERPET,2023-06-01,2023,6,1,0,1,1.0,False,26.0,54.0,26.0,0
HYDERABAD_CENTRAL_AMBERPET,initial greater-Hyderabad study area,TGSPDCL,HYDERABAD CENTRAL,AZAMABAD,AMBERPET,AMBERPET,2023-07-01,2023,7,1,1,1,1.0,False,0.0,54.0,0.0,0
HYDERABAD_CENTRAL_AMBERPET,initial greater-Hyderabad study area,TGSPDCL,HYDERABAD CENTRAL,AZAMABAD,AMBERPET,AMBERPET,2023-08-01,2023,8,1,0,1,1.0,False,25.0,54.0,25.0,0
HYDERABAD_CENTRAL_AMBERPET,initial greater-Hyderabad study area,TGSPDCL,HYDERABAD CENTRAL,AZAMABAD,AMBERPET,AMBERPET,2023-09-01,2023,9,1,0,1,1.0,False,29.0,54.0,29.0,0
HYDERABAD_CENTRAL_AMBERPET,initial greater-Hyderabad study area,TGSPDCL,HYDERABAD CENTRAL,AZAMABAD,AMBERPET,AMBERPET,2023-10-01,2023,10,1,0,1,1.0,False,165.0,54.0,165.0,0
HYDERABAD_CENTRAL_AMBERPET,initial greater-Hyderabad study area,TGSPDCL,HYDERABAD CENTRAL,AZAMABAD,AMBERPET,AMBERPET,2023-11-01,2023,11,1,0,1,1.0,False,566.0,54.0,566.0,0
HYDERABAD_CENTRAL_AMBERPET,initial greater-Hyderabad study area,TGSPDCL,HYDERABAD CENTRAL,AZAMABAD,AMBERPET,AMBERPET,2023-12-01,2023,12,1,0,1,1.0,False,1421.0,54.0,1421.0,0
HYDERABAD_CENTRAL_AMBERPET,initial greater-Hyderabad study area,TGSPDCL,HYDERABAD CENTRAL,AZAMABAD,AMBERPET,AMBERPET,2024-01-01,2024,1,1,0,1,1.0,False,618.0,54.0,618.0,0
HYDERABAD_CENTRAL_AMBERPET,initial greater-Hyderabad study area,TGSPDCL,HYDERABAD CENTRAL,AZAMABAD,AMBERPET,AMBERPET,2024-02-01,2024,2,1,0,1,1.0,False,1205.0,54.0,1205.0,0
HYDERABAD_CENTRAL_AMBERPET,initial greater-Hyderabad study area,TGSPDCL,HYDERABAD CENTRAL,AZAMABAD,AMBERPET,AMBERPET,2024-03-01,2024,3,1,0,1,1.0,False,892.0,54.0,892.0,0
HYDERABAD_CENTRAL_AMBERPET,initial greater-Hyderabad study area,TGSPDCL,HYDERABAD CENTRAL,AZAMABAD,AMBERPET,AMBERPET,2024-04-01,2024,4,1,0,1,1.0,False,1266.0,54.0,1266.0,0
HYDERABAD_CENTRAL_AMBERPET,initial greater-Hyderabad study area,TGSPDCL,HYDERABAD CENTRAL,AZAMABAD,AMBERPET,AMBERPET,2024-05-01,2024,5,1,0,1,1.0,False,2310.0,54.0,2310.0,0
HYDERABAD_CENTRAL_AMBERPET,initial greater-Hyderabad study area,TGSPDCL,HYDERABAD CENTRAL,AZAMABAD,AMBERPET,AMBERPET,2024-06-01,2024,6,1,0,1,1.0,False,2149.0,54.0,2149.0,0
HYDERABAD_CENTRAL_AMBERPET,initial greater-Hyderabad study area,TGSPDCL,HYDERABAD CENTRAL,AZAMABAD,AMBERPET,AMBERPET,2024-07-01,2024,7,1,0,1,1.0,False,2501.0,54.0,2501.0,0
HYDERABAD_CENTRAL_AMBERPET,initial greater-Hyderabad study area,TGSPDCL,HYDERABAD CENTRAL,AZAMABAD,AMBERPET,AMBERPET,2024-08-01,2024,8,1,0,1,1.0,False,1888.0,54.0,1888.0,0
HYDERABAD_CENTRAL_AMBERPET,initial greater-Hyderabad study area,TGSPDCL,HYDERABAD CENTRAL,AZAMABAD,AMBERPET,AMBERPET,2024-09-01,2024,9,1,0,1,1.0,False,2887.0,54.0,2887.0,0
HYDERABAD_CENTRAL_AMBERPET,initial greater-Hyderabad study area,TGSPDCL,HYDERABAD CENTRAL,AZAMABAD,AMBERPET,AMBERPET,2024-10-01,2024,10,1,0,1,1.0,False,1454.0,54.0,1454.0,0
HYDERABAD_CENTRAL_AMBERPET,initial greater-Hyderabad study area,TGSPDCL,HYDERABAD CENTRAL,AZAMABAD,AMBERPET,AMBERPET,2024-11-01,2024,11,1,0,1,1.0,False,1709.0,54.0,1709.0,0
HYDERABAD_CENTRAL_AMBERPET,initial greater-Hyderabad study area,TGSPDCL,HYDERABAD CENTRAL,AZAMABAD,AMBERPET,AMBERPET,2024-12-01,2024,12,1,0,1,1.0,False,1664.0,54.0,1664.0,0
HYDERABAD_CENTRAL_AMBERPET,initial greater-Hyderabad study area,TGSPDCL,HYDERABAD CENTRAL,AZAMABAD,AMBERPET,AMBERPET,2025-01-01,2025,1,1,0,1,1.0,False,1090.0,54.0,1090.0,0
HYDERABAD_CENTRAL_AMBERPET,initial greater-Hyderabad study area,TGSPDCL,HYDERABAD CENTRAL,AZAMABAD,AMBERPET,AMBERPET,2025-02-01,2025,2,1,0,2,2.0,False,1080.0,108.0,540.0,0
HYDERABAD_CENTRAL_AMBERPET,initial greater-Hyderabad study area,TGSPDCL,HYDERABAD CENTRAL,AZAMABAD,AMBERPET,AMBERPET,2025-03-01,2025,3,1,0,2,2.0,False,827.0,108.0,413.5,0
HYDERABAD_CENTRAL_AMBERPET,initial greater-Hyderabad study area,TGSPDCL,HYDERABAD CENTRAL,AZAMABAD,AMBERPET,AMBERPET,2025-04-01,2025,4,1,1,2,2.0,False,0.0,108.0,0.0,0
HYDERABAD_CENTRAL_AMBERPET,initial greater-Hyderabad study area,TGSPDCL,HYDERABAD CENTRAL,AZAMABAD,AMBERPET,AMBERPET,2025-05-01,2025,5,1,1,2,2.0,False,0.0,108.0,0.0,0
HYDERABAD_CENTRAL_AMBERPET,initial greater-Hyderabad study area,TGSPDCL,HYDERABAD CENTRAL,AZAMABAD,AMBERPET,AMBERPET,2025-06-01,2025,6,1,1,2,2.0,False,0.0,108.0,0.0,0
HYDERABAD_CENTRAL_AMBERPET,initial greater-Hyderabad study area,TGSPDCL,HYDERABAD CENTRAL,AZAMABAD,AMBERPET,AMBERPET,2025-07-01,2025,7,1,0,2,2.0,False,384.0,108.0,192.0,0
HYDERABAD_CENTRAL_AMBERPET,initial greater-Hyderabad study area,TGSPDCL,HYDERABAD CENTRAL,AZAMABAD,AMBERPET,AMBERPET,2025-08-01,2025,8,1,0,2,2.0,False,1652.0,108.0,826.0,0
HYDERABAD_CENTRAL_AMBERPET,initial greater-Hyderabad study area,TGSPDCL,HYDERABAD CENTRAL,AZAMABAD,AMBERPET,AMBERPET,2025-09-01,2025,9,1,0,2,2.0,False,1156.0,108.0,578.0,0
HYDERABAD_CENTRAL_AMBERPET,initial greater-Hyderabad study area,TGSPDCL,HYDERABAD CENTRAL,AZAMABAD,AMBERPET,AMBERPET,2025-10-01,2025,10,1,0,2,2.0,False,1661.0,108.0,830.5,0
HYDERABAD_CENTRAL_AMBERPET,initial greater-Hyderabad study area,TGSPDCL,HYDERABAD CENTRAL,AZAMABAD,AMBERPET,AMBERPET,2025-11-01,2025,11,1,0,2,2.0,False,1544.0,108.0,772.0,0
HYDERABAD_CENTRAL_AMBERPET,initial greater-Hyderabad study area,TGSPDCL,HYDERABAD CENTRAL,AZAMABAD,AMBERPET,AMBERPET,2025-12-01,2025,12,1,0,2,2.0,False,1677.0,108.0,838.5,0
HYDERABAD_CENTRAL_AMBERPET,initial greater-Hyderabad study area,TGSPDCL,HYDERABAD CENTRAL,AZAMABAD,AMBERPET,AMBERPET,2026-01-01,2026,1,1,0,2,2.0,False,2552.0,108.0,1276.0,0
HYDERABAD_CENTRAL_AMBERPET,initial greater-Hyderabad study area,TGSPDCL,HYDERABAD CENTRAL,AZAMABAD,AMBERPET,AMBERPET,2026-02-01,2026,2,1,0,2,2.0,False,23.0,108.0,11.5,0
HYDERABAD_CENTRAL_AMBERPET,initial greater-Hyderabad study area,TGSPDCL,HYDERABAD CENTRAL,AZAMABAD,AMBERPET,AMBERPET,2026-03-01,2026,3,1,0,2,2.0,False,19.0,108.0,9.5,0
HYDERABAD_CENTRAL_AMBERPET,initial greater-Hyderabad study area,TGSPDCL,HYDERABAD CENTRAL,AZAMABAD,AMBERPET,AMBERPET,2026-04-01,2026,4,1,0,2,2.0,False,21.0,108.0,10.5,0
HYDERABAD_CENTRAL_AMBERPET,initial greater-Hyderabad study area,TGSPDCL,HYDERABAD CENTRAL,AZAMABAD,AMBERPET,AMBERPET,2026-05-01,2026,5,1,0,2,2.0,False,20.0,114.0,10.0,0
HYDERABAD_CENTRAL_AMBERPET,initial greater-Hyderabad study area,TGSPDCL,HYDERABAD CENTRAL,AZAMABAD,AMBERPET,AMBERPET,2026-06-01,2026,6,1,0,2,2.0,False,5347.0,114.0,2673.5,0
HYDERABAD_CENTRAL_AMBERPET,initial greater-Hyderabad study area,TGSPDCL,HYDERABAD CENTRAL,AZAMABAD,AMBERPET,AMBERPET,2026-07-01,2026,7,1,0,2,2.0,False,6671.0,114.0,3335.5,0
HYDERABAD_CENTRAL_AMBERPET,initial greater-Hyderabad study area,TGSPDCL,HYDERABAD CENTRAL,AZAMABAD,AMBERPET,AMBERPET,2026-08-01,2026,8,1,0,2,2.0,False,4793.0,114.0,2396.5,0
HYDERABAD_CENTRAL_GOLCONDA,initial greater-Hyderabad study area,TGSPDCL,HYDERABAD CENTRAL,MEHDIPATNAM,GOLCONDA,GOLCONDA,2023-10-01,2023,10,1,1,1,1.0,False,0.0,54.0,0.0,0
HYDERABAD_CENTRAL_GOLCONDA,initial greater-Hyderabad study area,TGSPDCL,HYDERABAD CENTRAL,MEHDIPATNAM,GOLCONDA,GOLCONDA,2023-11-01,2023,11,1,1,1,1.0,False,0.0,54.0,0.0,0
HYDERABAD_CENTRAL_GOLCONDA,initial greater-Hyderabad study area,TGSPDCL,HYDERABAD CENTRAL,MEHDIPATNAM,GOLCONDA,GOLCONDA,2023-12-01,2023,12,1,1,1,1.0,False,0.0,54.0,0.0,0
HYDERABAD_CENTRAL_GOLCONDA,initial greater-Hyderabad study area,TGSPDCL,HYDERABAD CENTRAL,MEHDIPATNAM,GOLCONDA,GOLCONDA,2024-01-01,2024,1,1,1,1,1.0,False,0.0,54.0,0.0,0
HYDERABAD_CENTRAL_GOLCONDA,initial greater-Hyderabad study area,TGSPDCL,HYDERABAD CENTRAL,MEHDIPATNAM,GOLCONDA,GOLCONDA,2024-02-01,2024,2,1,0,1,1.0,False,3132.0,54.0,3132.0,0
HYDERABAD_CENTRAL_GOLCONDA,initial greater-Hyderabad study area,TGSPDCL,HYDERABAD CENTRAL,MEHDIPATNAM,GOLCONDA,GOLCONDA,2024-03-01,2024,3,1,0,1,1.0,False,4104.0,54.0,4104.0,0
HYDERABAD_CENTRAL_GOLCONDA,initial greater-Hyderabad study area,TGSPDCL,HYDERABAD CENTRAL,MEHDIPATNAM,GOLCONDA,GOLCONDA,2024-04-01,2024,4,1,0,1,1.0,False,4627.0,54.0,4627.0,0
HYDERABAD_CENTRAL_GOLCONDA,initial greater-Hyderabad study area,TGSPDCL,HYDERABAD CENTRAL,MEHDIPATNAM,GOLCONDA,GOLCONDA,2024-05-01,2024,5,1,0,1,1.0,False,4096.0,54.0,4096.0,0
HYDERABAD_CENTRAL_GOLCONDA,initial greater-Hyderabad study area,TGSPDCL,HYDERABAD CENTRAL,MEHDIPATNAM,GOLCONDA,GOLCONDA,2024-06-01,2024,6,1,0,1,1.0,False,190.0,54.0,190.0,0
HYDERABAD_CENTRAL_GOLCONDA,initial greater-Hyderabad study area,TGSPDCL,HYDERABAD CENTRAL,MEHDIPATNAM,GOLCONDA,GOLCONDA,2024-07-01,2024,7,1,0,1,1.0,False,3456.0,54.0,3456.0,0
HYDERABAD_CENTRAL_GOLCONDA,initial greater-Hyderabad study area,TGSPDCL,HYDERABAD CENTRAL,MEHDIPATNAM,GOLCONDA,GOLCONDA,2024-08-01,2024,8,1,0,1,1.0,False,2813.0,54.0,2813.0,0
HYDERABAD_CENTRAL_GOLCONDA,initial greater-Hyderabad study area,TGSPDCL,HYDERABAD CENTRAL,MEHDIPATNAM,GOLCONDA,GOLCONDA,2024-09-01,2024,9,1,0,1,1.0,False,3352.0,54.0,3352.0,0
HYDERABAD_CENTRAL_GOLCONDA,initial greater-Hyderabad study area,TGSPDCL,HYDERABAD CENTRAL,MEHDIPATNAM,GOLCONDA,GOLCONDA,2024-10-01,2024,10,1,0,1,1.0,False,4887.0,54.0,4887.0,0
HYDERABAD_CENTRAL_GOLCONDA,initial greater-Hyderabad study area,TGSPDCL,HYDERABAD CENTRAL,MEHDIPATNAM,GOLCONDA,GOLCONDA,2024-11-01,2024,11,1,0,1,1.0,False,4129.0,54.0,4129.0,0
HYDERABAD_CENTRAL_GOLCONDA,initial greater-Hyderabad study area,TGSPDCL,HYDERABAD CENTRAL,MEHDIPATNAM,GOLCONDA,GOLCONDA,2024-12-01,2024,12,1,0,1,1.0,False,4169.0,54.0,4169.0,0
HYDERABAD_CENTRAL_GOLCONDA,initial greater-Hyderabad study area,TGSPDCL,HYDERABAD CENTRAL,MEHDIPATNAM,GOLCONDA,GOLCONDA,2025-01-01,2025,1,1,0,1,1.0,False,4772.0,54.0,4772.0,0
HYDERABAD_CENTRAL_GOLCONDA,initial greater-Hyderabad study area,TGSPDCL,HYDERABAD CENTRAL,MEHDIPATNAM,GOLCONDA,GOLCONDA,2025-02-01,2025,2,1,0,1,1.0,False,4963.0,54.0,4963.0,0
HYDERABAD_CENTRAL_GOLCONDA,initial greater-Hyderabad study area,TGSPDCL,HYDERABAD CENTRAL,MEHDIPATNAM,GOLCONDA,GOLCONDA,2025-03-01,2025,3,1,0,1,1.0,False,5030.0,54.0,5030.0,0
HYDERABAD_CENTRAL_GOLCONDA,initial greater-Hyderabad study area,TGSPDCL,HYDERABAD CENTRAL,MEHDIPATNAM,GOLCONDA,GOLCONDA,2025-04-01,2025,4,1,0,1,1.0,False,6647.0,54.0,6647.0,0
HYDERABAD_CENTRAL_GOLCONDA,initial greater-Hyderabad study area,TGSPDCL,HYDERABAD CENTRAL,MEHDIPATNAM,GOLCONDA,GOLCONDA,2025-05-01,2025,5,1,0,1,1.0,False,6800.0,54.0,6800.0,0
HYDERABAD_CENTRAL_GOLCONDA,initial greater-Hyderabad study area,TGSPDCL,HYDERABAD CENTRAL,MEHDIPATNAM,GOLCONDA,GOLCONDA,2025-06-01,2025,6,1,0,1,1.0,False,2407.0,54.0,2407.0,0
HYDERABAD_CENTRAL_GOLCONDA,initial greater-Hyderabad study area,TGSPDCL,HYDERABAD CENTRAL,MEHDIPATNAM,GOLCONDA,GOLCONDA,2025-07-01,2025,7,1,0,1,1.0,False,5170.0,54.0,5170.0,0
HYDERABAD_CENTRAL_GOLCONDA,initial greater-Hyderabad study area,TGSPDCL,HYDERABAD CENTRAL,MEHDIPATNAM,GOLCONDA,GOLCONDA,2025-08-01,2025,8,1,0,1,1.0,False,4693.0,54.0,4693.0,0
HYDERABAD_CENTRAL_GOLCONDA,initial greater-Hyderabad study area,TGSPDCL,HYDERABAD CENTRAL,MEHDIPATNAM,GOLCONDA,GOLCONDA,2025-09-01,2025,9,1,0,1,1.0,False,663.0,54.0,663.0,0
HYDERABAD_CENTRAL_GOLCONDA,initial greater-Hyderabad study area,TGSPDCL,HYDERABAD CENTRAL,MEHDIPATNAM,GOLCONDA,GOLCONDA,2025-10-01,2025,10,1,0,1,1.0,False,152.0,54.0,152.0,0
HYDERABAD_CENTRAL_GOLCONDA,initial greater-Hyderabad study area,TGSPDCL,HYDERABAD CENTRAL,MEHDIPATNAM,GOLCONDA,GOLCONDA,2025-11-01,2025,11,1,0,1,1.0,False,127.0,54.0,127.0,0
HYDERABAD_CENTRAL_GOLCONDA,initial greater-Hyderabad study area,TGSPDCL,HYDERABAD CENTRAL,MEHDIPATNAM,GOLCONDA,GOLCONDA,2025-12-01,2025,12,1,0,1,1.0,False,3150.0,54.0,3150.0,0
HYDERABAD_CENTRAL_GOLCONDA,initial greater-Hyderabad study area,TGSPDCL,HYDERABAD CENTRAL,MEHDIPATNAM,GOLCONDA,GOLCONDA,2026-01-01,2026,1,1,0,1,1.0,False,5880.0,54.0,5880.0,0
HYDERABAD_CENTRAL_GOLCONDA,initial greater-Hyderabad study area,TGSPDCL,HYDERABAD CENTRAL,MEHDIPATNAM,GOLCONDA,GOLCONDA,2026-02-01,2026,2,1,0,1,1.0,False,3525.0,54.0,3525.0,0
HYDERABAD_CENTRAL_GOLCONDA,initial greater-Hyderabad study area,TGSPDCL,HYDERABAD CENTRAL,MEHDIPATNAM,GOLCONDA,GOLCONDA,2026-03-01,2026,3,1,1,1,1.0,False,0.0,54.0,0.0,0
HYDERABAD_CENTRAL_GOLCONDA,initial greater-Hyderabad study area,TGSPDCL,HYDERABAD CENTRAL,MEHDIPATNAM,GOLCONDA,GOLCONDA,2026-04-01,2026,4,1,0,1,1.0,False,38.0,54.0,38.0,0
HYDERABAD_CENTRAL_GOLCONDA,initial greater-Hyderabad study area,TGSPDCL,HYDERABAD CENTRAL,MEHDIPATNAM,GOLCONDA,GOLCONDA,2026-05-01,2026,5,1,1,1,1.0,False,0.0,54.0,0.0,0
HYDERABAD_CENTRAL_GOLCONDA,initial greater-Hyderabad study area,TGSPDCL,HYDERABAD CENTRAL,MEHDIPATNAM,GOLCONDA,GOLCONDA,2026-06-01,2026,6,1,0,1,1.0,False,47.0,54.0,47.0,0
HYDERABAD_CENTRAL_GOLCONDA,initial greater-Hyderabad study area,TGSPDCL,HYDERABAD CENTRAL,MEHDIPATNAM,GOLCONDA,GOLCONDA,2026-07-01,2026,7,1,0,1,1.0,False,1209.0,54.0,1209.0,0
HYDERABAD_CENTRAL_GOLCONDA,initial greater-Hyderabad study area,TGSPDCL,HYDERABAD CENTRAL,MEHDIPATNAM,GOLCONDA,GOLCONDA,2026-08-01,2026,8,1,0,1,1.0,False,4157.0,54.0,4157.0,0
HYDERABAD_CENTRAL_GOLNAKA,initial greater-Hyderabad study area,TGSPDCL,HYDERABAD CENTRAL,AZAMABAD,AMBERPET,GOLNAKA,2023-01-01,2023,1,1,0,1,1.0,False,1169.0,17.0,1169.0,0
HYDERABAD_CENTRAL_GOLNAKA,initial greater-Hyderabad study area,TGSPDCL,HYDERABAD CENTRAL,AZAMABAD,AMBERPET,GOLNAKA,2023-02-01,2023,2,1,0,1,1.0,False,3489.0,17.0,3489.0,0
HYDERABAD_CENTRAL_GOLNAKA,initial greater-Hyderabad study area,TGSPDCL,HYDERABAD CENTRAL,AZAMABAD,AMBERPET,GOLNAKA,2023-04-01,2023,4,1,0,1,1.0,False,2817.0,17.0,2817.0,0
HYDERABAD_CENTRAL_GOLNAKA,initial greater-Hyderabad study area,TGSPDCL,HYDERABAD CENTRAL,AZAMABAD,AMBERPET,GOLNAKA,2023-06-01,2023,6,1,0,1,1.0,False,3249.0,17.0,3249.0,0
HYDERABAD_CENTRAL_GOLNAKA,initial greater-Hyderabad study area,TGSPDCL,HYDERABAD CENTRAL,AZAMABAD,AMBERPET,GOLNAKA,2023-07-01,2023,7,1,0,1,1.0,False,3462.0,17.0,3462.0,0
HYDERABAD_CENTRAL_GOLNAKA,initial greater-Hyderabad study area,TGSPDCL,HYDERABAD CENTRAL,AZAMABAD,AMBERPET,GOLNAKA,2023-08-01,2023,8,1,0,1,1.0,False,3150.0,17.0,3150.0,0
HYDERABAD_CENTRAL_GOLNAKA,initial greater-Hyderabad study area,TGSPDCL,HYDERABAD CENTRAL,AZAMABAD,AMBERPET,GOLNAKA,2023-09-01,2023,9,1,0,1,1.0,False,1330.0,17.0,1330.0,0
HYDERABAD_CENTRAL_GOLNAKA,initial greater-Hyderabad study area,TGSPDCL,HYDERABAD CENTRAL,AZAMABAD,AMBERPET,GOLNAKA,2023-10-01,2023,10,1,0,1,1.0,False,739.0,17.0,739.0,0
HYDERABAD_CENTRAL_GOLNAKA,initial greater-Hyderabad study area,TGSPDCL,HYDERABAD CENTRAL,AZAMABAD,AMBERPET,GOLNAKA,2023-11-01,2023,11,1,0,1,1.0,False,68.0,17.0,68.0,0
HYDERABAD_CENTRAL_GOLNAKA,initial greater-Hyderabad study area,TGSPDCL,HYDERABAD CENTRAL,AZAMABAD,AMBERPET,GOLNAKA,2023-12-01,2023,12,1,1,1,1.0,False,0.0,17.0,0.0,0
HYDERABAD_CENTRAL_GOLNAKA,initial greater-Hyderabad study area,TGSPDCL,HYDERABAD CENTRAL,AZAMABAD,AMBERPET,GOLNAKA,2024-01-01,2024,1,1,1,1,1.0,False,0.0,17.0,0.0,0
HYDERABAD_CENTRAL_GOLNAKA,initial greater-Hyderabad study area,TGSPDCL,HYDERABAD CENTRAL,AZAMABAD,AMBERPET,GOLNAKA,2024-02-01,2024,2,1,0,1,1.0,False,1740.0,17.0,1740.0,0
HYDERABAD_CENTRAL_GOLNAKA,initial greater-Hyderabad study area,TGSPDCL,HYDERABAD CENTRAL,AZAMABAD,AMBERPET,GOLNAKA,2024-04-01,2024,4,1,1,1,1.0,False,0.0,17.0,0.0,0
HYDERABAD_CENTRAL_GOLNAKA,initial greater-Hyderabad study area,TGSPDCL,HYDERABAD CENTRAL,AZAMABAD,AMBERPET,GOLNAKA,2024-05-01,2024,5,1,1,1,1.0,False,0.0,17.0,0.0,0
HYDERABAD_CENTRAL_GOLNAKA,initial greater-Hyderabad study area,TGSPDCL,HYDERABAD CENTRAL,AZAMABAD,AMBERPET,GOLNAKA,2024-06-01,2024,6,1,1,1,1.0,False,0.0,17.0,0.0,0
HYDERABAD_CENTRAL_GOLNAKA,initial greater-Hyderabad study area,TGSPDCL,HYDERABAD CENTRAL,AZAMABAD,AMBERPET,GOLNAKA,2024-07-01,2024,7,1,1,1,1.0,False,0.0,17.0,0.0,0
HYDERABAD_CENTRAL_GOLNAKA,initial greater-Hyderabad study area,TGSPDCL,HYDERABAD CENTRAL,AZAMABAD,AMBERPET,GOLNAKA,2024-08-01,2024,8,1,1,1,1.0,False,0.0,17.0,0.0,0
HYDERABAD_CENTRAL_GOLNAKA,initial greater-Hyderabad study area,TGSPDCL,HYDERABAD CENTRAL,AZAMABAD,AMBERPET,GOLNAKA,2024-09-01,2024,9,1,1,1,1.0,False,0.0,17.0,0.0,0
HYDERABAD_CENTRAL_GOLNAKA,initial greater-Hyderabad study area,TGSPDCL,HYDERABAD CENTRAL,AZAMABAD,AMBERPET,GOLNAKA,2024-10-01,2024,10,1,1,1,1.0,False,0.0,17.0,0.0,0
HYDERABAD_CENTRAL_GOLNAKA,initial greater-Hyderabad study area,TGSPDCL,HYDERABAD CENTRAL,AZAMABAD,AMBERPET,GOLNAKA,2024-11-01,2024,11,1,1,1,1.0,False,0.0,17.0,0.0,0
HYDERABAD_CENTRAL_GOLNAKA,initial greater-Hyderabad study area,TGSPDCL,HYDERABAD CENTRAL,AZAMABAD,AMBERPET,GOLNAKA,2024-12-01,2024,12,1,1,1,1.0,False,0.0,17.0,0.0,0
HYDERABAD_CENTRAL_GOLNAKA,initial greater-Hyderabad study area,TGSPDCL,HYDERABAD CENTRAL,AZAMABAD,AMBERPET,GOLNAKA,2025-01-01,2025,1,1,1,1,1.0,False,0.0,17.0,0.0,0
HYDERABAD_CENTRAL_GOLNAKA,initial greater-Hyderabad study area,TGSPDCL,HYDERABAD CENTRAL,AZAMABAD,AMBERPET,GOLNAKA,2025-02-01,2025,2,1,1,1,1.0,False,0.0,17.0,0.0,0
HYDERABAD_CENTRAL_GOLNAKA,initial greater-Hyderabad study area,TGSPDCL,HYDERABAD CENTRAL,AZAMABAD,AMBERPET,GOLNAKA,2025-03-01,2025,3,1,1,1,1.0,False,0.0,17.0,0.0,0
HYDERABAD_CENTRAL_GOLNAKA,initial greater-Hyderabad study area,TGSPDCL,HYDERABAD CENTRAL,AZAMABAD,AMBERPET,GOLNAKA,2025-04-01,2025,4,1,0,1,1.0,False,1.0,17.0,1.0,0
HYDERABAD_CENTRAL_GOLNAKA,initial greater-Hyderabad study area,TGSPDCL,HYDERABAD CENTRAL,AZAMABAD,AMBERPET,GOLNAKA,2025-05-01,2025,5,1,1,1,1.0,False,0.0,17.0,0.0,0
HYDERABAD_CENTRAL_GOLNAKA,initial greater-Hyderabad study area,TGSPDCL,HYDERABAD CENTRAL,AZAMABAD,AMBERPET,GOLNAKA,2025-06-01,2025,6,1,1,1,1.0,False,0.0,17.0,0.0,0
HYDERABAD_CENTRAL_GOLNAKA,initial greater-Hyderabad study area,TGSPDCL,HYDERABAD CENTRAL,AZAMABAD,AMBERPET,GOLNAKA,2025-07-01,2025,7,1,1,1,1.0,False,0.0,17.0,0.0,0
HYDERABAD_CENTRAL_GOLNAKA,initial greater-Hyderabad study area,TGSPDCL,HYDERABAD CENTRAL,AZAMABAD,AMBERPET,GOLNAKA,2025-08-01,2025,8,1,1,1,1.0,False,0.0,17.0,0.0,0
HYDERABAD_CENTRAL_GOLNAKA,initial greater-Hyderabad study area,TGSPDCL,HYDERABAD CENTRAL,AZAMABAD,AMBERPET,GOLNAKA,2025-09-01,2025,9,1,1,1,1.0,False,0.0,17.0,0.0,0
HYDERABAD_CENTRAL_GOLNAKA,initial greater-Hyderabad study area,TGSPDCL,HYDERABAD CENTRAL,AZAMABAD,AMBERPET,GOLNAKA,2025-10-01,2025,10,1,1,1,1.0,False,0.0,17.0,0.0,0
HYDERABAD_CENTRAL_GOLNAKA,initial greater-Hyderabad study area,TGSPDCL,HYDERABAD CENTRAL,AZAMABAD,AMBERPET,GOLNAKA,2025-11-01,2025,11,1,1,1,1.0,False,0.0,17.0,0.0,0
HYDERABAD_CENTRAL_GOLNAKA,initial greater-Hyderabad study area,TGSPDCL,HYDERABAD CENTRAL,AZAMABAD,AMBERPET,GOLNAKA,2025-12-01,2025,12,1,1,1,1.0,False,0.0,17.0,0.0,0
HYDERABAD_CENTRAL_GOLNAKA,initial greater-Hyderabad study area,TGSPDCL,HYDERABAD CENTRAL,AZAMABAD,AMBERPET,GOLNAKA,2026-01-01,2026,1,1,1,1,1.0,False,0.0,17.0,0.0,0
HYDERABAD_CENTRAL_GOLNAKA,initial greater-Hyderabad study area,TGSPDCL,HYDERABAD CENTRAL,AZAMABAD,AMBERPET,GOLNAKA,2026-02-01,2026,2,1,1,1,1.0,False,0.0,17.0,0.0,0
HYDERABAD_CENTRAL_GOLNAKA,initial greater-Hyderabad study area,TGSPDCL,HYDERABAD CENTRAL,AZAMABAD,AMBERPET,GOLNAKA,2026-03-01,2026,3,1,1,1,1.0,False,0.0,17.0,0.0,0
HYDERABAD_CENTRAL_GOLNAKA,initial greater-Hyderabad study area,TGSPDCL,HYDERABAD CENTRAL,AZAMABAD,AMBERPET,GOLNAKA,2026-04-01,2026,4,1,1,1,1.0,False,0.0,17.0,0.0,0
HYDERABAD_CENTRAL_GOLNAKA,initial greater-Hyderabad study area,TGSPDCL,HYDERABAD CENTRAL,AZAMABAD,AMBERPET,GOLNAKA,2026-05-01,2026,5,1,1,1,1.0,False,0.0,17.0,0.0,0
HYDERABAD_CENTRAL_GOLNAKA,initial greater-Hyderabad study area,TGSPDCL,HYDERABAD CENTRAL,AZAMABAD,AMBERPET,GOLNAKA,2026-06-01,2026,6,1,1,1,1.0,False,0.0,17.0,0.0,0
HYDERABAD_CENTRAL_GOLNAKA,initial greater-Hyderabad study area,TGSPDCL,HYDERABAD CENTRAL,AZAMABAD,AMBERPET,GOLNAKA,2026-07-01,2026,7,1,1,1,1.0,False,0.0,17.0,0.0,0
HYDERABAD_CENTRAL_GOLNAKA,initial greater-Hyderabad study area,TGSPDCL,HYDERABAD CENTRAL,AZAMABAD,AMBERPET,GOLNAKA,2026-08-01,2026,8,1,1,1,1.0,False,0.0,17.0,0.0,0
HYDERABAD_CENTRAL_GUNFOUNDRY,initial greater-Hyderabad study area,TGSPDCL,HYDERABAD CENTRAL,SAIFABAD,HYDERGUDA,GUNFOUNDRY,2023-08-01,2023,8,1,1,1,,True,0.0,54.0,0.0,0
HYDERABAD_CENTRAL_GUNFOUNDRY,initial greater-Hyderabad study area,TGSPDCL,HYDERABAD CENTRAL,SAIFABAD,HYDERGUDA,GUNFOUNDRY,2023-09-01,2023,9,1,1,1,1.0,False,0.0,54.0,0.0,0
HYDERABAD_CENTRAL_GUNFOUNDRY,initial greater-Hyderabad study area,TGSPDCL,HYDERABAD CENTRAL,SAIFABAD,HYDERGUDA,GUNFOUNDRY,2023-10-01,2023,10,1,1,1,1.0,False,0.0,54.0,0.0,0
HYDERABAD_CENTRAL_GUNFOUNDRY,initial greater-Hyderabad study area,TGSPDCL,HYDERABAD CENTRAL,SAIFABAD,HYDERGUDA,GUNFOUNDRY,2023-11-01,2023,11,1,1,1,1.0,False,0.0,54.0,0.0,0
HYDERABAD_CENTRAL_GUNFOUNDRY,initial greater-Hyderabad study area,TGSPDCL,HYDERABAD CENTRAL,SAIFABAD,HYDERGUDA,GUNFOUNDRY,2023-12-01,2023,12,1,1,1,1.0,False,0.0,54.0,0.0,0
HYDERABAD_CENTRAL_GUNFOUNDRY,initial greater-Hyderabad study area,TGSPDCL,HYDERABAD CENTRAL,SAIFABAD,HYDERGUDA,GUNFOUNDRY,2024-01-01,2024,1,1,1,1,1.0,False,0.0,54.0,0.0,0
HYDERABAD_CENTRAL_GUNFOUNDRY,initial greater-Hyderabad study area,TGSPDCL,HYDERABAD CENTRAL,SAIFABAD,HYDERGUDA,GUNFOUNDRY,2024-02-01,2024,2,1,0,1,1.0,False,21103.0,54.0,21103.0,0
HYDERABAD_CENTRAL_GUNFOUNDRY,initial greater-Hyderabad study area,TGSPDCL,HYDERABAD CENTRAL,SAIFABAD,HYDERGUDA,GUNFOUNDRY,2024-03-01,2024,3,1,0,1,1.0,False,6132.0,54.0,6132.0,0
HYDERABAD_CENTRAL_GUNFOUNDRY,initial greater-Hyderabad study area,TGSPDCL,HYDERABAD CENTRAL,SAIFABAD,HYDERGUDA,GUNFOUNDRY,2024-04-01,2024,4,1,0,1,1.0,False,11914.0,54.0,11914.0,0
HYDERABAD_CENTRAL_GUNFOUNDRY,initial greater-Hyderabad study area,TGSPDCL,HYDERABAD CENTRAL,SAIFABAD,HYDERGUDA,GUNFOUNDRY,2024-05-01,2024,5,1,0,1,1.0,False,11612.0,54.0,11612.0,0
HYDERABAD_CENTRAL_GUNFOUNDRY,initial greater-Hyderabad study area,TGSPDCL,HYDERABAD CENTRAL,SAIFABAD,HYDERGUDA,GUNFOUNDRY,2024-06-01,2024,6,1,0,1,1.0,False,13976.0,54.0,13976.0,0
HYDERABAD_CENTRAL_GUNFOUNDRY,initial greater-Hyderabad study area,TGSPDCL,HYDERABAD CENTRAL,SAIFABAD,HYDERGUDA,GUNFOUNDRY,2024-07-01,2024,7,1,0,1,1.0,False,12467.0,54.0,12467.0,0
HYDERABAD_CENTRAL_GUNFOUNDRY,initial greater-Hyderabad study area,TGSPDCL,HYDERABAD CENTRAL,SAIFABAD,HYDERGUDA,GUNFOUNDRY,2024-08-01,2024,8,1,0,1,1.0,False,8248.0,54.0,8248.0,0
HYDERABAD_CENTRAL_GUNFOUNDRY,initial greater-Hyderabad study area,TGSPDCL,HYDERABAD CENTRAL,SAIFABAD,HYDERGUDA,GUNFOUNDRY,2024-09-01,2024,9,1,0,1,1.0,False,16253.0,54.0,16253.0,0
HYDERABAD_CENTRAL_GUNFOUNDRY,initial greater-Hyderabad study area,TGSPDCL,HYDERABAD CENTRAL,SAIFABAD,HYDERGUDA,GUNFOUNDRY,2024-10-01,2024,10,1,0,1,1.0,False,5449.0,54.0,5449.0,0
HYDERABAD_CENTRAL_GUNFOUNDRY,initial greater-Hyderabad study area,TGSPDCL,HYDERABAD CENTRAL,SAIFABAD,HYDERGUDA,GUNFOUNDRY,2024-11-01,2024,11,1,0,1,1.0,False,2243.0,54.0,2243.0,0
HYDERABAD_CENTRAL_GUNFOUNDRY,initial greater-Hyderabad study area,TGSPDCL,HYDERABAD CENTRAL,SAIFABAD,HYDERGUDA,GUNFOUNDRY,2024-12-01,2024,12,1,0,1,1.0,False,3169.0,54.0,3169.0,0
HYDERABAD_CENTRAL_GUNFOUNDRY,initial greater-Hyderabad study area,TGSPDCL,HYDERABAD CENTRAL,SAIFABAD,HYDERGUDA,GUNFOUNDRY,2025-01-01,2025,1,1,0,1,1.0,False,5168.0,54.0,5168.0,0
HYDERABAD_CENTRAL_GUNFOUNDRY,initial greater-Hyderabad study area,TGSPDCL,HYDERABAD CENTRAL,SAIFABAD,HYDERGUDA,GUNFOUNDRY,2025-02-01,2025,2,1,0,1,1.0,False,5423.0,54.0,5423.0,0
HYDERABAD_CENTRAL_GUNFOUNDRY,initial greater-Hyderabad study area,TGSPDCL,HYDERABAD CENTRAL,SAIFABAD,HYDERGUDA,GUNFOUNDRY,2025-03-01,2025,3,1,0,1,1.0,False,5909.0,54.0,5909.0,0
HYDERABAD_CENTRAL_GUNFOUNDRY,initial greater-Hyderabad study area,TGSPDCL,HYDERABAD CENTRAL,SAIFABAD,HYDERGUDA,GUNFOUNDRY,2025-04-01,2025,4,1,0,1,1.0,False,6982.0,54.0,6982.0,0
HYDERABAD_CENTRAL_GUNFOUNDRY,initial greater-Hyderabad study area,TGSPDCL,HYDERABAD CENTRAL,SAIFABAD,HYDERGUDA,GUNFOUNDRY,2025-05-01,2025,5,1,0,1,1.0,False,6338.0,54.0,6338.0,0
HYDERABAD_CENTRAL_GUNFOUNDRY,initial greater-Hyderabad study area,TGSPDCL,HYDERABAD CENTRAL,SAIFABAD,HYDERGUDA,GUNFOUNDRY,2025-06-01,2025,6,1,0,1,1.0,False,7004.0,54.0,7004.0,0
HYDERABAD_CENTRAL_GUNFOUNDRY,initial greater-Hyderabad study area,TGSPDCL,HYDERABAD CENTRAL,SAIFABAD,HYDERGUDA,GUNFOUNDRY,2025-07-01,2025,7,1,0,1,1.0,False,6616.0,54.0,6616.0,0
HYDERABAD_CENTRAL_GUNFOUNDRY,initial greater-Hyderabad study area,TGSPDCL,HYDERABAD CENTRAL,SAIFABAD,HYDERGUDA,GUNFOUNDRY,2025-08-01,2025,8,1,0,1,1.0,False,3527.0,54.0,3527.0,0
HYDERABAD_CENTRAL_GUNFOUNDRY,initial greater-Hyderabad study area,TGSPDCL,HYDERABAD CENTRAL,SAIFABAD,HYDERGUDA,GUNFOUNDRY,2025-09-01,2025,9,1,0,1,1.0,False,7239.0,54.0,7239.0,0
HYDERABAD_CENTRAL_GUNFOUNDRY,initial greater-Hyderabad study area,TGSPDCL,HYDERABAD CENTRAL,SAIFABAD,HYDERGUDA,GUNFOUNDRY,2025-10-01,2025,10,1,0,1,1.0,False,9149.0,54.0,9149.0,0
HYDERABAD_CENTRAL_GUNFOUNDRY,initial greater-Hyderabad study area,TGSPDCL,HYDERABAD CENTRAL,SAIFABAD,HYDERGUDA,GUNFOUNDRY,2025-11-01,2025,11,1,0,1,1.0,False,6715.0,54.0,6715.0,0
HYDERABAD_CENTRAL_GUNFOUNDRY,initial greater-Hyderabad study area,TGSPDCL,HYDERABAD CENTRAL,SAIFABAD,HYDERGUDA,GUNFOUNDRY,2025-12-01,2025,12,1,0,1,1.0,False,2950.0,54.0,2950.0,0
HYDERABAD_CENTRAL_GUNFOUNDRY,initial greater-Hyderabad study area,TGSPDCL,HYDERABAD CENTRAL,SAIFABAD,HYDERGUDA,GUNFOUNDRY,2026-01-01,2026,1,1,0,1,1.0,False,2235.0,54.0,2235.0,0
HYDERABAD_CENTRAL_GUNFOUNDRY,initial greater-Hyderabad study area,TGSPDCL,HYDERABAD CENTRAL,SAIFABAD,HYDERGUDA,GUNFOUNDRY,2026-02-01,2026,2,1,0,1,1.0,False,3244.0,54.0,3244.0,0
HYDERABAD_CENTRAL_GUNFOUNDRY,initial greater-Hyderabad study area,TGSPDCL,HYDERABAD CENTRAL,SAIFABAD,HYDERGUDA,GUNFOUNDRY,2026-03-01,2026,3,1,0,1,1.0,False,3299.0,54.0,3299.0,0
HYDERABAD_CENTRAL_GUNFOUNDRY,initial greater-Hyderabad study area,TGSPDCL,HYDERABAD CENTRAL,SAIFABAD,HYDERGUDA,GUNFOUNDRY,2026-04-01,2026,4,1,0,1,1.0,False,2234.0,54.0,2234.0,0
HYDERABAD_CENTRAL_GUNFOUNDRY,initial greater-Hyderabad study area,TGSPDCL,HYDERABAD CENTRAL,SAIFABAD,HYDERGUDA,GUNFOUNDRY,2026-05-01,2026,5,1,0,1,1.0,False,520.0,54.0,520.0,0
HYDERABAD_CENTRAL_GUNFOUNDRY,initial greater-Hyderabad study area,TGSPDCL,HYDERABAD CENTRAL,SAIFABAD,HYDERGUDA,GUNFOUNDRY,2026-06-01,2026,6,1,0,1,1.0,False,2031.0,54.0,2031.0,0
HYDERABAD_CENTRAL_GUNFOUNDRY,initial greater-Hyderabad study area,TGSPDCL,HYDERABAD CENTRAL,SAIFABAD,HYDERGUDA,GUNFOUNDRY,2026-07-01,2026,7,1,0,1,1.0,False,9.0,54.0,9.0,0
HYDERABAD_CENTRAL_GUNFOUNDRY,initial greater-Hyderabad study area,TGSPDCL,HYDERABAD CENTRAL,SAIFABAD,HYDERGUDA,GUNFOUNDRY,2026-08-01,2026,8,1,0,1,1.0,False,27.0,54.0,27.0,0
HYDERABAD_CENTRAL_HIMAYAT_NAGAR,initial greater-Hyderabad study area,TGSPDCL,HYDERABAD CENTRAL,SAIFABAD,HYDERGUDA,HIMAYAT NAGAR,2024-11-01,2024,11,1,0,1,1.0,False,17.0,54.0,17.0,0
HYDERABAD_CENTRAL_HIMAYAT_NAGAR,initial greater-Hyderabad study area,TGSPDCL,HYDERABAD CENTRAL,SAIFABAD,HYDERGUDA,HIMAYAT NAGAR,2024-12-01,2024,12,1,0,1,1.0,False,15.0,54.0,15.0,0
HYDERABAD_CENTRAL_HIMAYAT_NAGAR,initial greater-Hyderabad study area,TGSPDCL,HYDERABAD CENTRAL,SAIFABAD,HYDERGUDA,HIMAYAT NAGAR,2025-01-01,2025,1,1,0,1,1.0,False,20.0,54.0,20.0,0
HYDERABAD_CENTRAL_HIMAYAT_NAGAR,initial greater-Hyderabad study area,TGSPDCL,HYDERABAD CENTRAL,SAIFABAD,HYDERGUDA,HIMAYAT NAGAR,2025-02-01,2025,2,1,1,1,1.0,False,0.0,54.0,0.0,0
HYDERABAD_CENTRAL_HIMAYAT_NAGAR,initial greater-Hyderabad study area,TGSPDCL,HYDERABAD CENTRAL,SAIFABAD,HYDERGUDA,HIMAYAT NAGAR,2025-03-01,2025,3,1,0,1,1.0,False,3274.0,54.0,3274.0,0
HYDERABAD_CENTRAL_HIMAYAT_NAGAR,initial greater-Hyderabad study area,TGSPDCL,HYDERABAD CENTRAL,SAIFABAD,HYDERGUDA,HIMAYAT NAGAR,2025-04-01,2025,4,1,0,1,1.0,False,4060.0,54.0,4060.0,0
HYDERABAD_CENTRAL_HIMAYAT_NAGAR,initial greater-Hyderabad study area,TGSPDCL,HYDERABAD CENTRAL,SAIFABAD,HYDERGUDA,HIMAYAT NAGAR,2025-05-01,2025,5,1,0,1,1.0,False,1217.0,54.0,1217.0,0
HYDERABAD_CENTRAL_HIMAYAT_NAGAR,initial greater-Hyderabad study area,TGSPDCL,HYDERABAD CENTRAL,SAIFABAD,HYDERGUDA,HIMAYAT NAGAR,2025-06-01,2025,6,1,0,1,1.0,False,81.0,54.0,81.0,0
HYDERABAD_CENTRAL_HIMAYAT_NAGAR,initial greater-Hyderabad study area,TGSPDCL,HYDERABAD CENTRAL,SAIFABAD,HYDERGUDA,HIMAYAT NAGAR,2025-07-01,2025,7,1,0,1,1.0,False,2277.0,54.0,2277.0,0
HYDERABAD_CENTRAL_HIMAYAT_NAGAR,initial greater-Hyderabad study area,TGSPDCL,HYDERABAD CENTRAL,SAIFABAD,HYDERGUDA,HIMAYAT NAGAR,2025-08-01,2025,8,1,0,1,1.0,False,5531.0,54.0,5531.0,0
HYDERABAD_CENTRAL_HIMAYAT_NAGAR,initial greater-Hyderabad study area,TGSPDCL,HYDERABAD CENTRAL,SAIFABAD,HYDERGUDA,HIMAYAT NAGAR,2025-09-01,2025,9,1,0,1,1.0,False,6380.0,54.0,6380.0,0
HYDERABAD_CENTRAL_HIMAYAT_NAGAR,initial greater-Hyderabad study area,TGSPDCL,HYDERABAD CENTRAL,SAIFABAD,HYDERGUDA,HIMAYAT NAGAR,2025-10-01,2025,10,1,0,1,1.0,False,2349.0,54.0,2349.0,0
HYDERABAD_CENTRAL_HIMAYAT_NAGAR,initial greater-Hyderabad study area,TGSPDCL,HYDERABAD CENTRAL,SAIFABAD,HYDERGUDA,HIMAYAT NAGAR,2025-11-01,2025,11,1,0,1,1.0,False,7387.0,54.0,7387.0,0
HYDERABAD_CENTRAL_HIMAYAT_NAGAR,initial greater-Hyderabad study area,TGSPDCL,HYDERABAD CENTRAL,SAIFABAD,HYDERGUDA,HIMAYAT NAGAR,2025-12-01,2025,12,1,0,1,1.0,False,8809.0,54.0,8809.0,0
HYDERABAD_CENTRAL_HIMAYAT_NAGAR,initial greater-Hyderabad study area,TGSPDCL,HYDERABAD CENTRAL,SAIFABAD,HYDERGUDA,HIMAYAT NAGAR,2026-01-01,2026,1,1,0,1,1.0,False,8499.0,54.0,8499.0,0
HYDERABAD_CENTRAL_HIMAYAT_NAGAR,initial greater-Hyderabad study area,TGSPDCL,HYDERABAD CENTRAL,SAIFABAD,HYDERGUDA,HIMAYAT NAGAR,2026-02-01,2026,2,1,0,1,1.0,False,6682.0,54.0,6682.0,0
HYDERABAD_CENTRAL_HIMAYAT_NAGAR,initial greater-Hyderabad study area,TGSPDCL,HYDERABAD CENTRAL,SAIFABAD,HYDERGUDA,HIMAYAT NAGAR,2026-03-01,2026,3,1,0,1,1.0,False,11315.0,54.0,11315.0,0
HYDERABAD_CENTRAL_HIMAYAT_NAGAR,initial greater-Hyderabad study area,TGSPDCL,HYDERABAD CENTRAL,SAIFABAD,HYDERGUDA,HIMAYAT NAGAR,2026-04-01,2026,4,1,0,1,1.0,False,10851.0,54.0,10851.0,0
HYDERABAD_CENTRAL_HIMAYAT_NAGAR,initial greater-Hyderabad study area,TGSPDCL,HYDERABAD CENTRAL,SAIFABAD,HYDERGUDA,HIMAYAT NAGAR,2026-05-01,2026,5,1,0,1,1.0,False,15905.0,54.0,15905.0,0
HYDERABAD_CENTRAL_HIMAYAT_NAGAR,initial greater-Hyderabad study area,TGSPDCL,HYDERABAD CENTRAL,SAIFABAD,HYDERGUDA,HIMAYAT NAGAR,2026-06-01,2026,6,1,0,1,1.0,False,13851.0,54.0,13851.0,0
HYDERABAD_CENTRAL_HIMAYAT_NAGAR,initial greater-Hyderabad study area,TGSPDCL,HYDERABAD CENTRAL,SAIFABAD,HYDERGUDA,HIMAYAT NAGAR,2026-07-01,2026,7,1,0,1,1.0,False,9140.0,54.0,9140.0,0
HYDERABAD_CENTRAL_HIMAYAT_NAGAR,initial greater-Hyderabad study area,TGSPDCL,HYDERABAD CENTRAL,SAIFABAD,HYDERGUDA,HIMAYAT NAGAR,2026-08-01,2026,8,1,0,1,1.0,False,7917.0,54.0,7917.0,0
HYDERABAD_CENTRAL_KAVADIGUDA,initial greater-Hyderabad study area,TGSPDCL,HYDERABAD CENTRAL,SAIFABAD,INDIRA PARK,KAVADIGUDA,2024-11-01,2024,11,1,1,2,,True,0.0,108.0,0.0,0
HYDERABAD_CENTRAL_KAVADIGUDA,initial greater-Hyderabad study area,TGSPDCL,HYDERABAD CENTRAL,SAIFABAD,INDIRA PARK,KAVADIGUDA,2024-12-01,2024,12,1,0,2,2.0,False,33.0,108.0,16.5,0
HYDERABAD_CENTRAL_KAVADIGUDA,initial greater-Hyderabad study area,TGSPDCL,HYDERABAD CENTRAL,SAIFABAD,INDIRA PARK,KAVADIGUDA,2025-01-01,2025,1,1,0,3,2.0,False,504.0,162.0,168.0,0
HYDERABAD_CENTRAL_KAVADIGUDA,initial greater-Hyderabad study area,TGSPDCL,HYDERABAD CENTRAL,SAIFABAD,INDIRA PARK,KAVADIGUDA,2025-02-01,2025,2,1,0,3,3.0,False,1938.0,162.0,646.0,0
HYDERABAD_CENTRAL_KAVADIGUDA,initial greater-Hyderabad study area,TGSPDCL,HYDERABAD CENTRAL,SAIFABAD,INDIRA PARK,KAVADIGUDA,2025-03-01,2025,3,1,0,3,3.0,False,4061.0,162.0,1353.67,0
HYDERABAD_CENTRAL_KAVADIGUDA,initial greater-Hyderabad study area,TGSPDCL,HYDERABAD CENTRAL,SAIFABAD,INDIRA PARK,KAVADIGUDA,2025-04-01,2025,4,1,0,3,3.0,False,5018.0,162.0,1672.67,0
HYDERABAD_CENTRAL_KAVADIGUDA,initial greater-Hyderabad study area,TGSPDCL,HYDERABAD CENTRAL,SAIFABAD,INDIRA PARK,KAVADIGUDA,2025-05-01,2025,5,1,0,3,3.0,False,7093.0,162.0,2364.33,0
HYDERABAD_CENTRAL_KAVADIGUDA,initial greater-Hyderabad study area,TGSPDCL,HYDERABAD CENTRAL,SAIFABAD,INDIRA PARK,KAVADIGUDA,2025-06-01,2025,6,1,0,3,3.0,False,10116.0,162.0,3372.0,0
HYDERABAD_CENTRAL_KAVADIGUDA,initial greater-Hyderabad study area,TGSPDCL,HYDERABAD CENTRAL,SAIFABAD,INDIRA PARK,KAVADIGUDA,2025-07-01,2025,7,1,0,3,3.0,False,8998.0,162.0,2999.33,0
HYDERABAD_CENTRAL_KAVADIGUDA,initial greater-Hyderabad study area,TGSPDCL,HYDERABAD CENTRAL,SAIFABAD,INDIRA PARK,KAVADIGUDA,2025-08-01,2025,8,1,0,3,3.0,False,7117.0,162.0,2372.33,0
HYDERABAD_CENTRAL_KAVADIGUDA,initial greater-Hyderabad study area,TGSPDCL,HYDERABAD CENTRAL,SAIFABAD,INDIRA PARK,KAVADIGUDA,2025-09-01,2025,9,1,0,3,3.0,False,6433.0,162.0,2144.33,0
HYDERABAD_CENTRAL_KAVADIGUDA,initial greater-Hyderabad study area,TGSPDCL,HYDERABAD CENTRAL,SAIFABAD,INDIRA PARK,KAVADIGUDA,2025-10-01,2025,10,1,0,3,3.0,False,6932.0,162.0,2310.67,0
HYDERABAD_CENTRAL_KAVADIGUDA,initial greater-Hyderabad study area,TGSPDCL,HYDERABAD CENTRAL,SAIFABAD,INDIRA PARK,KAVADIGUDA,2025-11-01,2025,11,1,0,3,3.0,False,6236.0,162.0,2078.67,0
HYDERABAD_CENTRAL_KAVADIGUDA,initial greater-Hyderabad study area,TGSPDCL,HYDERABAD CENTRAL,SAIFABAD,INDIRA PARK,KAVADIGUDA,2025-12-01,2025,12,1,0,3,3.0,False,6297.0,162.0,2099.0,0
HYDERABAD_CENTRAL_KAVADIGUDA,initial greater-Hyderabad study area,TGSPDCL,HYDERABAD CENTRAL,SAIFABAD,INDIRA PARK,KAVADIGUDA,2026-01-01,2026,1,1,0,3,3.0,False,8531.0,162.0,2843.67,0
HYDERABAD_CENTRAL_KAVADIGUDA,initial greater-Hyderabad study area,TGSPDCL,HYDERABAD CENTRAL,SAIFABAD,INDIRA PARK,KAVADIGUDA,2026-02-01,2026,2,1,0,3,3.0,False,9204.0,162.0,3068.0,0
HYDERABAD_CENTRAL_KAVADIGUDA,initial greater-Hyderabad study area,TGSPDCL,HYDERABAD CENTRAL,SAIFABAD,INDIRA PARK,KAVADIGUDA,2026-03-01,2026,3,1,0,3,3.0,False,8875.0,162.0,2958.33,0
HYDERABAD_CENTRAL_KAVADIGUDA,initial greater-Hyderabad study area,TGSPDCL,HYDERABAD CENTRAL,SAIFABAD,INDIRA PARK,KAVADIGUDA,2026-04-01,2026,4,1,0,3,3.0,False,15588.0,162.0,5196.0,0
HYDERABAD_CENTRAL_KAVADIGUDA,initial greater-Hyderabad study area,TGSPDCL,HYDERABAD CENTRAL,SAIFABAD,INDIRA PARK,KAVADIGUDA,2026-05-01,2026,5,1,0,3,3.0,False,21780.0,162.0,7260.0,0
HYDERABAD_CENTRAL_KAVADIGUDA,initial greater-Hyderabad study area,TGSPDCL,HYDERABAD CENTRAL,SAIFABAD,INDIRA PARK,KAVADIGUDA,2026-06-01,2026,6,1,0,3,3.0,False,20939.0,162.0,6979.67,0
HYDERABAD_CENTRAL_KAVADIGUDA,initial greater-Hyderabad study area,TGSPDCL,HYDERABAD CENTRAL,SAIFABAD,INDIRA PARK,KAVADIGUDA,2026-07-01,2026,7,1,0,3,3.0,False,20185.0,162.0,6728.33,0
HYDERABAD_CENTRAL_KAVADIGUDA,initial greater-Hyderabad study area,TGSPDCL,HYDERABAD CENTRAL,SAIFABAD,INDIRA PARK,KAVADIGUDA,2026-08-01,2026,8,1,0,3,3.0,False,22692.0,162.0,7564.0,0
HYDERABAD_CENTRAL_LANGER_HOUSE,initial greater-Hyderabad study area,TGSPDCL,HYDERABAD CENTRAL,MEHDIPATNAM,GOLCONDA,LANGER HOUSE,2025-04-01,2025,4,1,1,1,,True,0.0,54.0,0.0,0
HYDERABAD_CENTRAL_LANGER_HOUSE,initial greater-Hyderabad study area,TGSPDCL,HYDERABAD CENTRAL,MEHDIPATNAM,GOLCONDA,LANGER HOUSE,2025-05-01,2025,5,1,0,1,1.0,False,48.0,54.0,48.0,0
HYDERABAD_CENTRAL_LANGER_HOUSE,initial greater-Hyderabad study area,TGSPDCL,HYDERABAD CENTRAL,MEHDIPATNAM,GOLCONDA,LANGER HOUSE,2025-06-01,2025,6,1,1,1,1.0,False,0.0,54.0,0.0,0
HYDERABAD_CENTRAL_LANGER_HOUSE,initial greater-Hyderabad study area,TGSPDCL,HYDERABAD CENTRAL,MEHDIPATNAM,GOLCONDA,LANGER HOUSE,2025-07-01,2025,7,1,0,1,1.0,False,61.0,54.0,61.0,0
HYDERABAD_CENTRAL_LANGER_HOUSE,initial greater-Hyderabad study area,TGSPDCL,HYDERABAD CENTRAL,MEHDIPATNAM,GOLCONDA,LANGER HOUSE,2025-08-01,2025,8,1,0,1,1.0,False,70.0,54.0,70.0,0
HYDERABAD_CENTRAL_LANGER_HOUSE,initial greater-Hyderabad study area,TGSPDCL,HYDERABAD CENTRAL,MEHDIPATNAM,GOLCONDA,LANGER HOUSE,2025-09-01,2025,9,1,0,1,1.0,False,34.0,54.0,34.0,0
HYDERABAD_CENTRAL_LANGER_HOUSE,initial greater-Hyderabad study area,TGSPDCL,HYDERABAD CENTRAL,MEHDIPATNAM,GOLCONDA,LANGER HOUSE,2025-10-01,2025,10,1,0,1,1.0,False,1542.0,54.0,1542.0,0
HYDERABAD_CENTRAL_LANGER_HOUSE,initial greater-Hyderabad study area,TGSPDCL,HYDERABAD CENTRAL,MEHDIPATNAM,GOLCONDA,LANGER HOUSE,2025-11-01,2025,11,1,0,1,1.0,False,796.0,54.0,796.0,0
HYDERABAD_CENTRAL_LANGER_HOUSE,initial greater-Hyderabad study area,TGSPDCL,HYDERABAD CENTRAL,MEHDIPATNAM,GOLCONDA,LANGER HOUSE,2025-12-01,2025,12,1,0,1,1.0,False,1900.0,54.0,1900.0,0
HYDERABAD_CENTRAL_LANGER_HOUSE,initial greater-Hyderabad study area,TGSPDCL,HYDERABAD CENTRAL,MEHDIPATNAM,GOLCONDA,LANGER HOUSE,2026-01-01,2026,1,1,0,1,1.0,False,2861.0,54.0,2861.0,0
HYDERABAD_CENTRAL_LANGER_HOUSE,initial greater-Hyderabad study area,TGSPDCL,HYDERABAD CENTRAL,MEHDIPATNAM,GOLCONDA,LANGER HOUSE,2026-02-01,2026,2,1,0,1,1.0,False,2130.0,54.0,2130.0,0
HYDERABAD_CENTRAL_LANGER_HOUSE,initial greater-Hyderabad study area,TGSPDCL,HYDERABAD CENTRAL,MEHDIPATNAM,GOLCONDA,LANGER HOUSE,2026-03-01,2026,3,1,0,3,2.0,False,6037.0,161.0,2012.33,0
HYDERABAD_CENTRAL_LANGER_HOUSE,initial greater-Hyderabad study area,TGSPDCL,HYDERABAD CENTRAL,MEHDIPATNAM,GOLCONDA,LANGER HOUSE,2026-04-01,2026,4,1,0,3,3.0,False,2988.0,161.0,996.0,0
HYDERABAD_CENTRAL_LANGER_HOUSE,initial greater-Hyderabad study area,TGSPDCL,HYDERABAD CENTRAL,MEHDIPATNAM,GOLCONDA,LANGER HOUSE,2026-05-01,2026,5,1,0,3,3.0,False,13601.0,161.0,4533.67,0
HYDERABAD_CENTRAL_LANGER_HOUSE,initial greater-Hyderabad study area,TGSPDCL,HYDERABAD CENTRAL,MEHDIPATNAM,GOLCONDA,LANGER HOUSE,2026-06-01,2026,6,1,0,3,3.0,False,23669.0,161.0,7889.67,0
HYDERABAD_CENTRAL_LANGER_HOUSE,initial greater-Hyderabad study area,TGSPDCL,HYDERABAD CENTRAL,MEHDIPATNAM,GOLCONDA,LANGER HOUSE,2026-07-01,2026,7,1,0,3,3.0,False,30924.0,161.0,10308.0,0
HYDERABAD_CENTRAL_LANGER_HOUSE,initial greater-Hyderabad study area,TGSPDCL,HYDERABAD CENTRAL,MEHDIPATNAM,GOLCONDA,LANGER HOUSE,2026-08-01,2026,8,1,0,3,3.0,False,31286.0,161.0,10428.67,0
HYDERABAD_CENTRAL_RETHI_BOWLI,initial greater-Hyderabad study area,TGSPDCL,HYDERABAD CENTRAL,MEHDIPATNAM,MEHDIPATNAM,RETHI BOWLI,2025-10-01,2025,10,1,0,1,1.0,False,68.0,60.0,68.0,0
HYDERABAD_CENTRAL_RETHI_BOWLI,initial greater-Hyderabad study area,TGSPDCL,HYDERABAD CENTRAL,MEHDIPATNAM,MEHDIPATNAM,RETHI BOWLI,2025-11-01,2025,11,1,0,1,1.0,False,955.0,60.0,955.0,0
HYDERABAD_CENTRAL_RETHI_BOWLI,initial greater-Hyderabad study area,TGSPDCL,HYDERABAD CENTRAL,MEHDIPATNAM,MEHDIPATNAM,RETHI BOWLI,2025-12-01,2025,12,1,0,1,1.0,False,1950.0,60.0,1950.0,0
HYDERABAD_CENTRAL_RETHI_BOWLI,initial greater-Hyderabad study area,TGSPDCL,HYDERABAD CENTRAL,MEHDIPATNAM,MEHDIPATNAM,RETHI BOWLI,2026-01-01,2026,1,1,0,1,1.0,False,3482.0,60.0,3482.0,0
HYDERABAD_CENTRAL_RETHI_BOWLI,initial greater-Hyderabad study area,TGSPDCL,HYDERABAD CENTRAL,MEHDIPATNAM,MEHDIPATNAM,RETHI BOWLI,2026-02-01,2026,2,1,0,1,1.0,False,2629.0,60.0,2629.0,0
HYDERABAD_CENTRAL_RETHI_BOWLI,initial greater-Hyderabad study area,TGSPDCL,HYDERABAD CENTRAL,MEHDIPATNAM,MEHDIPATNAM,RETHI BOWLI,2026-03-01,2026,3,1,0,1,1.0,False,3480.0,60.0,3480.0,0
HYDERABAD_CENTRAL_RETHI_BOWLI,initial greater-Hyderabad study area,TGSPDCL,HYDERABAD CENTRAL,MEHDIPATNAM,MEHDIPATNAM,RETHI BOWLI,2026-04-01,2026,4,1,0,1,1.0,False,4946.0,60.0,4946.0,0
HYDERABAD_CENTRAL_RETHI_BOWLI,initial greater-Hyderabad study area,TGSPDCL,HYDERABAD CENTRAL,MEHDIPATNAM,MEHDIPATNAM,RETHI BOWLI,2026-05-01,2026,5,1,0,1,1.0,False,3685.0,60.0,3685.0,0
HYDERABAD_CENTRAL_RETHI_BOWLI,initial greater-Hyderabad study area,TGSPDCL,HYDERABAD CENTRAL,MEHDIPATNAM,MEHDIPATNAM,RETHI BOWLI,2026-06-01,2026,6,1,0,1,1.0,False,7445.0,60.0,7445.0,0
HYDERABAD_CENTRAL_RETHI_BOWLI,initial greater-Hyderabad study area,TGSPDCL,HYDERABAD CENTRAL,MEHDIPATNAM,MEHDIPATNAM,RETHI BOWLI,2026-07-01,2026,7,1,0,1,1.0,False,10250.0,60.0,10250.0,0
HYDERABAD_CENTRAL_RETHI_BOWLI,initial greater-Hyderabad study area,TGSPDCL,HYDERABAD CENTRAL,MEHDIPATNAM,MEHDIPATNAM,RETHI BOWLI,2026-08-01,2026,8,1,0,1,1.0,False,8126.0,60.0,8126.0,0
HYDERABAD_CENTRAL_SAIFABAD,initial greater-Hyderabad study area,TGSPDCL,HYDERABAD CENTRAL,SAIFABAD,SAIFABAD,SAIFABAD,2025-01-01,2025,1,1,1,1,,True,0.0,53.0,0.0,0
HYDERABAD_CENTRAL_SAIFABAD,initial greater-Hyderabad study area,TGSPDCL,HYDERABAD CENTRAL,SAIFABAD,SAIFABAD,SAIFABAD,2025-02-01,2025,2,2,0,2,2.0,False,9741.0,107.0,4870.5,0
HYDERABAD_CENTRAL_SAIFABAD,initial greater-Hyderabad study area,TGSPDCL,HYDERABAD CENTRAL,SAIFABAD,SAIFABAD,SAIFABAD,2025-03-01,2025,3,3,1,3,2.0,True,12575.0,147.0,4191.67,0
HYDERABAD_CENTRAL_SAIFABAD,initial greater-Hyderabad study area,TGSPDCL,HYDERABAD CENTRAL,SAIFABAD,SAIFABAD,SAIFABAD,2025-04-01,2025,4,3,0,3,3.0,False,15079.0,147.0,5026.33,0
HYDERABAD_CENTRAL_SAIFABAD,initial greater-Hyderabad study area,TGSPDCL,HYDERABAD CENTRAL,SAIFABAD,SAIFABAD,SAIFABAD,2025-05-01,2025,5,3,0,4,3.0,False,18015.0,201.0,4503.75,0
HYDERABAD_CENTRAL_SAIFABAD,initial greater-Hyderabad study area,TGSPDCL,HYDERABAD CENTRAL,SAIFABAD,SAIFABAD,SAIFABAD,2025-06-01,2025,6,3,0,4,4.0,False,20044.0,201.0,5011.0,0
HYDERABAD_CENTRAL_SAIFABAD,initial greater-Hyderabad study area,TGSPDCL,HYDERABAD CENTRAL,SAIFABAD,SAIFABAD,SAIFABAD,2025-07-01,2025,7,3,0,5,4.0,False,20777.0,255.0,4155.4,0
HYDERABAD_CENTRAL_SAIFABAD,initial greater-Hyderabad study area,TGSPDCL,HYDERABAD CENTRAL,SAIFABAD,SAIFABAD,SAIFABAD,2025-08-01,2025,8,3,0,5,5.0,False,24702.0,255.0,4940.4,0
HYDERABAD_CENTRAL_SAIFABAD,initial greater-Hyderabad study area,TGSPDCL,HYDERABAD CENTRAL,SAIFABAD,SAIFABAD,SAIFABAD,2025-09-01,2025,9,3,0,5,5.0,False,22124.0,255.0,4424.8,0
HYDERABAD_CENTRAL_SAIFABAD,initial greater-Hyderabad study area,TGSPDCL,HYDERABAD CENTRAL,SAIFABAD,SAIFABAD,SAIFABAD,2025-10-01,2025,10,3,0,5,5.0,False,18658.0,255.0,3731.6,0
HYDERABAD_CENTRAL_SAIFABAD,initial greater-Hyderabad study area,TGSPDCL,HYDERABAD CENTRAL,SAIFABAD,SAIFABAD,SAIFABAD,2025-11-01,2025,11,3,0,5,5.0,False,20952.0,255.0,4190.4,0
HYDERABAD_CENTRAL_SAIFABAD,initial greater-Hyderabad study area,TGSPDCL,HYDERABAD CENTRAL,SAIFABAD,SAIFABAD,SAIFABAD,2025-12-01,2025,12,3,0,5,5.0,False,26808.0,255.0,5361.6,0
HYDERABAD_CENTRAL_SAIFABAD,initial greater-Hyderabad study area,TGSPDCL,HYDERABAD CENTRAL,SAIFABAD,SAIFABAD,SAIFABAD,2026-01-01,2026,1,3,0,5,5.0,False,36088.0,255.0,7217.6,0
HYDERABAD_CENTRAL_SAIFABAD,initial greater-Hyderabad study area,TGSPDCL,HYDERABAD CENTRAL,SAIFABAD,SAIFABAD,SAIFABAD,2026-02-01,2026,2,3,0,5,5.0,False,40187.0,255.0,8037.4,0
HYDERABAD_CENTRAL_SAIFABAD,initial greater-Hyderabad study area,TGSPDCL,HYDERABAD CENTRAL,SAIFABAD,SAIFABAD,SAIFABAD,2026-03-01,2026,3,3,0,5,5.0,False,46584.0,255.0,9316.8,0
HYDERABAD_CENTRAL_SAIFABAD,initial greater-Hyderabad study area,TGSPDCL,HYDERABAD CENTRAL,SAIFABAD,SAIFABAD,SAIFABAD,2026-04-01,2026,4,3,0,5,5.0,False,58311.0,255.0,11662.2,0
HYDERABAD_CENTRAL_SAIFABAD,initial greater-Hyderabad study area,TGSPDCL,HYDERABAD CENTRAL,SAIFABAD,SAIFABAD,SAIFABAD,2026-05-01,2026,5,3,0,5,5.0,False,73214.0,255.0,14642.8,0
HYDERABAD_CENTRAL_SAIFABAD,initial greater-Hyderabad study area,TGSPDCL,HYDERABAD CENTRAL,SAIFABAD,SAIFABAD,SAIFABAD,2026-06-01,2026,6,3,0,5,5.0,False,75455.0,255.0,15091.0,0
HYDERABAD_CENTRAL_SAIFABAD,initial greater-Hyderabad study area,TGSPDCL,HYDERABAD CENTRAL,SAIFABAD,SAIFABAD,SAIFABAD,2026-07-01,2026,7,3,0,5,5.0,False,91571.0,347.0,18314.2,0
HYDERABAD_CENTRAL_SAIFABAD,initial greater-Hyderabad study area,TGSPDCL,HYDERABAD CENTRAL,SAIFABAD,SAIFABAD,SAIFABAD,2026-08-01,2026,8,3,0,5,5.0,False,82233.0,347.0,16446.6,0
HYDERABAD_CENTRAL_SHAIKPET,initial greater-Hyderabad study area,TGSPDCL,HYDERABAD CENTRAL,MEHDIPATNAM,GOLCONDA,SHAIKPET,2024-08-01,2024,8,1,1,1,,True,0.0,50.0,0.0,0
HYDERABAD_CENTRAL_SHAIKPET,initial greater-Hyderabad study area,TGSPDCL,HYDERABAD CENTRAL,MEHDIPATNAM,GOLCONDA,SHAIKPET,2024-09-01,2024,9,1,0,1,1.0,False,1193.0,50.0,1193.0,0
HYDERABAD_CENTRAL_SHAIKPET,initial greater-Hyderabad study area,TGSPDCL,HYDERABAD CENTRAL,MEHDIPATNAM,GOLCONDA,SHAIKPET,2024-10-01,2024,10,1,0,1,1.0,False,2633.0,50.0,2633.0,0
HYDERABAD_CENTRAL_SHAIKPET,initial greater-Hyderabad study area,TGSPDCL,HYDERABAD CENTRAL,MEHDIPATNAM,GOLCONDA,SHAIKPET,2024-11-01,2024,11,1,0,2,2.0,False,4973.0,104.0,2486.5,0
HYDERABAD_CENTRAL_SHAIKPET,initial greater-Hyderabad study area,TGSPDCL,HYDERABAD CENTRAL,MEHDIPATNAM,GOLCONDA,SHAIKPET,2024-12-01,2024,12,1,0,2,2.0,False,6264.0,104.0,3132.0,0
HYDERABAD_CENTRAL_SHAIKPET,initial greater-Hyderabad study area,TGSPDCL,HYDERABAD CENTRAL,MEHDIPATNAM,GOLCONDA,SHAIKPET,2025-01-01,2025,1,1,0,2,2.0,False,9958.0,104.0,4979.0,0
HYDERABAD_CENTRAL_SHAIKPET,initial greater-Hyderabad study area,TGSPDCL,HYDERABAD CENTRAL,MEHDIPATNAM,GOLCONDA,SHAIKPET,2025-02-01,2025,2,1,0,2,2.0,False,16121.0,104.0,8060.5,0
HYDERABAD_CENTRAL_SHAIKPET,initial greater-Hyderabad study area,TGSPDCL,HYDERABAD CENTRAL,MEHDIPATNAM,GOLCONDA,SHAIKPET,2025-03-01,2025,3,1,0,2,2.0,False,15535.0,104.0,7767.5,0
HYDERABAD_CENTRAL_SHAIKPET,initial greater-Hyderabad study area,TGSPDCL,HYDERABAD CENTRAL,MEHDIPATNAM,GOLCONDA,SHAIKPET,2025-04-01,2025,4,1,0,3,2.0,False,18435.0,158.0,6145.0,0
HYDERABAD_CENTRAL_SHAIKPET,initial greater-Hyderabad study area,TGSPDCL,HYDERABAD CENTRAL,MEHDIPATNAM,GOLCONDA,SHAIKPET,2025-05-01,2025,5,1,0,3,3.0,False,20349.0,158.0,6783.0,0
HYDERABAD_CENTRAL_SHAIKPET,initial greater-Hyderabad study area,TGSPDCL,HYDERABAD CENTRAL,MEHDIPATNAM,GOLCONDA,SHAIKPET,2025-06-01,2025,6,1,0,3,3.0,False,23859.0,158.0,7953.0,0
HYDERABAD_CENTRAL_SHAIKPET,initial greater-Hyderabad study area,TGSPDCL,HYDERABAD CENTRAL,MEHDIPATNAM,GOLCONDA,SHAIKPET,2025-07-01,2025,7,1,0,3,3.0,False,21323.0,158.0,7107.67,0
HYDERABAD_CENTRAL_SHAIKPET,initial greater-Hyderabad study area,TGSPDCL,HYDERABAD CENTRAL,MEHDIPATNAM,GOLCONDA,SHAIKPET,2025-08-01,2025,8,1,0,3,3.0,False,9486.0,158.0,3162.0,0
HYDERABAD_CENTRAL_SHAIKPET,initial greater-Hyderabad study area,TGSPDCL,HYDERABAD CENTRAL,MEHDIPATNAM,GOLCONDA,SHAIKPET,2025-09-01,2025,9,1,0,3,3.0,False,21270.0,158.0,7090.0,0
HYDERABAD_CENTRAL_SHAIKPET,initial greater-Hyderabad study area,TGSPDCL,HYDERABAD CENTRAL,MEHDIPATNAM,GOLCONDA,SHAIKPET,2025-10-01,2025,10,1,0,3,3.0,False,26038.0,158.0,8679.33,0
HYDERABAD_CENTRAL_SHAIKPET,initial greater-Hyderabad study area,TGSPDCL,HYDERABAD CENTRAL,MEHDIPATNAM,GOLCONDA,SHAIKPET,2025-11-01,2025,11,1,0,3,3.0,False,17973.0,158.0,5991.0,0
HYDERABAD_CENTRAL_SHAIKPET,initial greater-Hyderabad study area,TGSPDCL,HYDERABAD CENTRAL,MEHDIPATNAM,GOLCONDA,SHAIKPET,2025-12-01,2025,12,1,0,3,3.0,False,24637.0,158.0,8212.33,0
HYDERABAD_CENTRAL_SHAIKPET,initial greater-Hyderabad study area,TGSPDCL,HYDERABAD CENTRAL,MEHDIPATNAM,GOLCONDA,SHAIKPET,2026-01-01,2026,1,1,0,3,3.0,False,20829.0,158.0,6943.0,0
HYDERABAD_CENTRAL_SHAIKPET,initial greater-Hyderabad study area,TGSPDCL,HYDERABAD CENTRAL,MEHDIPATNAM,GOLCONDA,SHAIKPET,2026-02-01,2026,2,1,0,3,3.0,False,25744.0,158.0,8581.33,0
HYDERABAD_CENTRAL_SHAIKPET,initial greater-Hyderabad study area,TGSPDCL,HYDERABAD CENTRAL,MEHDIPATNAM,GOLCONDA,SHAIKPET,2026-03-01,2026,3,1,0,3,3.0,False,21896.0,158.0,7298.67,0
HYDERABAD_CENTRAL_SHAIKPET,initial greater-Hyderabad study area,TGSPDCL,HYDERABAD CENTRAL,MEHDIPATNAM,GOLCONDA,SHAIKPET,2026-04-01,2026,4,1,0,3,3.0,False,20511.0,158.0,6837.0,0
HYDERABAD_CENTRAL_SHAIKPET,initial greater-Hyderabad study area,TGSPDCL,HYDERABAD CENTRAL,MEHDIPATNAM,GOLCONDA,SHAIKPET,2026-05-01,2026,5,1,0,3,3.0,False,24680.0,158.0,8226.67,0
HYDERABAD_CENTRAL_SHAIKPET,initial greater-Hyderabad study area,TGSPDCL,HYDERABAD CENTRAL,MEHDIPATNAM,GOLCONDA,SHAIKPET,2026-06-01,2026,6,1,0,3,3.0,False,27832.0,158.0,9277.33,0
HYDERABAD_CENTRAL_SHAIKPET,initial greater-Hyderabad study area,TGSPDCL,HYDERABAD CENTRAL,MEHDIPATNAM,GOLCONDA,SHAIKPET,2026-07-01,2026,7,1,0,4,3.0,False,20414.0,211.0,5103.5,0
HYDERABAD_CENTRAL_SHAIKPET,initial greater-Hyderabad study area,TGSPDCL,HYDERABAD CENTRAL,MEHDIPATNAM,GOLCONDA,SHAIKPET,2026-08-01,2026,8,1,0,4,4.0,False,31636.0,211.0,7909.0,0
HYDERABAD_CENTRAL_SHANKARMUTT,initial greater-Hyderabad study area,TGSPDCL,HYDERABAD CENTRAL,AZAMABAD,BARKATPURA,SHANKARMUTT,2023-01-01,2023,1,1,0,1,1.0,False,130.0,15.0,130.0,0
HYDERABAD_CENTRAL_SHANKARMUTT,initial greater-Hyderabad study area,TGSPDCL,HYDERABAD CENTRAL,AZAMABAD,BARKATPURA,SHANKARMUTT,2023-02-01,2023,2,1,0,1,1.0,False,92.0,15.0,92.0,0
HYDERABAD_CENTRAL_SHANKARMUTT,initial greater-Hyderabad study area,TGSPDCL,HYDERABAD CENTRAL,AZAMABAD,BARKATPURA,SHANKARMUTT,2023-03-01,2023,3,1,0,1,1.0,False,329.0,15.0,329.0,0
HYDERABAD_CENTRAL_SHANKARMUTT,initial greater-Hyderabad study area,TGSPDCL,HYDERABAD CENTRAL,AZAMABAD,BARKATPURA,SHANKARMUTT,2023-04-01,2023,4,1,0,1,1.0,False,159.0,15.0,159.0,0
HYDERABAD_CENTRAL_SHANKARMUTT,initial greater-Hyderabad study area,TGSPDCL,HYDERABAD CENTRAL,AZAMABAD,BARKATPURA,SHANKARMUTT,2023-05-01,2023,5,1,0,1,1.0,False,226.0,15.0,226.0,0
HYDERABAD_CENTRAL_SHANKARMUTT,initial greater-Hyderabad study area,TGSPDCL,HYDERABAD CENTRAL,AZAMABAD,BARKATPURA,SHANKARMUTT,2023-06-01,2023,6,1,0,1,1.0,False,49.0,15.0,49.0,0
HYDERABAD_CENTRAL_SHANKARMUTT,initial greater-Hyderabad study area,TGSPDCL,HYDERABAD CENTRAL,AZAMABAD,BARKATPURA,SHANKARMUTT,2023-07-01,2023,7,1,1,1,1.0,False,0.0,15.0,0.0,0
HYDERABAD_CENTRAL_SHANKARMUTT,initial greater-Hyderabad study area,TGSPDCL,HYDERABAD CENTRAL,AZAMABAD,BARKATPURA,SHANKARMUTT,2023-08-01,2023,8,1,1,1,1.0,False,0.0,15.0,0.0,0
HYDERABAD_CENTRAL_SHANKARMUTT,initial greater-Hyderabad study area,TGSPDCL,HYDERABAD CENTRAL,AZAMABAD,BARKATPURA,SHANKARMUTT,2023-09-01,2023,9,1,0,1,1.0,False,39.0,15.0,39.0,0
HYDERABAD_CENTRAL_SHANKARMUTT,initial greater-Hyderabad study area,TGSPDCL,HYDERABAD CENTRAL,AZAMABAD,BARKATPURA,SHANKARMUTT,2023-10-01,2023,10,1,0,1,1.0,False,213.0,15.0,213.0,0
HYDERABAD_CENTRAL_SHANKARMUTT,initial greater-Hyderabad study area,TGSPDCL,HYDERABAD CENTRAL,AZAMABAD,BARKATPURA,SHANKARMUTT,2023-11-01,2023,11,1,0,1,1.0,False,382.0,15.0,382.0,0
HYDERABAD_CENTRAL_SHANKARMUTT,initial greater-Hyderabad study area,TGSPDCL,HYDERABAD CENTRAL,AZAMABAD,BARKATPURA,SHANKARMUTT,2023-12-01,2023,12,2,1,2,1.0,True,32.0,69.0,16.0,0
HYDERABAD_CENTRAL_SHANKARMUTT,initial greater-Hyderabad study area,TGSPDCL,HYDERABAD CENTRAL,AZAMABAD,BARKATPURA,SHANKARMUTT,2024-01-01,2024,1,2,0,2,2.0,False,69.0,69.0,34.5,0
HYDERABAD_CENTRAL_SHANKARMUTT,initial greater-Hyderabad study area,TGSPDCL,HYDERABAD CENTRAL,AZAMABAD,BARKATPURA,SHANKARMUTT,2024-02-01,2024,2,2,0,2,2.0,False,460.0,69.0,230.0,0
HYDERABAD_CENTRAL_SHANKARMUTT,initial greater-Hyderabad study area,TGSPDCL,HYDERABAD CENTRAL,AZAMABAD,BARKATPURA,SHANKARMUTT,2024-03-01,2024,3,2,0,2,2.0,False,887.0,69.0,443.5,0
HYDERABAD_CENTRAL_SHANKARMUTT,initial greater-Hyderabad study area,TGSPDCL,HYDERABAD CENTRAL,AZAMABAD,BARKATPURA,SHANKARMUTT,2024-04-01,2024,4,2,0,2,2.0,False,791.0,69.0,395.5,0
HYDERABAD_CENTRAL_SHANKARMUTT,initial greater-Hyderabad study area,TGSPDCL,HYDERABAD CENTRAL,AZAMABAD,BARKATPURA,SHANKARMUTT,2024-05-01,2024,5,2,0,2,2.0,False,2333.0,69.0,1166.5,0
HYDERABAD_CENTRAL_SHANKARMUTT,initial greater-Hyderabad study area,TGSPDCL,HYDERABAD CENTRAL,AZAMABAD,BARKATPURA,SHANKARMUTT,2024-06-01,2024,6,2,0,2,2.0,False,3649.0,69.0,1824.5,0
HYDERABAD_CENTRAL_SHANKARMUTT,initial greater-Hyderabad study area,TGSPDCL,HYDERABAD CENTRAL,AZAMABAD,BARKATPURA,SHANKARMUTT,2024-07-01,2024,7,2,0,2,2.0,False,5371.0,69.0,2685.5,0
HYDERABAD_CENTRAL_SHANKARMUTT,initial greater-Hyderabad study area,TGSPDCL,HYDERABAD CENTRAL,AZAMABAD,BARKATPURA,SHANKARMUTT,2024-08-01,2024,8,2,0,2,2.0,False,3884.0,69.0,1942.0,0
HYDERABAD_CENTRAL_SHANKARMUTT,initial greater-Hyderabad study area,TGSPDCL,HYDERABAD CENTRAL,AZAMABAD,BARKATPURA,SHANKARMUTT,2024-09-01,2024,9,2,0,2,2.0,False,6250.0,69.0,3125.0,0
HYDERABAD_CENTRAL_SHANKARMUTT,initial greater-Hyderabad study area,TGSPDCL,HYDERABAD CENTRAL,AZAMABAD,BARKATPURA,SHANKARMUTT,2024-10-01,2024,10,2,0,2,2.0,False,1594.0,69.0,797.0,0
HYDERABAD_CENTRAL_SHANKARMUTT,initial greater-Hyderabad study area,TGSPDCL,HYDERABAD CENTRAL,AZAMABAD,BARKATPURA,SHANKARMUTT,2024-11-01,2024,11,2,0,2,2.0,False,1971.0,69.0,985.5,0
HYDERABAD_CENTRAL_SHANKARMUTT,initial greater-Hyderabad study area,TGSPDCL,HYDERABAD CENTRAL,AZAMABAD,BARKATPURA,SHANKARMUTT,2024-12-01,2024,12,2,0,2,2.0,False,688.0,69.0,344.0,0
HYDERABAD_CENTRAL_SHANKARMUTT,initial greater-Hyderabad study area,TGSPDCL,HYDERABAD CENTRAL,AZAMABAD,BARKATPURA,SHANKARMUTT,2025-01-01,2025,1,2,0,2,2.0,False,1068.0,69.0,534.0,0
HYDERABAD_CENTRAL_SHANKARMUTT,initial greater-Hyderabad study area,TGSPDCL,HYDERABAD CENTRAL,AZAMABAD,BARKATPURA,SHANKARMUTT,2025-02-01,2025,2,2,0,2,2.0,False,1972.0,69.0,986.0,0
HYDERABAD_CENTRAL_SHANKARMUTT,initial greater-Hyderabad study area,TGSPDCL,HYDERABAD CENTRAL,AZAMABAD,BARKATPURA,SHANKARMUTT,2025-03-01,2025,3,2,0,2,2.0,False,2204.0,69.0,1102.0,0
HYDERABAD_CENTRAL_SHANKARMUTT,initial greater-Hyderabad study area,TGSPDCL,HYDERABAD CENTRAL,AZAMABAD,BARKATPURA,SHANKARMUTT,2025-04-01,2025,4,2,0,2,2.0,False,2346.0,69.0,1173.0,0
HYDERABAD_CENTRAL_SHANKARMUTT,initial greater-Hyderabad study area,TGSPDCL,HYDERABAD CENTRAL,AZAMABAD,BARKATPURA,SHANKARMUTT,2025-05-01,2025,5,2,0,2,2.0,False,3480.0,69.0,1740.0,0
HYDERABAD_CENTRAL_SHANKARMUTT,initial greater-Hyderabad study area,TGSPDCL,HYDERABAD CENTRAL,AZAMABAD,BARKATPURA,SHANKARMUTT,2025-06-01,2025,6,2,0,2,2.0,False,2831.0,69.0,1415.5,0
HYDERABAD_CENTRAL_SHANKARMUTT,initial greater-Hyderabad study area,TGSPDCL,HYDERABAD CENTRAL,AZAMABAD,BARKATPURA,SHANKARMUTT,2025-07-01,2025,7,2,0,2,2.0,False,2900.0,69.0,1450.0,0
HYDERABAD_CENTRAL_SHANKARMUTT,initial greater-Hyderabad study area,TGSPDCL,HYDERABAD CENTRAL,AZAMABAD,BARKATPURA,SHANKARMUTT,2025-08-01,2025,8,2,0,2,2.0,False,1899.0,69.0,949.5,0
HYDERABAD_CENTRAL_SHANKARMUTT,initial greater-Hyderabad study area,TGSPDCL,HYDERABAD CENTRAL,AZAMABAD,BARKATPURA,SHANKARMUTT,2025-09-01,2025,9,2,0,2,2.0,False,2072.0,69.0,1036.0,0
HYDERABAD_CENTRAL_SHANKARMUTT,initial greater-Hyderabad study area,TGSPDCL,HYDERABAD CENTRAL,AZAMABAD,BARKATPURA,SHANKARMUTT,2025-10-01,2025,10,2,0,2,2.0,False,2278.0,69.0,1139.0,0
HYDERABAD_CENTRAL_SHANKARMUTT,initial greater-Hyderabad study area,TGSPDCL,HYDERABAD CENTRAL,AZAMABAD,BARKATPURA,SHANKARMUTT,2025-11-01,2025,11,2,1,2,2.0,False,656.0,69.0,328.0,0
HYDERABAD_CENTRAL_SHANKARMUTT,initial greater-Hyderabad study area,TGSPDCL,HYDERABAD CENTRAL,AZAMABAD,BARKATPURA,SHANKARMUTT,2025-12-01,2025,12,2,0,2,2.0,False,3144.0,69.0,1572.0,0
HYDERABAD_CENTRAL_SHANKARMUTT,initial greater-Hyderabad study area,TGSPDCL,HYDERABAD CENTRAL,AZAMABAD,BARKATPURA,SHANKARMUTT,2026-01-01,2026,1,2,0,2,2.0,False,4903.0,69.0,2451.5,0
HYDERABAD_CENTRAL_SHANKARMUTT,initial greater-Hyderabad study area,TGSPDCL,HYDERABAD CENTRAL,AZAMABAD,BARKATPURA,SHANKARMUTT,2026-02-01,2026,2,2,0,2,2.0,False,6104.0,69.0,3052.0,0
HYDERABAD_CENTRAL_SHANKARMUTT,initial greater-Hyderabad study area,TGSPDCL,HYDERABAD CENTRAL,AZAMABAD,BARKATPURA,SHANKARMUTT,2026-03-01,2026,3,2,0,2,2.0,False,6717.0,69.0,3358.5,0
HYDERABAD_CENTRAL_SHANKARMUTT,initial greater-Hyderabad study area,TGSPDCL,HYDERABAD CENTRAL,AZAMABAD,BARKATPURA,SHANKARMUTT,2026-04-01,2026,4,2,0,2,2.0,False,9912.0,69.0,4956.0,0
HYDERABAD_CENTRAL_SHANKARMUTT,initial greater-Hyderabad study area,TGSPDCL,HYDERABAD CENTRAL,AZAMABAD,BARKATPURA,SHANKARMUTT,2026-05-01,2026,5,2,0,2,2.0,False,11730.0,69.0,5865.0,0
HYDERABAD_CENTRAL_SHANKARMUTT,initial greater-Hyderabad study area,TGSPDCL,HYDERABAD CENTRAL,AZAMABAD,BARKATPURA,SHANKARMUTT,2026-06-01,2026,6,2,0,2,2.0,False,11578.0,69.0,5789.0,0
HYDERABAD_CENTRAL_SHANKARMUTT,initial greater-Hyderabad study area,TGSPDCL,HYDERABAD CENTRAL,AZAMABAD,BARKATPURA,SHANKARMUTT,2026-07-01,2026,7,2,0,2,2.0,False,10085.0,99.0,5042.5,0
HYDERABAD_CENTRAL_SHANKARMUTT,initial greater-Hyderabad study area,TGSPDCL,HYDERABAD CENTRAL,AZAMABAD,BARKATPURA,SHANKARMUTT,2026-08-01,2026,8,2,0,2,2.0,False,8492.0,99.0,4246.0,0
HYDERABAD_CENTRAL_SOMAJIGUDA,initial greater-Hyderabad study area,TGSPDCL,HYDERABAD CENTRAL,SAIFABAD,SAIFABAD,SOMAJIGUDA,2023-01-01,2023,1,1,0,1,1.0,False,828.0,22.0,828.0,0
HYDERABAD_CENTRAL_SOMAJIGUDA,initial greater-Hyderabad study area,TGSPDCL,HYDERABAD CENTRAL,SAIFABAD,SAIFABAD,SOMAJIGUDA,2023-02-01,2023,2,1,0,1,1.0,False,1994.0,22.0,1994.0,0
HYDERABAD_CENTRAL_SOMAJIGUDA,initial greater-Hyderabad study area,TGSPDCL,HYDERABAD CENTRAL,SAIFABAD,SAIFABAD,SOMAJIGUDA,2023-03-01,2023,3,1,0,1,1.0,False,3023.0,22.0,3023.0,0
HYDERABAD_CENTRAL_SOMAJIGUDA,initial greater-Hyderabad study area,TGSPDCL,HYDERABAD CENTRAL,SAIFABAD,SAIFABAD,SOMAJIGUDA,2023-04-01,2023,4,1,0,1,1.0,False,2434.0,22.0,2434.0,0
HYDERABAD_CENTRAL_SOMAJIGUDA,initial greater-Hyderabad study area,TGSPDCL,HYDERABAD CENTRAL,SAIFABAD,SAIFABAD,SOMAJIGUDA,2023-05-01,2023,5,1,0,1,1.0,False,1578.0,22.0,1578.0,0
HYDERABAD_CENTRAL_SOMAJIGUDA,initial greater-Hyderabad study area,TGSPDCL,HYDERABAD CENTRAL,SAIFABAD,SAIFABAD,SOMAJIGUDA,2023-06-01,2023,6,1,0,1,1.0,False,1293.0,22.0,1293.0,0
HYDERABAD_CENTRAL_SOMAJIGUDA,initial greater-Hyderabad study area,TGSPDCL,HYDERABAD CENTRAL,SAIFABAD,SAIFABAD,SOMAJIGUDA,2023-07-01,2023,7,1,0,1,1.0,False,1402.0,22.0,1402.0,0
HYDERABAD_CENTRAL_SOMAJIGUDA,initial greater-Hyderabad study area,TGSPDCL,HYDERABAD CENTRAL,SAIFABAD,SAIFABAD,SOMAJIGUDA,2023-08-01,2023,8,1,0,1,1.0,False,4836.0,22.0,4836.0,0
HYDERABAD_CENTRAL_SOMAJIGUDA,initial greater-Hyderabad study area,TGSPDCL,HYDERABAD CENTRAL,SAIFABAD,SAIFABAD,SOMAJIGUDA,2023-09-01,2023,9,1,0,1,1.0,False,4800.0,22.0,4800.0,0
HYDERABAD_CENTRAL_SOMAJIGUDA,initial greater-Hyderabad study area,TGSPDCL,HYDERABAD CENTRAL,SAIFABAD,SAIFABAD,SOMAJIGUDA,2023-10-01,2023,10,1,0,1,1.0,False,3106.0,22.0,3106.0,0
HYDERABAD_CENTRAL_SOMAJIGUDA,initial greater-Hyderabad study area,TGSPDCL,HYDERABAD CENTRAL,SAIFABAD,SAIFABAD,SOMAJIGUDA,2023-11-01,2023,11,1,0,1,1.0,False,1319.0,22.0,1319.0,0
HYDERABAD_CENTRAL_SOMAJIGUDA,initial greater-Hyderabad study area,TGSPDCL,HYDERABAD CENTRAL,SAIFABAD,SAIFABAD,SOMAJIGUDA,2023-12-01,2023,12,1,0,1,1.0,False,3414.0,22.0,3414.0,0
HYDERABAD_CENTRAL_SOMAJIGUDA,initial greater-Hyderabad study area,TGSPDCL,HYDERABAD CENTRAL,SAIFABAD,SAIFABAD,SOMAJIGUDA,2024-01-01,2024,1,1,0,1,1.0,False,3530.0,22.0,3530.0,0
HYDERABAD_CENTRAL_SOMAJIGUDA,initial greater-Hyderabad study area,TGSPDCL,HYDERABAD CENTRAL,SAIFABAD,SAIFABAD,SOMAJIGUDA,2024-02-01,2024,2,1,0,1,1.0,False,3474.0,22.0,3474.0,0
HYDERABAD_CENTRAL_SOMAJIGUDA,initial greater-Hyderabad study area,TGSPDCL,HYDERABAD CENTRAL,SAIFABAD,SAIFABAD,SOMAJIGUDA,2024-03-01,2024,3,1,0,1,1.0,False,4653.0,22.0,4653.0,0
HYDERABAD_CENTRAL_SOMAJIGUDA,initial greater-Hyderabad study area,TGSPDCL,HYDERABAD CENTRAL,SAIFABAD,SAIFABAD,SOMAJIGUDA,2024-04-01,2024,4,1,0,1,1.0,False,3604.0,22.0,3604.0,0
HYDERABAD_CENTRAL_SOMAJIGUDA,initial greater-Hyderabad study area,TGSPDCL,HYDERABAD CENTRAL,SAIFABAD,SAIFABAD,SOMAJIGUDA,2024-05-01,2024,5,1,0,1,1.0,False,2880.0,22.0,2880.0,0
HYDERABAD_CENTRAL_SOMAJIGUDA,initial greater-Hyderabad study area,TGSPDCL,HYDERABAD CENTRAL,SAIFABAD,SAIFABAD,SOMAJIGUDA,2024-06-01,2024,6,1,0,1,1.0,False,2145.0,22.0,2145.0,0
HYDERABAD_CENTRAL_SOMAJIGUDA,initial greater-Hyderabad study area,TGSPDCL,HYDERABAD CENTRAL,SAIFABAD,SAIFABAD,SOMAJIGUDA,2024-07-01,2024,7,1,0,1,1.0,False,1886.0,22.0,1886.0,0
HYDERABAD_CENTRAL_SOMAJIGUDA,initial greater-Hyderabad study area,TGSPDCL,HYDERABAD CENTRAL,SAIFABAD,SAIFABAD,SOMAJIGUDA,2024-08-01,2024,8,1,0,1,1.0,False,1165.0,22.0,1165.0,0
HYDERABAD_CENTRAL_SOMAJIGUDA,initial greater-Hyderabad study area,TGSPDCL,HYDERABAD CENTRAL,SAIFABAD,SAIFABAD,SOMAJIGUDA,2024-09-01,2024,9,1,0,1,1.0,False,1919.0,22.0,1919.0,0
HYDERABAD_CENTRAL_SOMAJIGUDA,initial greater-Hyderabad study area,TGSPDCL,HYDERABAD CENTRAL,SAIFABAD,SAIFABAD,SOMAJIGUDA,2024-10-01,2024,10,2,1,2,2.0,False,1423.0,76.0,711.5,0
HYDERABAD_CENTRAL_SOMAJIGUDA,initial greater-Hyderabad study area,TGSPDCL,HYDERABAD CENTRAL,SAIFABAD,SAIFABAD,SOMAJIGUDA,2024-11-01,2024,11,2,1,2,2.0,False,1635.0,76.0,817.5,0
HYDERABAD_CENTRAL_SOMAJIGUDA,initial greater-Hyderabad study area,TGSPDCL,HYDERABAD CENTRAL,SAIFABAD,SAIFABAD,SOMAJIGUDA,2024-12-01,2024,12,2,0,2,2.0,False,1225.0,76.0,612.5,0
HYDERABAD_CENTRAL_SOMAJIGUDA,initial greater-Hyderabad study area,TGSPDCL,HYDERABAD CENTRAL,SAIFABAD,SAIFABAD,SOMAJIGUDA,2025-01-01,2025,1,2,0,2,2.0,False,1304.0,76.0,652.0,0
HYDERABAD_CENTRAL_SOMAJIGUDA,initial greater-Hyderabad study area,TGSPDCL,HYDERABAD CENTRAL,SAIFABAD,SAIFABAD,SOMAJIGUDA,2025-02-01,2025,2,2,0,2,2.0,False,1322.0,76.0,661.0,0
HYDERABAD_CENTRAL_SOMAJIGUDA,initial greater-Hyderabad study area,TGSPDCL,HYDERABAD CENTRAL,SAIFABAD,SAIFABAD,SOMAJIGUDA,2025-03-01,2025,3,2,0,2,2.0,False,1111.0,76.0,555.5,0
HYDERABAD_CENTRAL_SOMAJIGUDA,initial greater-Hyderabad study area,TGSPDCL,HYDERABAD CENTRAL,SAIFABAD,SAIFABAD,SOMAJIGUDA,2025-04-01,2025,4,2,1,2,2.0,False,689.0,76.0,344.5,0
HYDERABAD_CENTRAL_SOMAJIGUDA,initial greater-Hyderabad study area,TGSPDCL,HYDERABAD CENTRAL,SAIFABAD,SAIFABAD,SOMAJIGUDA,2025-05-01,2025,5,2,0,2,2.0,False,359.0,76.0,179.5,0
HYDERABAD_CENTRAL_SOMAJIGUDA,initial greater-Hyderabad study area,TGSPDCL,HYDERABAD CENTRAL,SAIFABAD,SAIFABAD,SOMAJIGUDA,2025-06-01,2025,6,2,0,2,2.0,False,1053.0,76.0,526.5,0
HYDERABAD_CENTRAL_SOMAJIGUDA,initial greater-Hyderabad study area,TGSPDCL,HYDERABAD CENTRAL,SAIFABAD,SAIFABAD,SOMAJIGUDA,2025-07-01,2025,7,2,0,2,2.0,False,933.0,76.0,466.5,0
HYDERABAD_CENTRAL_SOMAJIGUDA,initial greater-Hyderabad study area,TGSPDCL,HYDERABAD CENTRAL,SAIFABAD,SAIFABAD,SOMAJIGUDA,2025-08-01,2025,8,2,0,2,2.0,False,1847.0,76.0,923.5,0
HYDERABAD_CENTRAL_SOMAJIGUDA,initial greater-Hyderabad study area,TGSPDCL,HYDERABAD CENTRAL,SAIFABAD,SAIFABAD,SOMAJIGUDA,2025-09-01,2025,9,2,0,2,2.0,False,2193.0,76.0,1096.5,0
HYDERABAD_CENTRAL_SOMAJIGUDA,initial greater-Hyderabad study area,TGSPDCL,HYDERABAD CENTRAL,SAIFABAD,SAIFABAD,SOMAJIGUDA,2025-10-01,2025,10,2,0,2,2.0,False,3288.0,76.0,1644.0,0
HYDERABAD_CENTRAL_SOMAJIGUDA,initial greater-Hyderabad study area,TGSPDCL,HYDERABAD CENTRAL,SAIFABAD,SAIFABAD,SOMAJIGUDA,2025-11-01,2025,11,2,0,2,2.0,False,2979.0,76.0,1489.5,0
HYDERABAD_CENTRAL_SOMAJIGUDA,initial greater-Hyderabad study area,TGSPDCL,HYDERABAD CENTRAL,SAIFABAD,SAIFABAD,SOMAJIGUDA,2025-12-01,2025,12,2,0,2,2.0,False,4657.0,76.0,2328.5,0
HYDERABAD_CENTRAL_SOMAJIGUDA,initial greater-Hyderabad study area,TGSPDCL,HYDERABAD CENTRAL,SAIFABAD,SAIFABAD,SOMAJIGUDA,2026-01-01,2026,1,2,0,2,2.0,False,5389.0,76.0,2694.5,0
HYDERABAD_CENTRAL_SOMAJIGUDA,initial greater-Hyderabad study area,TGSPDCL,HYDERABAD CENTRAL,SAIFABAD,SAIFABAD,SOMAJIGUDA,2026-02-01,2026,2,2,0,2,2.0,False,3680.0,76.0,1840.0,0
HYDERABAD_CENTRAL_SOMAJIGUDA,initial greater-Hyderabad study area,TGSPDCL,HYDERABAD CENTRAL,SAIFABAD,SAIFABAD,SOMAJIGUDA,2026-03-01,2026,3,2,0,2,2.0,False,4894.0,76.0,2447.0,0
HYDERABAD_CENTRAL_SOMAJIGUDA,initial greater-Hyderabad study area,TGSPDCL,HYDERABAD CENTRAL,SAIFABAD,SAIFABAD,SOMAJIGUDA,2026-04-01,2026,4,2,0,2,2.0,False,3749.0,76.0,1874.5,0
HYDERABAD_CENTRAL_SOMAJIGUDA,initial greater-Hyderabad study area,TGSPDCL,HYDERABAD CENTRAL,SAIFABAD,SAIFABAD,SOMAJIGUDA,2026-05-01,2026,5,2,0,2,2.0,False,3765.0,76.0,1882.5,0
HYDERABAD_CENTRAL_SOMAJIGUDA,initial greater-Hyderabad study area,TGSPDCL,HYDERABAD CENTRAL,SAIFABAD,SAIFABAD,SOMAJIGUDA,2026-06-01,2026,6,2,0,2,2.0,False,2660.0,76.0,1330.0,0
HYDERABAD_CENTRAL_SOMAJIGUDA,initial greater-Hyderabad study area,TGSPDCL,HYDERABAD CENTRAL,SAIFABAD,SAIFABAD,SOMAJIGUDA,2026-07-01,2026,7,2,0,3,2.0,False,2701.0,136.0,900.33,0
HYDERABAD_CENTRAL_SOMAJIGUDA,initial greater-Hyderabad study area,TGSPDCL,HYDERABAD CENTRAL,SAIFABAD,SAIFABAD,SOMAJIGUDA,2026-08-01,2026,8,2,1,3,3.0,False,2129.0,136.0,709.67,0
HYDERABAD_CENTRAL_SURYANAGAR,initial greater-Hyderabad study area,TGSPDCL,HYDERABAD CENTRAL,MEHDIPATNAM,MEHDIPATNAM,SURYANAGAR,2023-11-01,2023,11,1,0,1,1.0,False,295.0,12.0,295.0,0
HYDERABAD_CENTRAL_SURYANAGAR,initial greater-Hyderabad study area,TGSPDCL,HYDERABAD CENTRAL,MEHDIPATNAM,MEHDIPATNAM,SURYANAGAR,2023-12-01,2023,12,2,1,2,2.0,False,1212.0,66.0,606.0,0
HYDERABAD_CENTRAL_SURYANAGAR,initial greater-Hyderabad study area,TGSPDCL,HYDERABAD CENTRAL,MEHDIPATNAM,MEHDIPATNAM,SURYANAGAR,2024-01-01,2024,1,2,1,2,2.0,False,2080.0,66.0,1040.0,0
HYDERABAD_CENTRAL_SURYANAGAR,initial greater-Hyderabad study area,TGSPDCL,HYDERABAD CENTRAL,MEHDIPATNAM,MEHDIPATNAM,SURYANAGAR,2024-02-01,2024,2,2,0,2,2.0,False,1852.0,66.0,926.0,0
HYDERABAD_CENTRAL_SURYANAGAR,initial greater-Hyderabad study area,TGSPDCL,HYDERABAD CENTRAL,MEHDIPATNAM,MEHDIPATNAM,SURYANAGAR,2024-03-01,2024,3,2,1,2,2.0,False,2271.0,66.0,1135.5,0
HYDERABAD_CENTRAL_SURYANAGAR,initial greater-Hyderabad study area,TGSPDCL,HYDERABAD CENTRAL,MEHDIPATNAM,MEHDIPATNAM,SURYANAGAR,2024-04-01,2024,4,2,1,2,2.0,False,1957.0,66.0,978.5,0
HYDERABAD_CENTRAL_SURYANAGAR,initial greater-Hyderabad study area,TGSPDCL,HYDERABAD CENTRAL,MEHDIPATNAM,MEHDIPATNAM,SURYANAGAR,2024-05-01,2024,5,2,0,2,2.0,False,6643.0,66.0,3321.5,0
HYDERABAD_CENTRAL_SURYANAGAR,initial greater-Hyderabad study area,TGSPDCL,HYDERABAD CENTRAL,MEHDIPATNAM,MEHDIPATNAM,SURYANAGAR,2024-06-01,2024,6,2,0,2,2.0,False,12571.0,66.0,6285.5,0
HYDERABAD_CENTRAL_SURYANAGAR,initial greater-Hyderabad study area,TGSPDCL,HYDERABAD CENTRAL,MEHDIPATNAM,MEHDIPATNAM,SURYANAGAR,2024-07-01,2024,7,2,0,2,2.0,False,9456.0,66.0,4728.0,0
HYDERABAD_CENTRAL_SURYANAGAR,initial greater-Hyderabad study area,TGSPDCL,HYDERABAD CENTRAL,MEHDIPATNAM,MEHDIPATNAM,SURYANAGAR,2024-08-01,2024,8,2,0,2,2.0,False,5867.0,66.0,2933.5,0
HYDERABAD_CENTRAL_SURYANAGAR,initial greater-Hyderabad study area,TGSPDCL,HYDERABAD CENTRAL,MEHDIPATNAM,MEHDIPATNAM,SURYANAGAR,2024-09-01,2024,9,2,0,2,2.0,False,8939.0,66.0,4469.5,0
HYDERABAD_CENTRAL_SURYANAGAR,initial greater-Hyderabad study area,TGSPDCL,HYDERABAD CENTRAL,MEHDIPATNAM,MEHDIPATNAM,SURYANAGAR,2024-10-01,2024,10,2,0,2,2.0,False,9722.0,66.0,4861.0,0
HYDERABAD_CENTRAL_SURYANAGAR,initial greater-Hyderabad study area,TGSPDCL,HYDERABAD CENTRAL,MEHDIPATNAM,MEHDIPATNAM,SURYANAGAR,2024-11-01,2024,11,2,0,2,2.0,False,12139.0,66.0,6069.5,0
HYDERABAD_CENTRAL_SURYANAGAR,initial greater-Hyderabad study area,TGSPDCL,HYDERABAD CENTRAL,MEHDIPATNAM,MEHDIPATNAM,SURYANAGAR,2024-12-01,2024,12,2,0,2,2.0,False,11277.0,66.0,5638.5,0
HYDERABAD_CENTRAL_SURYANAGAR,initial greater-Hyderabad study area,TGSPDCL,HYDERABAD CENTRAL,MEHDIPATNAM,MEHDIPATNAM,SURYANAGAR,2025-01-01,2025,1,2,0,2,2.0,False,13663.0,66.0,6831.5,0
HYDERABAD_CENTRAL_SURYANAGAR,initial greater-Hyderabad study area,TGSPDCL,HYDERABAD CENTRAL,MEHDIPATNAM,MEHDIPATNAM,SURYANAGAR,2025-02-01,2025,2,2,0,2,2.0,False,11751.0,75.0,5875.5,0
HYDERABAD_CENTRAL_SURYANAGAR,initial greater-Hyderabad study area,TGSPDCL,HYDERABAD CENTRAL,MEHDIPATNAM,MEHDIPATNAM,SURYANAGAR,2025-03-01,2025,3,2,0,2,2.0,False,9391.0,75.0,4695.5,0
HYDERABAD_CENTRAL_SURYANAGAR,initial greater-Hyderabad study area,TGSPDCL,HYDERABAD CENTRAL,MEHDIPATNAM,MEHDIPATNAM,SURYANAGAR,2025-04-01,2025,4,2,0,2,2.0,False,9430.0,75.0,4715.0,0
HYDERABAD_CENTRAL_SURYANAGAR,initial greater-Hyderabad study area,TGSPDCL,HYDERABAD CENTRAL,MEHDIPATNAM,MEHDIPATNAM,SURYANAGAR,2025-05-01,2025,5,2,0,2,2.0,False,10966.0,75.0,5483.0,0
HYDERABAD_CENTRAL_SURYANAGAR,initial greater-Hyderabad study area,TGSPDCL,HYDERABAD CENTRAL,MEHDIPATNAM,MEHDIPATNAM,SURYANAGAR,2025-06-01,2025,6,2,0,2,2.0,False,11566.0,75.0,5783.0,0
HYDERABAD_CENTRAL_SURYANAGAR,initial greater-Hyderabad study area,TGSPDCL,HYDERABAD CENTRAL,MEHDIPATNAM,MEHDIPATNAM,SURYANAGAR,2025-07-01,2025,7,2,0,2,2.0,False,7065.0,75.0,3532.5,0
HYDERABAD_CENTRAL_SURYANAGAR,initial greater-Hyderabad study area,TGSPDCL,HYDERABAD CENTRAL,MEHDIPATNAM,MEHDIPATNAM,SURYANAGAR,2025-08-01,2025,8,2,1,2,2.0,False,5561.0,75.0,2780.5,0
HYDERABAD_CENTRAL_SURYANAGAR,initial greater-Hyderabad study area,TGSPDCL,HYDERABAD CENTRAL,MEHDIPATNAM,MEHDIPATNAM,SURYANAGAR,2025-09-01,2025,9,2,0,2,2.0,False,8736.0,75.0,4368.0,0
HYDERABAD_CENTRAL_SURYANAGAR,initial greater-Hyderabad study area,TGSPDCL,HYDERABAD CENTRAL,MEHDIPATNAM,MEHDIPATNAM,SURYANAGAR,2025-10-01,2025,10,2,0,2,2.0,False,10730.0,75.0,5365.0,0
HYDERABAD_CENTRAL_SURYANAGAR,initial greater-Hyderabad study area,TGSPDCL,HYDERABAD CENTRAL,MEHDIPATNAM,MEHDIPATNAM,SURYANAGAR,2025-11-01,2025,11,2,0,2,2.0,False,11446.0,75.0,5723.0,0
HYDERABAD_CENTRAL_SURYANAGAR,initial greater-Hyderabad study area,TGSPDCL,HYDERABAD CENTRAL,MEHDIPATNAM,MEHDIPATNAM,SURYANAGAR,2025-12-01,2025,12,2,0,2,2.0,False,10855.0,75.0,5427.5,0
HYDERABAD_CENTRAL_SURYANAGAR,initial greater-Hyderabad study area,TGSPDCL,HYDERABAD CENTRAL,MEHDIPATNAM,MEHDIPATNAM,SURYANAGAR,2026-01-01,2026,1,2,0,2,2.0,False,11460.0,75.0,5730.0,0
HYDERABAD_CENTRAL_SURYANAGAR,initial greater-Hyderabad study area,TGSPDCL,HYDERABAD CENTRAL,MEHDIPATNAM,MEHDIPATNAM,SURYANAGAR,2026-02-01,2026,2,2,0,2,2.0,False,17450.0,75.0,8725.0,0
HYDERABAD_CENTRAL_SURYANAGAR,initial greater-Hyderabad study area,TGSPDCL,HYDERABAD CENTRAL,MEHDIPATNAM,MEHDIPATNAM,SURYANAGAR,2026-03-01,2026,3,2,0,2,2.0,False,14977.0,75.0,7488.5,0
HYDERABAD_CENTRAL_SURYANAGAR,initial greater-Hyderabad study area,TGSPDCL,HYDERABAD CENTRAL,MEHDIPATNAM,MEHDIPATNAM,SURYANAGAR,2026-04-01,2026,4,2,0,2,2.0,False,14819.0,75.0,7409.5,0
HYDERABAD_CENTRAL_SURYANAGAR,initial greater-Hyderabad study area,TGSPDCL,HYDERABAD CENTRAL,MEHDIPATNAM,MEHDIPATNAM,SURYANAGAR,2026-05-01,2026,5,2,0,2,2.0,False,14228.0,75.0,7114.0,0
HYDERABAD_CENTRAL_SURYANAGAR,initial greater-Hyderabad study area,TGSPDCL,HYDERABAD CENTRAL,MEHDIPATNAM,MEHDIPATNAM,SURYANAGAR,2026-06-01,2026,6,2,0,2,2.0,False,14930.0,75.0,7465.0,0
HYDERABAD_CENTRAL_SURYANAGAR,initial greater-Hyderabad study area,TGSPDCL,HYDERABAD CENTRAL,MEHDIPATNAM,MEHDIPATNAM,SURYANAGAR,2026-07-01,2026,7,2,0,2,2.0,False,15828.0,75.0,7914.0,0
HYDERABAD_CENTRAL_SURYANAGAR,initial greater-Hyderabad study area,TGSPDCL,HYDERABAD CENTRAL,MEHDIPATNAM,MEHDIPATNAM,SURYANAGAR,2026-08-01,2026,8,2,0,2,2.0,False,20353.0,75.0,10176.5,0
HYDERABAD_CENTRAL_VIJAYA_NAGAR_COLONY,initial greater-Hyderabad study area,TGSPDCL,HYDERABAD CENTRAL,MEHDIPATNAM,A.C.GUARDS,VIJAYA NAGAR COLONY,2025-06-01,2025,6,1,1,1,,True,0.0,53.0,0.0,0
HYDERABAD_CENTRAL_VIJAYA_NAGAR_COLONY,initial greater-Hyderabad study area,TGSPDCL,HYDERABAD CENTRAL,MEHDIPATNAM,A.C.GUARDS,VIJAYA NAGAR COLONY,2025-07-01,2025,7,1,0,1,1.0,False,1378.0,53.0,1378.0,0
HYDERABAD_CENTRAL_VIJAYA_NAGAR_COLONY,initial greater-Hyderabad study area,TGSPDCL,HYDERABAD CENTRAL,MEHDIPATNAM,A.C.GUARDS,VIJAYA NAGAR COLONY,2025-08-01,2025,8,1,0,1,1.0,False,2241.0,53.0,2241.0,0
HYDERABAD_CENTRAL_VIJAYA_NAGAR_COLONY,initial greater-Hyderabad study area,TGSPDCL,HYDERABAD CENTRAL,MEHDIPATNAM,A.C.GUARDS,VIJAYA NAGAR COLONY,2025-09-01,2025,9,1,0,1,1.0,False,2742.0,53.0,2742.0,0
HYDERABAD_CENTRAL_VIJAYA_NAGAR_COLONY,initial greater-Hyderabad study area,TGSPDCL,HYDERABAD CENTRAL,MEHDIPATNAM,A.C.GUARDS,VIJAYA NAGAR COLONY,2025-10-01,2025,10,1,0,1,1.0,False,3306.0,53.0,3306.0,0
HYDERABAD_CENTRAL_VIJAYA_NAGAR_COLONY,initial greater-Hyderabad study area,TGSPDCL,HYDERABAD CENTRAL,MEHDIPATNAM,A.C.GUARDS,VIJAYA NAGAR COLONY,2025-11-01,2025,11,1,0,1,1.0,False,3939.0,53.0,3939.0,0
HYDERABAD_CENTRAL_VIJAYA_NAGAR_COLONY,initial greater-Hyderabad study area,TGSPDCL,HYDERABAD CENTRAL,MEHDIPATNAM,A.C.GUARDS,VIJAYA NAGAR COLONY,2025-12-01,2025,12,1,0,1,1.0,False,5818.0,53.0,5818.0,0
HYDERABAD_CENTRAL_VIJAYA_NAGAR_COLONY,initial greater-Hyderabad study area,TGSPDCL,HYDERABAD CENTRAL,MEHDIPATNAM,A.C.GUARDS,VIJAYA NAGAR COLONY,2026-01-01,2026,1,1,0,1,1.0,False,9309.0,53.0,9309.0,0
HYDERABAD_CENTRAL_VIJAYA_NAGAR_COLONY,initial greater-Hyderabad study area,TGSPDCL,HYDERABAD CENTRAL,MEHDIPATNAM,A.C.GUARDS,VIJAYA NAGAR COLONY,2026-02-01,2026,2,1,0,1,1.0,False,9745.0,53.0,9745.0,0
HYDERABAD_CENTRAL_VIJAYA_NAGAR_COLONY,initial greater-Hyderabad study area,TGSPDCL,HYDERABAD CENTRAL,MEHDIPATNAM,A.C.GUARDS,VIJAYA NAGAR COLONY,2026-03-01,2026,3,1,0,1,1.0,False,12564.0,53.0,12564.0,0
HYDERABAD_CENTRAL_VIJAYA_NAGAR_COLONY,initial greater-Hyderabad study area,TGSPDCL,HYDERABAD CENTRAL,MEHDIPATNAM,A.C.GUARDS,VIJAYA NAGAR COLONY,2026-04-01,2026,4,1,0,1,1.0,False,15131.0,53.0,15131.0,0
HYDERABAD_CENTRAL_VIJAYA_NAGAR_COLONY,initial greater-Hyderabad study area,TGSPDCL,HYDERABAD CENTRAL,MEHDIPATNAM,A.C.GUARDS,VIJAYA NAGAR COLONY,2026-05-01,2026,5,1,0,1,1.0,False,15667.0,53.0,15667.0,0
HYDERABAD_CENTRAL_VIJAYA_NAGAR_COLONY,initial greater-Hyderabad study area,TGSPDCL,HYDERABAD CENTRAL,MEHDIPATNAM,A.C.GUARDS,VIJAYA NAGAR COLONY,2026-06-01,2026,6,1,0,1,1.0,False,15420.0,53.0,15420.0,0
HYDERABAD_CENTRAL_VIJAYA_NAGAR_COLONY,initial greater-Hyderabad study area,TGSPDCL,HYDERABAD CENTRAL,MEHDIPATNAM,A.C.GUARDS,VIJAYA NAGAR COLONY,2026-07-01,2026,7,1,0,1,1.0,False,16811.0,53.0,16811.0,0
HYDERABAD_CENTRAL_VIJAYA_NAGAR_COLONY,initial greater-Hyderabad study area,TGSPDCL,HYDERABAD CENTRAL,MEHDIPATNAM,A.C.GUARDS,VIJAYA NAGAR COLONY,2026-08-01,2026,8,1,0,1,1.0,False,21974.0,53.0,21974.0,0
HYDERABAD_SOUTH_ATTAPUR,initial greater-Hyderabad study area,TGSPDCL,HYDERABAD SOUTH,CHARMINAR,MIR ALAM,ATTAPUR,2023-05-01,2023,5,1,0,1,1.0,False,1919.0,18.0,1919.0,0
HYDERABAD_SOUTH_ATTAPUR,initial greater-Hyderabad study area,TGSPDCL,HYDERABAD SOUTH,CHARMINAR,MIR ALAM,ATTAPUR,2023-06-01,2023,6,1,0,1,1.0,False,670.0,18.0,670.0,0
HYDERABAD_SOUTH_ATTAPUR,initial greater-Hyderabad study area,TGSPDCL,HYDERABAD SOUTH,CHARMINAR,MIR ALAM,ATTAPUR,2023-07-01,2023,7,1,0,1,1.0,False,715.0,18.0,715.0,0
HYDERABAD_SOUTH_ATTAPUR,initial greater-Hyderabad study area,TGSPDCL,HYDERABAD SOUTH,CHARMINAR,MIR ALAM,ATTAPUR,2023-08-01,2023,8,1,0,1,1.0,False,798.0,18.0,798.0,0
HYDERABAD_SOUTH_ATTAPUR,initial greater-Hyderabad study area,TGSPDCL,HYDERABAD SOUTH,CHARMINAR,MIR ALAM,ATTAPUR,2023-09-01,2023,9,1,0,2,2.0,False,1127.0,68.0,563.5,0
HYDERABAD_SOUTH_ATTAPUR,initial greater-Hyderabad study area,TGSPDCL,HYDERABAD SOUTH,CHARMINAR,MIR ALAM,ATTAPUR,2023-10-01,2023,10,1,0,2,2.0,False,1140.0,68.0,570.0,0
HYDERABAD_SOUTH_ATTAPUR,initial greater-Hyderabad study area,TGSPDCL,HYDERABAD SOUTH,CHARMINAR,MIR ALAM,ATTAPUR,2023-11-01,2023,11,1,0,2,2.0,False,1010.0,68.0,505.0,0
HYDERABAD_SOUTH_ATTAPUR,initial greater-Hyderabad study area,TGSPDCL,HYDERABAD SOUTH,CHARMINAR,MIR ALAM,ATTAPUR,2023-12-01,2023,12,1,0,2,2.0,False,637.0,68.0,318.5,0
HYDERABAD_SOUTH_ATTAPUR,initial greater-Hyderabad study area,TGSPDCL,HYDERABAD SOUTH,CHARMINAR,MIR ALAM,ATTAPUR,2024-01-01,2024,1,1,0,2,2.0,False,416.0,68.0,208.0,0
HYDERABAD_SOUTH_ATTAPUR,initial greater-Hyderabad study area,TGSPDCL,HYDERABAD SOUTH,CHARMINAR,MIR ALAM,ATTAPUR,2024-02-01,2024,2,1,0,2,2.0,False,619.0,68.0,309.5,0
HYDERABAD_SOUTH_ATTAPUR,initial greater-Hyderabad study area,TGSPDCL,HYDERABAD SOUTH,CHARMINAR,MIR ALAM,ATTAPUR,2024-03-01,2024,3,1,0,2,2.0,False,739.0,68.0,369.5,0
HYDERABAD_SOUTH_ATTAPUR,initial greater-Hyderabad study area,TGSPDCL,HYDERABAD SOUTH,CHARMINAR,MIR ALAM,ATTAPUR,2024-04-01,2024,4,1,0,2,2.0,False,433.0,68.0,216.5,0
HYDERABAD_SOUTH_ATTAPUR,initial greater-Hyderabad study area,TGSPDCL,HYDERABAD SOUTH,CHARMINAR,MIR ALAM,ATTAPUR,2024-05-01,2024,5,1,0,2,2.0,False,128.0,68.0,64.0,0
HYDERABAD_SOUTH_ATTAPUR,initial greater-Hyderabad study area,TGSPDCL,HYDERABAD SOUTH,CHARMINAR,MIR ALAM,ATTAPUR,2024-06-01,2024,6,1,0,2,2.0,False,437.0,68.0,218.5,0
HYDERABAD_SOUTH_ATTAPUR,initial greater-Hyderabad study area,TGSPDCL,HYDERABAD SOUTH,CHARMINAR,MIR ALAM,ATTAPUR,2024-07-01,2024,7,1,0,2,2.0,False,519.0,68.0,259.5,0
HYDERABAD_SOUTH_ATTAPUR,initial greater-Hyderabad study area,TGSPDCL,HYDERABAD SOUTH,CHARMINAR,MIR ALAM,ATTAPUR,2024-08-01,2024,8,1,0,2,2.0,False,523.0,68.0,261.5,0
HYDERABAD_SOUTH_ATTAPUR,initial greater-Hyderabad study area,TGSPDCL,HYDERABAD SOUTH,CHARMINAR,MIR ALAM,ATTAPUR,2024-09-01,2024,9,1,0,2,2.0,False,355.0,68.0,177.5,0
HYDERABAD_SOUTH_ATTAPUR,initial greater-Hyderabad study area,TGSPDCL,HYDERABAD SOUTH,CHARMINAR,MIR ALAM,ATTAPUR,2024-10-01,2024,10,1,0,4,4.0,False,21381.0,108.0,5345.25,0
HYDERABAD_SOUTH_ATTAPUR,initial greater-Hyderabad study area,TGSPDCL,HYDERABAD SOUTH,CHARMINAR,MIR ALAM,ATTAPUR,2024-11-01,2024,11,2,0,4,4.0,False,4198.0,108.0,1049.5,0
HYDERABAD_SOUTH_ATTAPUR,initial greater-Hyderabad study area,TGSPDCL,HYDERABAD SOUTH,CHARMINAR,MIR ALAM,ATTAPUR,2024-12-01,2024,12,2,0,4,4.0,False,4603.0,108.0,1150.75,0
HYDERABAD_SOUTH_ATTAPUR,initial greater-Hyderabad study area,TGSPDCL,HYDERABAD SOUTH,CHARMINAR,MIR ALAM,ATTAPUR,2025-01-01,2025,1,2,0,4,4.0,False,4362.0,108.0,1090.5,0
HYDERABAD_SOUTH_ATTAPUR,initial greater-Hyderabad study area,TGSPDCL,HYDERABAD SOUTH,CHARMINAR,MIR ALAM,ATTAPUR,2025-02-01,2025,2,2,0,4,4.0,False,5196.0,108.0,1299.0,0
HYDERABAD_SOUTH_ATTAPUR,initial greater-Hyderabad study area,TGSPDCL,HYDERABAD SOUTH,CHARMINAR,MIR ALAM,ATTAPUR,2025-03-01,2025,3,2,0,4,4.0,False,4018.0,108.0,1004.5,0
HYDERABAD_SOUTH_ATTAPUR,initial greater-Hyderabad study area,TGSPDCL,HYDERABAD SOUTH,CHARMINAR,MIR ALAM,ATTAPUR,2025-04-01,2025,4,2,1,4,4.0,False,3628.0,108.0,907.0,0
HYDERABAD_SOUTH_ATTAPUR,initial greater-Hyderabad study area,TGSPDCL,HYDERABAD SOUTH,CHARMINAR,MIR ALAM,ATTAPUR,2025-05-01,2025,5,1,0,4,4.0,False,2974.0,108.0,743.5,0
HYDERABAD_SOUTH_ATTAPUR,initial greater-Hyderabad study area,TGSPDCL,HYDERABAD SOUTH,CHARMINAR,MIR ALAM,ATTAPUR,2025-06-01,2025,6,1,0,4,4.0,False,2209.0,108.0,552.25,0
HYDERABAD_SOUTH_ATTAPUR,initial greater-Hyderabad study area,TGSPDCL,HYDERABAD SOUTH,CHARMINAR,MIR ALAM,ATTAPUR,2025-07-01,2025,7,1,0,4,4.0,False,2598.0,108.0,649.5,0
HYDERABAD_SOUTH_ATTAPUR,initial greater-Hyderabad study area,TGSPDCL,HYDERABAD SOUTH,CHARMINAR,MIR ALAM,ATTAPUR,2025-08-01,2025,8,1,0,4,4.0,False,1478.0,108.0,369.5,0
HYDERABAD_SOUTH_ATTAPUR,initial greater-Hyderabad study area,TGSPDCL,HYDERABAD SOUTH,CHARMINAR,MIR ALAM,ATTAPUR,2025-09-01,2025,9,1,0,4,4.0,False,1454.0,108.0,363.5,0
HYDERABAD_SOUTH_ATTAPUR,initial greater-Hyderabad study area,TGSPDCL,HYDERABAD SOUTH,CHARMINAR,MIR ALAM,ATTAPUR,2025-10-01,2025,10,1,0,4,4.0,False,1317.0,108.0,329.25,0
HYDERABAD_SOUTH_ATTAPUR,initial greater-Hyderabad study area,TGSPDCL,HYDERABAD SOUTH,CHARMINAR,MIR ALAM,ATTAPUR,2025-11-01,2025,11,1,0,4,4.0,False,1564.0,108.0,391.0,0
HYDERABAD_SOUTH_ATTAPUR,initial greater-Hyderabad study area,TGSPDCL,HYDERABAD SOUTH,CHARMINAR,MIR ALAM,ATTAPUR,2025-12-01,2025,12,1,0,4,4.0,False,1607.0,108.0,401.75,0
HYDERABAD_SOUTH_ATTAPUR,initial greater-Hyderabad study area,TGSPDCL,HYDERABAD SOUTH,CHARMINAR,MIR ALAM,ATTAPUR,2026-01-01,2026,1,1,0,4,4.0,False,862.0,108.0,215.5,0
HYDERABAD_SOUTH_ATTAPUR,initial greater-Hyderabad study area,TGSPDCL,HYDERABAD SOUTH,CHARMINAR,MIR ALAM,ATTAPUR,2026-02-01,2026,2,1,0,4,4.0,False,366.0,108.0,91.5,0
HYDERABAD_SOUTH_ATTAPUR,initial greater-Hyderabad study area,TGSPDCL,HYDERABAD SOUTH,CHARMINAR,MIR ALAM,ATTAPUR,2026-03-01,2026,3,1,0,4,4.0,False,4162.0,108.0,1040.5,0
HYDERABAD_SOUTH_ATTAPUR,initial greater-Hyderabad study area,TGSPDCL,HYDERABAD SOUTH,CHARMINAR,MIR ALAM,ATTAPUR,2026-04-01,2026,4,1,0,4,4.0,False,7672.0,108.0,1918.0,0
HYDERABAD_SOUTH_ATTAPUR,initial greater-Hyderabad study area,TGSPDCL,HYDERABAD SOUTH,CHARMINAR,MIR ALAM,ATTAPUR,2026-05-01,2026,5,1,0,4,4.0,False,8872.0,108.0,2218.0,0
HYDERABAD_SOUTH_ATTAPUR,initial greater-Hyderabad study area,TGSPDCL,HYDERABAD SOUTH,CHARMINAR,MIR ALAM,ATTAPUR,2026-06-01,2026,6,1,0,4,4.0,False,9289.0,108.0,2322.25,0
HYDERABAD_SOUTH_ATTAPUR,initial greater-Hyderabad study area,TGSPDCL,HYDERABAD SOUTH,CHARMINAR,MIR ALAM,ATTAPUR,2026-07-01,2026,7,1,0,4,4.0,False,10397.0,108.0,2599.25,0
HYDERABAD_SOUTH_ATTAPUR,initial greater-Hyderabad study area,TGSPDCL,HYDERABAD SOUTH,CHARMINAR,MIR ALAM,ATTAPUR,2026-08-01,2026,8,1,0,4,4.0,False,13686.0,108.0,3421.5,0
HYDERABAD_SOUTH_CHANCHALGUDA,initial greater-Hyderabad study area,TGSPDCL,HYDERABAD SOUTH,ASMANGADH,CHANCHALGUDA,CHANCHALGUDA,2024-04-01,2024,4,1,1,1,,True,0.0,12.0,0.0,0
HYDERABAD_SOUTH_CHANCHALGUDA,initial greater-Hyderabad study area,TGSPDCL,HYDERABAD SOUTH,ASMANGADH,CHANCHALGUDA,CHANCHALGUDA,2024-05-01,2024,5,1,0,1,1.0,False,169.0,12.0,169.0,0
HYDERABAD_SOUTH_CHANCHALGUDA,initial greater-Hyderabad study area,TGSPDCL,HYDERABAD SOUTH,ASMANGADH,CHANCHALGUDA,CHANCHALGUDA,2024-06-01,2024,6,1,0,1,1.0,False,652.0,12.0,652.0,0
HYDERABAD_SOUTH_CHANCHALGUDA,initial greater-Hyderabad study area,TGSPDCL,HYDERABAD SOUTH,ASMANGADH,CHANCHALGUDA,CHANCHALGUDA,2024-07-01,2024,7,1,0,1,1.0,False,1866.0,12.0,1866.0,0
HYDERABAD_SOUTH_CHANCHALGUDA,initial greater-Hyderabad study area,TGSPDCL,HYDERABAD SOUTH,ASMANGADH,CHANCHALGUDA,CHANCHALGUDA,2024-08-01,2024,8,1,0,1,1.0,False,1286.0,12.0,1286.0,0
HYDERABAD_SOUTH_CHANCHALGUDA,initial greater-Hyderabad study area,TGSPDCL,HYDERABAD SOUTH,ASMANGADH,CHANCHALGUDA,CHANCHALGUDA,2024-09-01,2024,9,1,0,1,1.0,False,1848.0,12.0,1848.0,0
HYDERABAD_SOUTH_CHANCHALGUDA,initial greater-Hyderabad study area,TGSPDCL,HYDERABAD SOUTH,ASMANGADH,CHANCHALGUDA,CHANCHALGUDA,2024-10-01,2024,10,1,0,1,1.0,False,1667.0,12.0,1667.0,0
HYDERABAD_SOUTH_CHANCHALGUDA,initial greater-Hyderabad study area,TGSPDCL,HYDERABAD SOUTH,ASMANGADH,CHANCHALGUDA,CHANCHALGUDA,2024-11-01,2024,11,1,0,1,1.0,False,1990.0,12.0,1990.0,0
HYDERABAD_SOUTH_CHANCHALGUDA,initial greater-Hyderabad study area,TGSPDCL,HYDERABAD SOUTH,ASMANGADH,CHANCHALGUDA,CHANCHALGUDA,2024-12-01,2024,12,1,0,1,1.0,False,1704.0,12.0,1704.0,0
HYDERABAD_SOUTH_CHANCHALGUDA,initial greater-Hyderabad study area,TGSPDCL,HYDERABAD SOUTH,ASMANGADH,CHANCHALGUDA,CHANCHALGUDA,2025-01-01,2025,1,1,0,1,1.0,False,2501.0,12.0,2501.0,0
HYDERABAD_SOUTH_CHANCHALGUDA,initial greater-Hyderabad study area,TGSPDCL,HYDERABAD SOUTH,ASMANGADH,CHANCHALGUDA,CHANCHALGUDA,2025-02-01,2025,2,1,0,1,1.0,False,2864.0,12.0,2864.0,0
HYDERABAD_SOUTH_CHANCHALGUDA,initial greater-Hyderabad study area,TGSPDCL,HYDERABAD SOUTH,ASMANGADH,CHANCHALGUDA,CHANCHALGUDA,2025-03-01,2025,3,1,0,1,1.0,False,3339.0,12.0,3339.0,0
HYDERABAD_SOUTH_CHANCHALGUDA,initial greater-Hyderabad study area,TGSPDCL,HYDERABAD SOUTH,ASMANGADH,CHANCHALGUDA,CHANCHALGUDA,2025-04-01,2025,4,1,0,1,1.0,False,4644.0,12.0,4644.0,0
HYDERABAD_SOUTH_CHANCHALGUDA,initial greater-Hyderabad study area,TGSPDCL,HYDERABAD SOUTH,ASMANGADH,CHANCHALGUDA,CHANCHALGUDA,2025-05-01,2025,5,1,0,1,1.0,False,4366.0,12.0,4366.0,0
HYDERABAD_SOUTH_CHANCHALGUDA,initial greater-Hyderabad study area,TGSPDCL,HYDERABAD SOUTH,ASMANGADH,CHANCHALGUDA,CHANCHALGUDA,2025-06-01,2025,6,1,0,1,1.0,False,5122.0,12.0,5122.0,0
HYDERABAD_SOUTH_CHANCHALGUDA,initial greater-Hyderabad study area,TGSPDCL,HYDERABAD SOUTH,ASMANGADH,CHANCHALGUDA,CHANCHALGUDA,2025-07-01,2025,7,1,0,1,1.0,False,3397.0,12.0,3397.0,0
HYDERABAD_SOUTH_CHANCHALGUDA,initial greater-Hyderabad study area,TGSPDCL,HYDERABAD SOUTH,ASMANGADH,CHANCHALGUDA,CHANCHALGUDA,2025-08-01,2025,8,1,0,1,1.0,False,4240.0,12.0,4240.0,0
HYDERABAD_SOUTH_CHANCHALGUDA,initial greater-Hyderabad study area,TGSPDCL,HYDERABAD SOUTH,ASMANGADH,CHANCHALGUDA,CHANCHALGUDA,2025-09-01,2025,9,1,0,1,1.0,False,3047.0,12.0,3047.0,0
HYDERABAD_SOUTH_CHANCHALGUDA,initial greater-Hyderabad study area,TGSPDCL,HYDERABAD SOUTH,ASMANGADH,CHANCHALGUDA,CHANCHALGUDA,2025-10-01,2025,10,1,0,1,1.0,False,2160.0,12.0,2160.0,0
HYDERABAD_SOUTH_CHANCHALGUDA,initial greater-Hyderabad study area,TGSPDCL,HYDERABAD SOUTH,ASMANGADH,CHANCHALGUDA,CHANCHALGUDA,2025-11-01,2025,11,1,0,1,1.0,False,3211.0,12.0,3211.0,0
HYDERABAD_SOUTH_CHANCHALGUDA,initial greater-Hyderabad study area,TGSPDCL,HYDERABAD SOUTH,ASMANGADH,CHANCHALGUDA,CHANCHALGUDA,2025-12-01,2025,12,1,0,1,1.0,False,4739.0,12.0,4739.0,0
HYDERABAD_SOUTH_CHANCHALGUDA,initial greater-Hyderabad study area,TGSPDCL,HYDERABAD SOUTH,ASMANGADH,CHANCHALGUDA,CHANCHALGUDA,2026-01-01,2026,1,1,0,1,1.0,False,4553.0,12.0,4553.0,0
HYDERABAD_SOUTH_CHANCHALGUDA,initial greater-Hyderabad study area,TGSPDCL,HYDERABAD SOUTH,ASMANGADH,CHANCHALGUDA,CHANCHALGUDA,2026-02-01,2026,2,1,0,1,1.0,False,5252.0,12.0,5252.0,0
HYDERABAD_SOUTH_CHANCHALGUDA,initial greater-Hyderabad study area,TGSPDCL,HYDERABAD SOUTH,ASMANGADH,CHANCHALGUDA,CHANCHALGUDA,2026-03-01,2026,3,1,0,1,1.0,False,7656.0,12.0,7656.0,0
HYDERABAD_SOUTH_CHANCHALGUDA,initial greater-Hyderabad study area,TGSPDCL,HYDERABAD SOUTH,ASMANGADH,CHANCHALGUDA,CHANCHALGUDA,2026-04-01,2026,4,1,0,1,1.0,False,8103.0,12.0,8103.0,0
HYDERABAD_SOUTH_CHANCHALGUDA,initial greater-Hyderabad study area,TGSPDCL,HYDERABAD SOUTH,ASMANGADH,CHANCHALGUDA,CHANCHALGUDA,2026-05-01,2026,5,1,0,1,1.0,False,8648.0,12.0,8648.0,0
HYDERABAD_SOUTH_CHANCHALGUDA,initial greater-Hyderabad study area,TGSPDCL,HYDERABAD SOUTH,ASMANGADH,CHANCHALGUDA,CHANCHALGUDA,2026-06-01,2026,6,1,0,1,1.0,False,7551.0,12.0,7551.0,0
HYDERABAD_SOUTH_CHANCHALGUDA,initial greater-Hyderabad study area,TGSPDCL,HYDERABAD SOUTH,ASMANGADH,CHANCHALGUDA,CHANCHALGUDA,2026-07-01,2026,7,1,0,1,1.0,False,8355.0,12.0,8355.0,0
HYDERABAD_SOUTH_CHANCHALGUDA,initial greater-Hyderabad study area,TGSPDCL,HYDERABAD SOUTH,ASMANGADH,CHANCHALGUDA,CHANCHALGUDA,2026-08-01,2026,8,1,0,1,1.0,False,9356.0,12.0,9356.0,0
HYDERABAD_SOUTH_CHANDRAYANA_GUTTA,initial greater-Hyderabad study area,TGSPDCL,HYDERABAD SOUTH,CHARMINAR,FALAKNUMA,CHANDRAYANA GUTTA,2025-03-01,2025,3,1,1,2,,True,0.0,108.0,0.0,0
HYDERABAD_SOUTH_CHANDRAYANA_GUTTA,initial greater-Hyderabad study area,TGSPDCL,HYDERABAD SOUTH,CHARMINAR,FALAKNUMA,CHANDRAYANA GUTTA,2025-04-01,2025,4,1,0,2,2.0,False,32.0,108.0,16.0,0
HYDERABAD_SOUTH_CHANDRAYANA_GUTTA,initial greater-Hyderabad study area,TGSPDCL,HYDERABAD SOUTH,CHARMINAR,FALAKNUMA,CHANDRAYANA GUTTA,2025-05-01,2025,5,1,1,2,2.0,False,0.0,108.0,0.0,0
HYDERABAD_SOUTH_CHANDRAYANA_GUTTA,initial greater-Hyderabad study area,TGSPDCL,HYDERABAD SOUTH,CHARMINAR,FALAKNUMA,CHANDRAYANA GUTTA,2025-06-01,2025,6,1,1,2,2.0,False,0.0,108.0,0.0,0
HYDERABAD_SOUTH_CHANDRAYANA_GUTTA,initial greater-Hyderabad study area,TGSPDCL,HYDERABAD SOUTH,CHARMINAR,FALAKNUMA,CHANDRAYANA GUTTA,2025-07-01,2025,7,1,1,2,2.0,False,0.0,108.0,0.0,0
HYDERABAD_SOUTH_CHANDRAYANA_GUTTA,initial greater-Hyderabad study area,TGSPDCL,HYDERABAD SOUTH,CHARMINAR,FALAKNUMA,CHANDRAYANA GUTTA,2025-08-01,2025,8,1,1,2,2.0,False,0.0,108.0,0.0,0
HYDERABAD_SOUTH_CHANDRAYANA_GUTTA,initial greater-Hyderabad study area,TGSPDCL,HYDERABAD SOUTH,CHARMINAR,FALAKNUMA,CHANDRAYANA GUTTA,2025-09-01,2025,9,1,0,2,2.0,False,10.0,108.0,5.0,0
HYDERABAD_SOUTH_CHANDRAYANA_GUTTA,initial greater-Hyderabad study area,TGSPDCL,HYDERABAD SOUTH,CHARMINAR,FALAKNUMA,CHANDRAYANA GUTTA,2025-10-01,2025,10,1,0,2,2.0,False,9.0,108.0,4.5,0
HYDERABAD_SOUTH_CHANDRAYANA_GUTTA,initial greater-Hyderabad study area,TGSPDCL,HYDERABAD SOUTH,CHARMINAR,FALAKNUMA,CHANDRAYANA GUTTA,2025-11-01,2025,11,1,0,2,2.0,False,1.0,108.0,0.5,0
HYDERABAD_SOUTH_CHANDRAYANA_GUTTA,initial greater-Hyderabad study area,TGSPDCL,HYDERABAD SOUTH,CHARMINAR,FALAKNUMA,CHANDRAYANA GUTTA,2025-12-01,2025,12,1,0,2,2.0,False,17.0,108.0,8.5,0
HYDERABAD_SOUTH_CHANDRAYANA_GUTTA,initial greater-Hyderabad study area,TGSPDCL,HYDERABAD SOUTH,CHARMINAR,FALAKNUMA,CHANDRAYANA GUTTA,2026-01-01,2026,1,1,0,2,2.0,False,1.0,108.0,0.5,0
HYDERABAD_SOUTH_CHANDRAYANA_GUTTA,initial greater-Hyderabad study area,TGSPDCL,HYDERABAD SOUTH,CHARMINAR,FALAKNUMA,CHANDRAYANA GUTTA,2026-02-01,2026,2,1,1,2,2.0,False,0.0,108.0,0.0,0
HYDERABAD_SOUTH_CHANDRAYANA_GUTTA,initial greater-Hyderabad study area,TGSPDCL,HYDERABAD SOUTH,CHARMINAR,FALAKNUMA,CHANDRAYANA GUTTA,2026-03-01,2026,3,1,1,2,2.0,False,0.0,108.0,0.0,0
HYDERABAD_SOUTH_CHANDRAYANA_GUTTA,initial greater-Hyderabad study area,TGSPDCL,HYDERABAD SOUTH,CHARMINAR,FALAKNUMA,CHANDRAYANA GUTTA,2026-04-01,2026,4,1,1,2,2.0,False,0.0,108.0,0.0,0
HYDERABAD_SOUTH_CHANDRAYANA_GUTTA,initial greater-Hyderabad study area,TGSPDCL,HYDERABAD SOUTH,CHARMINAR,FALAKNUMA,CHANDRAYANA GUTTA,2026-05-01,2026,5,1,1,2,2.0,False,0.0,108.0,0.0,0
HYDERABAD_SOUTH_CHANDRAYANA_GUTTA,initial greater-Hyderabad study area,TGSPDCL,HYDERABAD SOUTH,CHARMINAR,FALAKNUMA,CHANDRAYANA GUTTA,2026-06-01,2026,6,1,1,2,2.0,False,0.0,108.0,0.0,0
HYDERABAD_SOUTH_CHANDRAYANA_GUTTA,initial greater-Hyderabad study area,TGSPDCL,HYDERABAD SOUTH,CHARMINAR,FALAKNUMA,CHANDRAYANA GUTTA,2026-07-01,2026,7,1,1,2,2.0,False,0.0,108.0,0.0,0
HYDERABAD_SOUTH_CHANDRAYANA_GUTTA,initial greater-Hyderabad study area,TGSPDCL,HYDERABAD SOUTH,CHARMINAR,FALAKNUMA,CHANDRAYANA GUTTA,2026-08-01,2026,8,1,1,2,2.0,False,0.0,108.0,0.0,0
HYDERABAD_SOUTH_CHATRINAKA,initial greater-Hyderabad study area,TGSPDCL,HYDERABAD SOUTH,CHARMINAR,FALAKNUMA,CHATRINAKA,2024-04-01,2024,4,1,1,1,,True,0.0,12.0,0.0,0
HYDERABAD_SOUTH_CHATRINAKA,initial greater-Hyderabad study area,TGSPDCL,HYDERABAD SOUTH,CHARMINAR,FALAKNUMA,CHATRINAKA,2024-05-01,2024,5,1,0,1,1.0,False,1.0,12.0,1.0,0
HYDERABAD_SOUTH_CHATRINAKA,initial greater-Hyderabad study area,TGSPDCL,HYDERABAD SOUTH,CHARMINAR,FALAKNUMA,CHATRINAKA,2024-06-01,2024,6,1,0,1,1.0,False,498.0,12.0,498.0,0
HYDERABAD_SOUTH_CHATRINAKA,initial greater-Hyderabad study area,TGSPDCL,HYDERABAD SOUTH,CHARMINAR,FALAKNUMA,CHATRINAKA,2024-07-01,2024,7,1,0,1,1.0,False,496.0,12.0,496.0,0
HYDERABAD_SOUTH_CHATRINAKA,initial greater-Hyderabad study area,TGSPDCL,HYDERABAD SOUTH,CHARMINAR,FALAKNUMA,CHATRINAKA,2024-08-01,2024,8,1,0,1,1.0,False,516.0,12.0,516.0,0
HYDERABAD_SOUTH_CHATRINAKA,initial greater-Hyderabad study area,TGSPDCL,HYDERABAD SOUTH,CHARMINAR,FALAKNUMA,CHATRINAKA,2024-09-01,2024,9,1,0,1,1.0,False,678.0,12.0,678.0,0
HYDERABAD_SOUTH_CHATRINAKA,initial greater-Hyderabad study area,TGSPDCL,HYDERABAD SOUTH,CHARMINAR,FALAKNUMA,CHATRINAKA,2024-10-01,2024,10,1,0,1,1.0,False,726.0,12.0,726.0,0
HYDERABAD_SOUTH_CHATRINAKA,initial greater-Hyderabad study area,TGSPDCL,HYDERABAD SOUTH,CHARMINAR,FALAKNUMA,CHATRINAKA,2024-11-01,2024,11,1,0,1,1.0,False,591.0,12.0,591.0,0
HYDERABAD_SOUTH_CHATRINAKA,initial greater-Hyderabad study area,TGSPDCL,HYDERABAD SOUTH,CHARMINAR,FALAKNUMA,CHATRINAKA,2024-12-01,2024,12,1,0,1,1.0,False,458.0,12.0,458.0,0
HYDERABAD_SOUTH_CHATRINAKA,initial greater-Hyderabad study area,TGSPDCL,HYDERABAD SOUTH,CHARMINAR,FALAKNUMA,CHATRINAKA,2025-01-01,2025,1,1,0,1,1.0,False,403.0,12.0,403.0,0
HYDERABAD_SOUTH_CHATRINAKA,initial greater-Hyderabad study area,TGSPDCL,HYDERABAD SOUTH,CHARMINAR,FALAKNUMA,CHATRINAKA,2025-02-01,2025,2,1,0,1,1.0,False,528.0,12.0,528.0,0
HYDERABAD_SOUTH_CHATRINAKA,initial greater-Hyderabad study area,TGSPDCL,HYDERABAD SOUTH,CHARMINAR,FALAKNUMA,CHATRINAKA,2025-03-01,2025,3,1,0,1,1.0,False,724.0,12.0,724.0,0
HYDERABAD_SOUTH_CHATRINAKA,initial greater-Hyderabad study area,TGSPDCL,HYDERABAD SOUTH,CHARMINAR,FALAKNUMA,CHATRINAKA,2025-04-01,2025,4,1,0,1,1.0,False,1255.0,12.0,1255.0,0
HYDERABAD_SOUTH_CHATRINAKA,initial greater-Hyderabad study area,TGSPDCL,HYDERABAD SOUTH,CHARMINAR,FALAKNUMA,CHATRINAKA,2025-05-01,2025,5,1,0,1,1.0,False,664.0,12.0,664.0,0
HYDERABAD_SOUTH_CHATRINAKA,initial greater-Hyderabad study area,TGSPDCL,HYDERABAD SOUTH,CHARMINAR,FALAKNUMA,CHATRINAKA,2025-06-01,2025,6,1,0,1,1.0,False,1211.0,12.0,1211.0,0
HYDERABAD_SOUTH_CHATRINAKA,initial greater-Hyderabad study area,TGSPDCL,HYDERABAD SOUTH,CHARMINAR,FALAKNUMA,CHATRINAKA,2025-07-01,2025,7,1,0,1,1.0,False,1297.0,12.0,1297.0,0
HYDERABAD_SOUTH_CHATRINAKA,initial greater-Hyderabad study area,TGSPDCL,HYDERABAD SOUTH,CHARMINAR,FALAKNUMA,CHATRINAKA,2025-08-01,2025,8,1,0,1,1.0,False,1538.0,12.0,1538.0,0
HYDERABAD_SOUTH_CHATRINAKA,initial greater-Hyderabad study area,TGSPDCL,HYDERABAD SOUTH,CHARMINAR,FALAKNUMA,CHATRINAKA,2025-09-01,2025,9,1,0,1,1.0,False,848.0,12.0,848.0,0
HYDERABAD_SOUTH_CHATRINAKA,initial greater-Hyderabad study area,TGSPDCL,HYDERABAD SOUTH,CHARMINAR,FALAKNUMA,CHATRINAKA,2025-10-01,2025,10,1,0,1,1.0,False,928.0,12.0,928.0,0
HYDERABAD_SOUTH_CHATRINAKA,initial greater-Hyderabad study area,TGSPDCL,HYDERABAD SOUTH,CHARMINAR,FALAKNUMA,CHATRINAKA,2025-11-01,2025,11,1,0,1,1.0,False,697.0,12.0,697.0,0
HYDERABAD_SOUTH_CHATRINAKA,initial greater-Hyderabad study area,TGSPDCL,HYDERABAD SOUTH,CHARMINAR,FALAKNUMA,CHATRINAKA,2025-12-01,2025,12,1,0,1,1.0,False,931.0,12.0,931.0,0
HYDERABAD_SOUTH_CHATRINAKA,initial greater-Hyderabad study area,TGSPDCL,HYDERABAD SOUTH,CHARMINAR,FALAKNUMA,CHATRINAKA,2026-01-01,2026,1,1,0,1,1.0,False,852.0,12.0,852.0,0
HYDERABAD_SOUTH_CHATRINAKA,initial greater-Hyderabad study area,TGSPDCL,HYDERABAD SOUTH,CHARMINAR,FALAKNUMA,CHATRINAKA,2026-02-01,2026,2,1,0,1,1.0,False,1731.0,12.0,1731.0,0
HYDERABAD_SOUTH_CHATRINAKA,initial greater-Hyderabad study area,TGSPDCL,HYDERABAD SOUTH,CHARMINAR,FALAKNUMA,CHATRINAKA,2026-03-01,2026,3,1,0,1,1.0,False,1706.0,12.0,1706.0,0
HYDERABAD_SOUTH_CHATRINAKA,initial greater-Hyderabad study area,TGSPDCL,HYDERABAD SOUTH,CHARMINAR,FALAKNUMA,CHATRINAKA,2026-04-01,2026,4,1,0,1,1.0,False,2471.0,12.0,2471.0,0
HYDERABAD_SOUTH_CHATRINAKA,initial greater-Hyderabad study area,TGSPDCL,HYDERABAD SOUTH,CHARMINAR,FALAKNUMA,CHATRINAKA,2026-05-01,2026,5,1,0,1,1.0,False,5038.0,12.0,5038.0,0
HYDERABAD_SOUTH_CHATRINAKA,initial greater-Hyderabad study area,TGSPDCL,HYDERABAD SOUTH,CHARMINAR,FALAKNUMA,CHATRINAKA,2026-06-01,2026,6,1,0,1,1.0,False,3072.0,12.0,3072.0,0
HYDERABAD_SOUTH_CHATRINAKA,initial greater-Hyderabad study area,TGSPDCL,HYDERABAD SOUTH,CHARMINAR,FALAKNUMA,CHATRINAKA,2026-07-01,2026,7,1,0,1,1.0,False,7924.0,12.0,7924.0,0
HYDERABAD_SOUTH_CHATRINAKA,initial greater-Hyderabad study area,TGSPDCL,HYDERABAD SOUTH,CHARMINAR,FALAKNUMA,CHATRINAKA,2026-08-01,2026,8,1,0,1,1.0,False,8497.0,12.0,8497.0,0
HYDERABAD_SOUTH_CHUDI_BAZAR,initial greater-Hyderabad study area,TGSPDCL,HYDERABAD SOUTH,BEGUM BAZAR,BEGUM BAZAR,CHUDI BAZAR,2023-01-01,2023,1,1,0,1,1.0,False,885.0,22.0,885.0,0
HYDERABAD_SOUTH_CHUDI_BAZAR,initial greater-Hyderabad study area,TGSPDCL,HYDERABAD SOUTH,BEGUM BAZAR,BEGUM BAZAR,CHUDI BAZAR,2023-02-01,2023,2,1,0,1,1.0,False,750.0,22.0,750.0,0
HYDERABAD_SOUTH_CHUDI_BAZAR,initial greater-Hyderabad study area,TGSPDCL,HYDERABAD SOUTH,BEGUM BAZAR,BEGUM BAZAR,CHUDI BAZAR,2023-03-01,2023,3,1,0,1,1.0,False,789.0,22.0,789.0,0
HYDERABAD_SOUTH_CHUDI_BAZAR,initial greater-Hyderabad study area,TGSPDCL,HYDERABAD SOUTH,BEGUM BAZAR,BEGUM BAZAR,CHUDI BAZAR,2023-04-01,2023,4,1,0,1,1.0,False,723.0,22.0,723.0,0
HYDERABAD_SOUTH_CHUDI_BAZAR,initial greater-Hyderabad study area,TGSPDCL,HYDERABAD SOUTH,BEGUM BAZAR,BEGUM BAZAR,CHUDI BAZAR,2023-05-01,2023,5,1,0,1,1.0,False,819.0,22.0,819.0,0
HYDERABAD_SOUTH_CHUDI_BAZAR,initial greater-Hyderabad study area,TGSPDCL,HYDERABAD SOUTH,BEGUM BAZAR,BEGUM BAZAR,CHUDI BAZAR,2023-06-01,2023,6,1,0,1,1.0,False,860.0,22.0,860.0,0
HYDERABAD_SOUTH_CHUDI_BAZAR,initial greater-Hyderabad study area,TGSPDCL,HYDERABAD SOUTH,BEGUM BAZAR,BEGUM BAZAR,CHUDI BAZAR,2023-07-01,2023,7,1,0,1,1.0,False,716.0,22.0,716.0,0
HYDERABAD_SOUTH_CHUDI_BAZAR,initial greater-Hyderabad study area,TGSPDCL,HYDERABAD SOUTH,BEGUM BAZAR,BEGUM BAZAR,CHUDI BAZAR,2023-08-01,2023,8,1,0,1,1.0,False,354.0,22.0,354.0,0
HYDERABAD_SOUTH_CHUDI_BAZAR,initial greater-Hyderabad study area,TGSPDCL,HYDERABAD SOUTH,BEGUM BAZAR,BEGUM BAZAR,CHUDI BAZAR,2023-09-01,2023,9,1,0,1,1.0,False,534.0,22.0,534.0,0
HYDERABAD_SOUTH_CHUDI_BAZAR,initial greater-Hyderabad study area,TGSPDCL,HYDERABAD SOUTH,BEGUM BAZAR,BEGUM BAZAR,CHUDI BAZAR,2023-10-01,2023,10,1,0,1,1.0,False,933.0,22.0,933.0,0
HYDERABAD_SOUTH_CHUDI_BAZAR,initial greater-Hyderabad study area,TGSPDCL,HYDERABAD SOUTH,BEGUM BAZAR,BEGUM BAZAR,CHUDI BAZAR,2023-11-01,2023,11,1,0,1,1.0,False,317.0,22.0,317.0,0
HYDERABAD_SOUTH_CHUDI_BAZAR,initial greater-Hyderabad study area,TGSPDCL,HYDERABAD SOUTH,BEGUM BAZAR,BEGUM BAZAR,CHUDI BAZAR,2023-12-01,2023,12,1,0,1,1.0,False,608.0,22.0,608.0,0
HYDERABAD_SOUTH_CHUDI_BAZAR,initial greater-Hyderabad study area,TGSPDCL,HYDERABAD SOUTH,BEGUM BAZAR,BEGUM BAZAR,CHUDI BAZAR,2024-01-01,2024,1,1,0,1,1.0,False,1375.0,22.0,1375.0,0
HYDERABAD_SOUTH_CHUDI_BAZAR,initial greater-Hyderabad study area,TGSPDCL,HYDERABAD SOUTH,BEGUM BAZAR,BEGUM BAZAR,CHUDI BAZAR,2024-02-01,2024,2,1,0,1,1.0,False,1270.0,22.0,1270.0,0
HYDERABAD_SOUTH_CHUDI_BAZAR,initial greater-Hyderabad study area,TGSPDCL,HYDERABAD SOUTH,BEGUM BAZAR,BEGUM BAZAR,CHUDI BAZAR,2024-03-01,2024,3,1,0,1,1.0,False,956.0,22.0,956.0,0
HYDERABAD_SOUTH_CHUDI_BAZAR,initial greater-Hyderabad study area,TGSPDCL,HYDERABAD SOUTH,BEGUM BAZAR,BEGUM BAZAR,CHUDI BAZAR,2024-04-01,2024,4,1,0,1,1.0,False,951.0,22.0,951.0,0
HYDERABAD_SOUTH_CHUDI_BAZAR,initial greater-Hyderabad study area,TGSPDCL,HYDERABAD SOUTH,BEGUM BAZAR,BEGUM BAZAR,CHUDI BAZAR,2024-05-01,2024,5,1,0,1,1.0,False,467.0,22.0,467.0,0
HYDERABAD_SOUTH_CHUDI_BAZAR,initial greater-Hyderabad study area,TGSPDCL,HYDERABAD SOUTH,BEGUM BAZAR,BEGUM BAZAR,CHUDI BAZAR,2024-06-01,2024,6,1,0,1,1.0,False,467.0,22.0,467.0,0
HYDERABAD_SOUTH_CHUDI_BAZAR,initial greater-Hyderabad study area,TGSPDCL,HYDERABAD SOUTH,BEGUM BAZAR,BEGUM BAZAR,CHUDI BAZAR,2024-07-01,2024,7,1,0,1,1.0,False,87.0,22.0,87.0,0
HYDERABAD_SOUTH_CHUDI_BAZAR,initial greater-Hyderabad study area,TGSPDCL,HYDERABAD SOUTH,BEGUM BAZAR,BEGUM BAZAR,CHUDI BAZAR,2024-08-01,2024,8,1,0,1,1.0,False,315.0,22.0,315.0,0
HYDERABAD_SOUTH_CHUDI_BAZAR,initial greater-Hyderabad study area,TGSPDCL,HYDERABAD SOUTH,BEGUM BAZAR,BEGUM BAZAR,CHUDI BAZAR,2024-09-01,2024,9,1,0,1,1.0,False,413.0,22.0,413.0,0
HYDERABAD_SOUTH_CHUDI_BAZAR,initial greater-Hyderabad study area,TGSPDCL,HYDERABAD SOUTH,BEGUM BAZAR,BEGUM BAZAR,CHUDI BAZAR,2024-10-01,2024,10,1,0,1,1.0,False,312.0,22.0,312.0,0
HYDERABAD_SOUTH_CHUDI_BAZAR,initial greater-Hyderabad study area,TGSPDCL,HYDERABAD SOUTH,BEGUM BAZAR,BEGUM BAZAR,CHUDI BAZAR,2024-11-01,2024,11,1,0,1,1.0,False,642.0,22.0,642.0,0
HYDERABAD_SOUTH_CHUDI_BAZAR,initial greater-Hyderabad study area,TGSPDCL,HYDERABAD SOUTH,BEGUM BAZAR,BEGUM BAZAR,CHUDI BAZAR,2024-12-01,2024,12,1,0,1,1.0,False,423.0,22.0,423.0,0
HYDERABAD_SOUTH_CHUDI_BAZAR,initial greater-Hyderabad study area,TGSPDCL,HYDERABAD SOUTH,BEGUM BAZAR,BEGUM BAZAR,CHUDI BAZAR,2025-01-01,2025,1,1,0,1,1.0,False,510.0,22.0,510.0,0
HYDERABAD_SOUTH_CHUDI_BAZAR,initial greater-Hyderabad study area,TGSPDCL,HYDERABAD SOUTH,BEGUM BAZAR,BEGUM BAZAR,CHUDI BAZAR,2025-02-01,2025,2,1,0,1,1.0,False,391.0,22.0,391.0,0
HYDERABAD_SOUTH_CHUDI_BAZAR,initial greater-Hyderabad study area,TGSPDCL,HYDERABAD SOUTH,BEGUM BAZAR,BEGUM BAZAR,CHUDI BAZAR,2025-03-01,2025,3,1,0,1,1.0,False,425.0,22.0,425.0,0
HYDERABAD_SOUTH_CHUDI_BAZAR,initial greater-Hyderabad study area,TGSPDCL,HYDERABAD SOUTH,BEGUM BAZAR,BEGUM BAZAR,CHUDI BAZAR,2025-04-01,2025,4,1,0,1,1.0,False,311.0,22.0,311.0,0
HYDERABAD_SOUTH_CHUDI_BAZAR,initial greater-Hyderabad study area,TGSPDCL,HYDERABAD SOUTH,BEGUM BAZAR,BEGUM BAZAR,CHUDI BAZAR,2025-05-01,2025,5,1,0,1,1.0,False,218.0,22.0,218.0,0
HYDERABAD_SOUTH_CHUDI_BAZAR,initial greater-Hyderabad study area,TGSPDCL,HYDERABAD SOUTH,BEGUM BAZAR,BEGUM BAZAR,CHUDI BAZAR,2025-06-01,2025,6,1,0,1,1.0,False,81.0,22.0,81.0,0
HYDERABAD_SOUTH_CHUDI_BAZAR,initial greater-Hyderabad study area,TGSPDCL,HYDERABAD SOUTH,BEGUM BAZAR,BEGUM BAZAR,CHUDI BAZAR,2025-07-01,2025,7,1,1,1,1.0,False,0.0,22.0,0.0,0
HYDERABAD_SOUTH_CHUDI_BAZAR,initial greater-Hyderabad study area,TGSPDCL,HYDERABAD SOUTH,BEGUM BAZAR,BEGUM BAZAR,CHUDI BAZAR,2025-08-01,2025,8,1,1,1,1.0,False,0.0,22.0,0.0,0
HYDERABAD_SOUTH_CHUDI_BAZAR,initial greater-Hyderabad study area,TGSPDCL,HYDERABAD SOUTH,BEGUM BAZAR,BEGUM BAZAR,CHUDI BAZAR,2025-09-01,2025,9,1,1,1,1.0,False,0.0,22.0,0.0,0
HYDERABAD_SOUTH_CHUDI_BAZAR,initial greater-Hyderabad study area,TGSPDCL,HYDERABAD SOUTH,BEGUM BAZAR,BEGUM BAZAR,CHUDI BAZAR,2025-10-01,2025,10,1,0,1,1.0,False,41.0,22.0,41.0,0
HYDERABAD_SOUTH_CHUDI_BAZAR,initial greater-Hyderabad study area,TGSPDCL,HYDERABAD SOUTH,BEGUM BAZAR,BEGUM BAZAR,CHUDI BAZAR,2025-11-01,2025,11,1,0,1,1.0,False,9.0,22.0,9.0,0
HYDERABAD_SOUTH_CHUDI_BAZAR,initial greater-Hyderabad study area,TGSPDCL,HYDERABAD SOUTH,BEGUM BAZAR,BEGUM BAZAR,CHUDI BAZAR,2025-12-01,2025,12,1,1,1,1.0,False,0.0,22.0,0.0,0
HYDERABAD_SOUTH_CHUDI_BAZAR,initial greater-Hyderabad study area,TGSPDCL,HYDERABAD SOUTH,BEGUM BAZAR,BEGUM BAZAR,CHUDI BAZAR,2026-01-01,2026,1,1,1,1,1.0,False,0.0,22.0,0.0,0
HYDERABAD_SOUTH_CHUDI_BAZAR,initial greater-Hyderabad study area,TGSPDCL,HYDERABAD SOUTH,BEGUM BAZAR,BEGUM BAZAR,CHUDI BAZAR,2026-02-01,2026,2,1,1,1,1.0,False,0.0,22.0,0.0,0
HYDERABAD_SOUTH_CHUDI_BAZAR,initial greater-Hyderabad study area,TGSPDCL,HYDERABAD SOUTH,BEGUM BAZAR,BEGUM BAZAR,CHUDI BAZAR,2026-03-01,2026,3,1,1,1,1.0,False,0.0,22.0,0.0,0
HYDERABAD_SOUTH_CHUDI_BAZAR,initial greater-Hyderabad study area,TGSPDCL,HYDERABAD SOUTH,BEGUM BAZAR,BEGUM BAZAR,CHUDI BAZAR,2026-04-01,2026,4,1,1,1,1.0,False,0.0,22.0,0.0,0
HYDERABAD_SOUTH_CHUDI_BAZAR,initial greater-Hyderabad study area,TGSPDCL,HYDERABAD SOUTH,BEGUM BAZAR,BEGUM BAZAR,CHUDI BAZAR,2026-05-01,2026,5,1,1,1,1.0,False,0.0,22.0,0.0,0
HYDERABAD_SOUTH_CHUDI_BAZAR,initial greater-Hyderabad study area,TGSPDCL,HYDERABAD SOUTH,BEGUM BAZAR,BEGUM BAZAR,CHUDI BAZAR,2026-06-01,2026,6,1,1,1,1.0,False,0.0,22.0,0.0,0
HYDERABAD_SOUTH_CHUDI_BAZAR,initial greater-Hyderabad study area,TGSPDCL,HYDERABAD SOUTH,BEGUM BAZAR,BEGUM BAZAR,CHUDI BAZAR,2026-07-01,2026,7,1,1,1,1.0,False,0.0,22.0,0.0,0
HYDERABAD_SOUTH_CHUDI_BAZAR,initial greater-Hyderabad study area,TGSPDCL,HYDERABAD SOUTH,BEGUM BAZAR,BEGUM BAZAR,CHUDI BAZAR,2026-08-01,2026,8,1,1,1,1.0,False,0.0,22.0,0.0,0
HYDERABAD_SOUTH_DATTATREYA_COLONY,initial greater-Hyderabad study area,TGSPDCL,HYDERABAD SOUTH,BEGUM BAZAR,SEETHARAM BAGH,DATTATREYA COLONY,2024-05-01,2024,5,1,1,1,,True,0.0,18.0,0.0,0
HYDERABAD_SOUTH_DATTATREYA_COLONY,initial greater-Hyderabad study area,TGSPDCL,HYDERABAD SOUTH,BEGUM BAZAR,SEETHARAM BAGH,DATTATREYA COLONY,2024-06-01,2024,6,1,0,1,1.0,False,569.0,18.0,569.0,0
HYDERABAD_SOUTH_DATTATREYA_COLONY,initial greater-Hyderabad study area,TGSPDCL,HYDERABAD SOUTH,BEGUM BAZAR,SEETHARAM BAGH,DATTATREYA COLONY,2024-07-01,2024,7,1,0,1,1.0,False,685.0,18.0,685.0,0
HYDERABAD_SOUTH_DATTATREYA_COLONY,initial greater-Hyderabad study area,TGSPDCL,HYDERABAD SOUTH,BEGUM BAZAR,SEETHARAM BAGH,DATTATREYA COLONY,2024-08-01,2024,8,1,0,1,1.0,False,684.0,18.0,684.0,0
HYDERABAD_SOUTH_DATTATREYA_COLONY,initial greater-Hyderabad study area,TGSPDCL,HYDERABAD SOUTH,BEGUM BAZAR,SEETHARAM BAGH,DATTATREYA COLONY,2024-09-01,2024,9,1,0,1,1.0,False,1101.0,18.0,1101.0,0
HYDERABAD_SOUTH_DATTATREYA_COLONY,initial greater-Hyderabad study area,TGSPDCL,HYDERABAD SOUTH,BEGUM BAZAR,SEETHARAM BAGH,DATTATREYA COLONY,2024-10-01,2024,10,1,0,1,1.0,False,2073.0,18.0,2073.0,0
HYDERABAD_SOUTH_DATTATREYA_COLONY,initial greater-Hyderabad study area,TGSPDCL,HYDERABAD SOUTH,BEGUM BAZAR,SEETHARAM BAGH,DATTATREYA COLONY,2024-11-01,2024,11,1,0,1,1.0,False,2354.0,18.0,2354.0,0
HYDERABAD_SOUTH_DATTATREYA_COLONY,initial greater-Hyderabad study area,TGSPDCL,HYDERABAD SOUTH,BEGUM BAZAR,SEETHARAM BAGH,DATTATREYA COLONY,2024-12-01,2024,12,1,0,1,1.0,False,2252.0,18.0,2252.0,0
HYDERABAD_SOUTH_DATTATREYA_COLONY,initial greater-Hyderabad study area,TGSPDCL,HYDERABAD SOUTH,BEGUM BAZAR,SEETHARAM BAGH,DATTATREYA COLONY,2025-01-01,2025,1,1,0,1,1.0,False,2963.0,18.0,2963.0,0
HYDERABAD_SOUTH_DATTATREYA_COLONY,initial greater-Hyderabad study area,TGSPDCL,HYDERABAD SOUTH,BEGUM BAZAR,SEETHARAM BAGH,DATTATREYA COLONY,2025-02-01,2025,2,1,0,1,1.0,False,2994.0,18.0,2994.0,0
HYDERABAD_SOUTH_DATTATREYA_COLONY,initial greater-Hyderabad study area,TGSPDCL,HYDERABAD SOUTH,BEGUM BAZAR,SEETHARAM BAGH,DATTATREYA COLONY,2025-03-01,2025,3,1,0,1,1.0,False,3060.0,18.0,3060.0,0
HYDERABAD_SOUTH_DATTATREYA_COLONY,initial greater-Hyderabad study area,TGSPDCL,HYDERABAD SOUTH,BEGUM BAZAR,SEETHARAM BAGH,DATTATREYA COLONY,2025-04-01,2025,4,1,0,1,1.0,False,3140.0,18.0,3140.0,0
HYDERABAD_SOUTH_DATTATREYA_COLONY,initial greater-Hyderabad study area,TGSPDCL,HYDERABAD SOUTH,BEGUM BAZAR,SEETHARAM BAGH,DATTATREYA COLONY,2025-05-01,2025,5,1,0,1,1.0,False,3425.0,18.0,3425.0,0
HYDERABAD_SOUTH_DATTATREYA_COLONY,initial greater-Hyderabad study area,TGSPDCL,HYDERABAD SOUTH,BEGUM BAZAR,SEETHARAM BAGH,DATTATREYA COLONY,2025-06-01,2025,6,1,0,1,1.0,False,3048.0,18.0,3048.0,0
HYDERABAD_SOUTH_DATTATREYA_COLONY,initial greater-Hyderabad study area,TGSPDCL,HYDERABAD SOUTH,BEGUM BAZAR,SEETHARAM BAGH,DATTATREYA COLONY,2025-07-01,2025,7,1,0,1,1.0,False,3060.0,18.0,3060.0,0
HYDERABAD_SOUTH_DATTATREYA_COLONY,initial greater-Hyderabad study area,TGSPDCL,HYDERABAD SOUTH,BEGUM BAZAR,SEETHARAM BAGH,DATTATREYA COLONY,2025-08-01,2025,8,1,0,1,1.0,False,2495.0,18.0,2495.0,0
HYDERABAD_SOUTH_DATTATREYA_COLONY,initial greater-Hyderabad study area,TGSPDCL,HYDERABAD SOUTH,BEGUM BAZAR,SEETHARAM BAGH,DATTATREYA COLONY,2025-09-01,2025,9,1,0,1,1.0,False,2088.0,18.0,2088.0,0
HYDERABAD_SOUTH_DATTATREYA_COLONY,initial greater-Hyderabad study area,TGSPDCL,HYDERABAD SOUTH,BEGUM BAZAR,SEETHARAM BAGH,DATTATREYA COLONY,2025-10-01,2025,10,1,0,1,1.0,False,1826.0,18.0,1826.0,0
HYDERABAD_SOUTH_DATTATREYA_COLONY,initial greater-Hyderabad study area,TGSPDCL,HYDERABAD SOUTH,BEGUM BAZAR,SEETHARAM BAGH,DATTATREYA COLONY,2025-11-01,2025,11,1,0,1,1.0,False,2878.0,18.0,2878.0,0
HYDERABAD_SOUTH_DATTATREYA_COLONY,initial greater-Hyderabad study area,TGSPDCL,HYDERABAD SOUTH,BEGUM BAZAR,SEETHARAM BAGH,DATTATREYA COLONY,2025-12-01,2025,12,1,0,1,1.0,False,4519.0,18.0,4519.0,0
HYDERABAD_SOUTH_DATTATREYA_COLONY,initial greater-Hyderabad study area,TGSPDCL,HYDERABAD SOUTH,BEGUM BAZAR,SEETHARAM BAGH,DATTATREYA COLONY,2026-01-01,2026,1,1,0,1,1.0,False,6235.0,18.0,6235.0,0
HYDERABAD_SOUTH_DATTATREYA_COLONY,initial greater-Hyderabad study area,TGSPDCL,HYDERABAD SOUTH,BEGUM BAZAR,SEETHARAM BAGH,DATTATREYA COLONY,2026-02-01,2026,2,1,0,1,1.0,False,6593.0,18.0,6593.0,0
HYDERABAD_SOUTH_DATTATREYA_COLONY,initial greater-Hyderabad study area,TGSPDCL,HYDERABAD SOUTH,BEGUM BAZAR,SEETHARAM BAGH,DATTATREYA COLONY,2026-03-01,2026,3,1,0,1,1.0,False,5982.0,18.0,5982.0,0
HYDERABAD_SOUTH_DATTATREYA_COLONY,initial greater-Hyderabad study area,TGSPDCL,HYDERABAD SOUTH,BEGUM BAZAR,SEETHARAM BAGH,DATTATREYA COLONY,2026-04-01,2026,4,1,0,1,1.0,False,7399.0,18.0,7399.0,0
HYDERABAD_SOUTH_DATTATREYA_COLONY,initial greater-Hyderabad study area,TGSPDCL,HYDERABAD SOUTH,BEGUM BAZAR,SEETHARAM BAGH,DATTATREYA COLONY,2026-05-01,2026,5,1,0,1,1.0,False,6653.0,18.0,6653.0,0
HYDERABAD_SOUTH_DATTATREYA_COLONY,initial greater-Hyderabad study area,TGSPDCL,HYDERABAD SOUTH,BEGUM BAZAR,SEETHARAM BAGH,DATTATREYA COLONY,2026-06-01,2026,6,1,0,1,1.0,False,7288.0,18.0,7288.0,0
HYDERABAD_SOUTH_DATTATREYA_COLONY,initial greater-Hyderabad study area,TGSPDCL,HYDERABAD SOUTH,BEGUM BAZAR,SEETHARAM BAGH,DATTATREYA COLONY,2026-07-01,2026,7,1,0,1,1.0,False,6889.0,18.0,6889.0,0
HYDERABAD_SOUTH_DATTATREYA_COLONY,initial greater-Hyderabad study area,TGSPDCL,HYDERABAD SOUTH,BEGUM BAZAR,SEETHARAM BAGH,DATTATREYA COLONY,2026-08-01,2026,8,1,0,1,1.0,False,8018.0,18.0,8018.0,0
HYDERABAD_SOUTH_FALAKNUMA,initial greater-Hyderabad study area,TGSPDCL,HYDERABAD SOUTH,CHARMINAR,FALAKNUMA,FALAKNUMA,2024-04-01,2024,4,1,1,1,,True,0.0,12.0,0.0,0
HYDERABAD_SOUTH_FALAKNUMA,initial greater-Hyderabad study area,TGSPDCL,HYDERABAD SOUTH,CHARMINAR,FALAKNUMA,FALAKNUMA,2024-05-01,2024,5,1,0,1,1.0,False,11.0,12.0,11.0,0
HYDERABAD_SOUTH_FALAKNUMA,initial greater-Hyderabad study area,TGSPDCL,HYDERABAD SOUTH,CHARMINAR,FALAKNUMA,FALAKNUMA,2024-06-01,2024,6,1,0,1,1.0,False,357.0,12.0,357.0,0
HYDERABAD_SOUTH_FALAKNUMA,initial greater-Hyderabad study area,TGSPDCL,HYDERABAD SOUTH,CHARMINAR,FALAKNUMA,FALAKNUMA,2024-07-01,2024,7,1,0,1,1.0,False,642.0,12.0,642.0,0
HYDERABAD_SOUTH_FALAKNUMA,initial greater-Hyderabad study area,TGSPDCL,HYDERABAD SOUTH,CHARMINAR,FALAKNUMA,FALAKNUMA,2024-08-01,2024,8,1,0,1,1.0,False,528.0,12.0,528.0,0
HYDERABAD_SOUTH_FALAKNUMA,initial greater-Hyderabad study area,TGSPDCL,HYDERABAD SOUTH,CHARMINAR,FALAKNUMA,FALAKNUMA,2024-09-01,2024,9,1,0,1,1.0,False,637.0,12.0,637.0,0
HYDERABAD_SOUTH_FALAKNUMA,initial greater-Hyderabad study area,TGSPDCL,HYDERABAD SOUTH,CHARMINAR,FALAKNUMA,FALAKNUMA,2024-10-01,2024,10,1,0,1,1.0,False,668.0,12.0,668.0,0
HYDERABAD_SOUTH_FALAKNUMA,initial greater-Hyderabad study area,TGSPDCL,HYDERABAD SOUTH,CHARMINAR,FALAKNUMA,FALAKNUMA,2024-11-01,2024,11,1,0,1,1.0,False,757.0,12.0,757.0,0
HYDERABAD_SOUTH_FALAKNUMA,initial greater-Hyderabad study area,TGSPDCL,HYDERABAD SOUTH,CHARMINAR,FALAKNUMA,FALAKNUMA,2024-12-01,2024,12,1,0,1,1.0,False,649.0,12.0,649.0,0
HYDERABAD_SOUTH_FALAKNUMA,initial greater-Hyderabad study area,TGSPDCL,HYDERABAD SOUTH,CHARMINAR,FALAKNUMA,FALAKNUMA,2025-01-01,2025,1,1,0,1,1.0,False,772.0,12.0,772.0,0
HYDERABAD_SOUTH_FALAKNUMA,initial greater-Hyderabad study area,TGSPDCL,HYDERABAD SOUTH,CHARMINAR,FALAKNUMA,FALAKNUMA,2025-02-01,2025,2,1,0,1,1.0,False,1017.0,12.0,1017.0,0
HYDERABAD_SOUTH_FALAKNUMA,initial greater-Hyderabad study area,TGSPDCL,HYDERABAD SOUTH,CHARMINAR,FALAKNUMA,FALAKNUMA,2025-03-01,2025,3,1,0,1,1.0,False,1332.0,12.0,1332.0,0
HYDERABAD_SOUTH_FALAKNUMA,initial greater-Hyderabad study area,TGSPDCL,HYDERABAD SOUTH,CHARMINAR,FALAKNUMA,FALAKNUMA,2025-04-01,2025,4,1,0,1,1.0,False,2030.0,12.0,2030.0,0
HYDERABAD_SOUTH_FALAKNUMA,initial greater-Hyderabad study area,TGSPDCL,HYDERABAD SOUTH,CHARMINAR,FALAKNUMA,FALAKNUMA,2025-05-01,2025,5,1,0,1,1.0,False,1829.0,12.0,1829.0,0
HYDERABAD_SOUTH_FALAKNUMA,initial greater-Hyderabad study area,TGSPDCL,HYDERABAD SOUTH,CHARMINAR,FALAKNUMA,FALAKNUMA,2025-06-01,2025,6,1,0,1,1.0,False,1730.0,12.0,1730.0,0
HYDERABAD_SOUTH_FALAKNUMA,initial greater-Hyderabad study area,TGSPDCL,HYDERABAD SOUTH,CHARMINAR,FALAKNUMA,FALAKNUMA,2025-07-01,2025,7,1,0,1,1.0,False,1952.0,12.0,1952.0,0
HYDERABAD_SOUTH_FALAKNUMA,initial greater-Hyderabad study area,TGSPDCL,HYDERABAD SOUTH,CHARMINAR,FALAKNUMA,FALAKNUMA,2025-08-01,2025,8,1,0,1,1.0,False,1937.0,12.0,1937.0,0
HYDERABAD_SOUTH_FALAKNUMA,initial greater-Hyderabad study area,TGSPDCL,HYDERABAD SOUTH,CHARMINAR,FALAKNUMA,FALAKNUMA,2025-09-01,2025,9,1,0,1,1.0,False,1182.0,12.0,1182.0,0
HYDERABAD_SOUTH_FALAKNUMA,initial greater-Hyderabad study area,TGSPDCL,HYDERABAD SOUTH,CHARMINAR,FALAKNUMA,FALAKNUMA,2025-10-01,2025,10,1,0,1,1.0,False,1162.0,12.0,1162.0,0
HYDERABAD_SOUTH_FALAKNUMA,initial greater-Hyderabad study area,TGSPDCL,HYDERABAD SOUTH,CHARMINAR,FALAKNUMA,FALAKNUMA,2025-11-01,2025,11,1,0,1,1.0,False,1214.0,12.0,1214.0,0
HYDERABAD_SOUTH_FALAKNUMA,initial greater-Hyderabad study area,TGSPDCL,HYDERABAD SOUTH,CHARMINAR,FALAKNUMA,FALAKNUMA,2025-12-01,2025,12,1,0,1,1.0,False,1512.0,12.0,1512.0,0
HYDERABAD_SOUTH_FALAKNUMA,initial greater-Hyderabad study area,TGSPDCL,HYDERABAD SOUTH,CHARMINAR,FALAKNUMA,FALAKNUMA,2026-01-01,2026,1,1,0,1,1.0,False,2251.0,12.0,2251.0,0
HYDERABAD_SOUTH_FALAKNUMA,initial greater-Hyderabad study area,TGSPDCL,HYDERABAD SOUTH,CHARMINAR,FALAKNUMA,FALAKNUMA,2026-02-01,2026,2,1,0,1,1.0,False,1481.0,12.0,1481.0,0
HYDERABAD_SOUTH_FALAKNUMA,initial greater-Hyderabad study area,TGSPDCL,HYDERABAD SOUTH,CHARMINAR,FALAKNUMA,FALAKNUMA,2026-03-01,2026,3,1,0,1,1.0,False,2375.0,12.0,2375.0,0
HYDERABAD_SOUTH_FALAKNUMA,initial greater-Hyderabad study area,TGSPDCL,HYDERABAD SOUTH,CHARMINAR,FALAKNUMA,FALAKNUMA,2026-04-01,2026,4,1,0,1,1.0,False,3598.0,12.0,3598.0,0
HYDERABAD_SOUTH_FALAKNUMA,initial greater-Hyderabad study area,TGSPDCL,HYDERABAD SOUTH,CHARMINAR,FALAKNUMA,FALAKNUMA,2026-05-01,2026,5,1,0,1,1.0,False,4418.0,12.0,4418.0,0
HYDERABAD_SOUTH_FALAKNUMA,initial greater-Hyderabad study area,TGSPDCL,HYDERABAD SOUTH,CHARMINAR,FALAKNUMA,FALAKNUMA,2026-06-01,2026,6,1,0,1,1.0,False,3867.0,12.0,3867.0,0
HYDERABAD_SOUTH_FALAKNUMA,initial greater-Hyderabad study area,TGSPDCL,HYDERABAD SOUTH,CHARMINAR,FALAKNUMA,FALAKNUMA,2026-07-01,2026,7,1,0,1,1.0,False,4762.0,12.0,4762.0,0
HYDERABAD_SOUTH_FALAKNUMA,initial greater-Hyderabad study area,TGSPDCL,HYDERABAD SOUTH,CHARMINAR,FALAKNUMA,FALAKNUMA,2026-08-01,2026,8,1,0,1,1.0,False,4200.0,12.0,4200.0,0
HYDERABAD_SOUTH_HUSSAINI_ALAM,initial greater-Hyderabad study area,TGSPDCL,HYDERABAD SOUTH,CHARMINAR,CHARMINAR,HUSSAINI ALAM,2024-04-01,2024,4,1,1,1,,True,0.0,12.0,0.0,0
HYDERABAD_SOUTH_HUSSAINI_ALAM,initial greater-Hyderabad study area,TGSPDCL,HYDERABAD SOUTH,CHARMINAR,CHARMINAR,HUSSAINI ALAM,2024-05-01,2024,5,1,0,1,1.0,False,40.0,12.0,40.0,0
HYDERABAD_SOUTH_HUSSAINI_ALAM,initial greater-Hyderabad study area,TGSPDCL,HYDERABAD SOUTH,CHARMINAR,CHARMINAR,HUSSAINI ALAM,2024-06-01,2024,6,1,0,1,1.0,False,742.0,12.0,742.0,0
HYDERABAD_SOUTH_HUSSAINI_ALAM,initial greater-Hyderabad study area,TGSPDCL,HYDERABAD SOUTH,CHARMINAR,CHARMINAR,HUSSAINI ALAM,2024-07-01,2024,7,1,0,1,1.0,False,1828.0,12.0,1828.0,0
HYDERABAD_SOUTH_HUSSAINI_ALAM,initial greater-Hyderabad study area,TGSPDCL,HYDERABAD SOUTH,CHARMINAR,CHARMINAR,HUSSAINI ALAM,2024-08-01,2024,8,1,0,1,1.0,False,1872.0,17.0,1872.0,0
HYDERABAD_SOUTH_HUSSAINI_ALAM,initial greater-Hyderabad study area,TGSPDCL,HYDERABAD SOUTH,CHARMINAR,CHARMINAR,HUSSAINI ALAM,2024-09-01,2024,9,1,0,1,1.0,False,1796.0,17.0,1796.0,0
HYDERABAD_SOUTH_HUSSAINI_ALAM,initial greater-Hyderabad study area,TGSPDCL,HYDERABAD SOUTH,CHARMINAR,CHARMINAR,HUSSAINI ALAM,2024-10-01,2024,10,1,0,1,1.0,False,1415.0,17.0,1415.0,0
HYDERABAD_SOUTH_HUSSAINI_ALAM,initial greater-Hyderabad study area,TGSPDCL,HYDERABAD SOUTH,CHARMINAR,CHARMINAR,HUSSAINI ALAM,2024-11-01,2024,11,1,0,1,1.0,False,1868.0,17.0,1868.0,0
HYDERABAD_SOUTH_HUSSAINI_ALAM,initial greater-Hyderabad study area,TGSPDCL,HYDERABAD SOUTH,CHARMINAR,CHARMINAR,HUSSAINI ALAM,2024-12-01,2024,12,1,0,1,1.0,False,1756.0,17.0,1756.0,0
HYDERABAD_SOUTH_HUSSAINI_ALAM,initial greater-Hyderabad study area,TGSPDCL,HYDERABAD SOUTH,CHARMINAR,CHARMINAR,HUSSAINI ALAM,2025-01-01,2025,1,1,0,1,1.0,False,2582.0,17.0,2582.0,0
HYDERABAD_SOUTH_HUSSAINI_ALAM,initial greater-Hyderabad study area,TGSPDCL,HYDERABAD SOUTH,CHARMINAR,CHARMINAR,HUSSAINI ALAM,2025-02-01,2025,2,1,0,1,1.0,False,2648.0,17.0,2648.0,0
HYDERABAD_SOUTH_HUSSAINI_ALAM,initial greater-Hyderabad study area,TGSPDCL,HYDERABAD SOUTH,CHARMINAR,CHARMINAR,HUSSAINI ALAM,2025-03-01,2025,3,1,0,1,1.0,False,3412.0,17.0,3412.0,0
HYDERABAD_SOUTH_HUSSAINI_ALAM,initial greater-Hyderabad study area,TGSPDCL,HYDERABAD SOUTH,CHARMINAR,CHARMINAR,HUSSAINI ALAM,2025-04-01,2025,4,1,0,1,1.0,False,3903.0,17.0,3903.0,0
HYDERABAD_SOUTH_HUSSAINI_ALAM,initial greater-Hyderabad study area,TGSPDCL,HYDERABAD SOUTH,CHARMINAR,CHARMINAR,HUSSAINI ALAM,2025-05-01,2025,5,1,0,1,1.0,False,3879.0,17.0,3879.0,0
HYDERABAD_SOUTH_HUSSAINI_ALAM,initial greater-Hyderabad study area,TGSPDCL,HYDERABAD SOUTH,CHARMINAR,CHARMINAR,HUSSAINI ALAM,2025-06-01,2025,6,1,0,1,1.0,False,3795.0,17.0,3795.0,0
HYDERABAD_SOUTH_HUSSAINI_ALAM,initial greater-Hyderabad study area,TGSPDCL,HYDERABAD SOUTH,CHARMINAR,CHARMINAR,HUSSAINI ALAM,2025-07-01,2025,7,1,0,1,1.0,False,3553.0,17.0,3553.0,0
HYDERABAD_SOUTH_HUSSAINI_ALAM,initial greater-Hyderabad study area,TGSPDCL,HYDERABAD SOUTH,CHARMINAR,CHARMINAR,HUSSAINI ALAM,2025-08-01,2025,8,1,0,1,1.0,False,3311.0,17.0,3311.0,0
HYDERABAD_SOUTH_HUSSAINI_ALAM,initial greater-Hyderabad study area,TGSPDCL,HYDERABAD SOUTH,CHARMINAR,CHARMINAR,HUSSAINI ALAM,2025-09-01,2025,9,1,0,1,1.0,False,2497.0,17.0,2497.0,0
HYDERABAD_SOUTH_HUSSAINI_ALAM,initial greater-Hyderabad study area,TGSPDCL,HYDERABAD SOUTH,CHARMINAR,CHARMINAR,HUSSAINI ALAM,2025-10-01,2025,10,1,0,1,1.0,False,2500.0,17.0,2500.0,0
HYDERABAD_SOUTH_HUSSAINI_ALAM,initial greater-Hyderabad study area,TGSPDCL,HYDERABAD SOUTH,CHARMINAR,CHARMINAR,HUSSAINI ALAM,2025-11-01,2025,11,1,0,1,1.0,False,2784.0,17.0,2784.0,0
HYDERABAD_SOUTH_HUSSAINI_ALAM,initial greater-Hyderabad study area,TGSPDCL,HYDERABAD SOUTH,CHARMINAR,CHARMINAR,HUSSAINI ALAM,2025-12-01,2025,12,1,0,1,1.0,False,3368.0,17.0,3368.0,0
HYDERABAD_SOUTH_HUSSAINI_ALAM,initial greater-Hyderabad study area,TGSPDCL,HYDERABAD SOUTH,CHARMINAR,CHARMINAR,HUSSAINI ALAM,2026-01-01,2026,1,1,0,1,1.0,False,4253.0,17.0,4253.0,0
HYDERABAD_SOUTH_HUSSAINI_ALAM,initial greater-Hyderabad study area,TGSPDCL,HYDERABAD SOUTH,CHARMINAR,CHARMINAR,HUSSAINI ALAM,2026-02-01,2026,2,1,0,1,1.0,False,5029.0,17.0,5029.0,0
HYDERABAD_SOUTH_HUSSAINI_ALAM,initial greater-Hyderabad study area,TGSPDCL,HYDERABAD SOUTH,CHARMINAR,CHARMINAR,HUSSAINI ALAM,2026-03-01,2026,3,1,0,1,1.0,False,4891.0,17.0,4891.0,0
HYDERABAD_SOUTH_HUSSAINI_ALAM,initial greater-Hyderabad study area,TGSPDCL,HYDERABAD SOUTH,CHARMINAR,CHARMINAR,HUSSAINI ALAM,2026-04-01,2026,4,1,0,1,1.0,False,6673.0,17.0,6673.0,0
HYDERABAD_SOUTH_HUSSAINI_ALAM,initial greater-Hyderabad study area,TGSPDCL,HYDERABAD SOUTH,CHARMINAR,CHARMINAR,HUSSAINI ALAM,2026-05-01,2026,5,1,0,1,1.0,False,9556.0,17.0,9556.0,0
HYDERABAD_SOUTH_HUSSAINI_ALAM,initial greater-Hyderabad study area,TGSPDCL,HYDERABAD SOUTH,CHARMINAR,CHARMINAR,HUSSAINI ALAM,2026-06-01,2026,6,1,0,1,1.0,False,7948.0,17.0,7948.0,0
HYDERABAD_SOUTH_HUSSAINI_ALAM,initial greater-Hyderabad study area,TGSPDCL,HYDERABAD SOUTH,CHARMINAR,CHARMINAR,HUSSAINI ALAM,2026-07-01,2026,7,1,0,1,1.0,False,8553.0,17.0,8553.0,0
HYDERABAD_SOUTH_HUSSAINI_ALAM,initial greater-Hyderabad study area,TGSPDCL,HYDERABAD SOUTH,CHARMINAR,CHARMINAR,HUSSAINI ALAM,2026-08-01,2026,8,1,0,1,1.0,False,10885.0,17.0,10885.0,0
HYDERABAD_SOUTH_KARWAN,initial greater-Hyderabad study area,TGSPDCL,HYDERABAD SOUTH,BEGUM BAZAR,SEETHARAM BAGH,KARWAN,2026-08-01,2026,8,1,1,1,,True,0.0,53.0,0.0,0
HYDERABAD_SOUTH_KISHANBAGH,initial greater-Hyderabad study area,TGSPDCL,HYDERABAD SOUTH,CHARMINAR,MIR ALAM,KISHANBAGH,2024-07-01,2024,7,1,1,1,,True,0.0,5.0,0.0,0
HYDERABAD_SOUTH_KISHANBAGH,initial greater-Hyderabad study area,TGSPDCL,HYDERABAD SOUTH,CHARMINAR,MIR ALAM,KISHANBAGH,2024-08-01,2024,8,1,0,1,1.0,False,107.0,5.0,107.0,0
HYDERABAD_SOUTH_KISHANBAGH,initial greater-Hyderabad study area,TGSPDCL,HYDERABAD SOUTH,CHARMINAR,MIR ALAM,KISHANBAGH,2024-09-01,2024,9,1,0,1,1.0,False,83.0,5.0,83.0,0
HYDERABAD_SOUTH_KISHANBAGH,initial greater-Hyderabad study area,TGSPDCL,HYDERABAD SOUTH,CHARMINAR,MIR ALAM,KISHANBAGH,2024-10-01,2024,10,1,0,1,1.0,False,107.0,5.0,107.0,0
HYDERABAD_SOUTH_KISHANBAGH,initial greater-Hyderabad study area,TGSPDCL,HYDERABAD SOUTH,CHARMINAR,MIR ALAM,KISHANBAGH,2024-12-01,2024,12,1,1,1,1.0,False,0.0,5.0,0.0,0
HYDERABAD_SOUTH_KISHANBAGH,initial greater-Hyderabad study area,TGSPDCL,HYDERABAD SOUTH,CHARMINAR,MIR ALAM,KISHANBAGH,2025-01-01,2025,1,1,1,1,1.0,False,0.0,5.0,0.0,0
HYDERABAD_SOUTH_KISHANBAGH,initial greater-Hyderabad study area,TGSPDCL,HYDERABAD SOUTH,CHARMINAR,MIR ALAM,KISHANBAGH,2025-02-01,2025,2,1,1,1,1.0,False,0.0,5.0,0.0,0
HYDERABAD_SOUTH_KISHANBAGH,initial greater-Hyderabad study area,TGSPDCL,HYDERABAD SOUTH,CHARMINAR,MIR ALAM,KISHANBAGH,2025-03-01,2025,3,1,1,1,1.0,False,0.0,5.0,0.0,0
HYDERABAD_SOUTH_KISHANBAGH,initial greater-Hyderabad study area,TGSPDCL,HYDERABAD SOUTH,CHARMINAR,MIR ALAM,KISHANBAGH,2025-04-01,2025,4,1,1,1,1.0,False,0.0,5.0,0.0,0
HYDERABAD_SOUTH_KISHANBAGH,initial greater-Hyderabad study area,TGSPDCL,HYDERABAD SOUTH,CHARMINAR,MIR ALAM,KISHANBAGH,2025-05-01,2025,5,1,1,1,1.0,False,0.0,5.0,0.0,0
HYDERABAD_SOUTH_KISHANBAGH,initial greater-Hyderabad study area,TGSPDCL,HYDERABAD SOUTH,CHARMINAR,MIR ALAM,KISHANBAGH,2025-06-01,2025,6,1,1,1,1.0,False,0.0,5.0,0.0,0
HYDERABAD_SOUTH_KISHANBAGH,initial greater-Hyderabad study area,TGSPDCL,HYDERABAD SOUTH,CHARMINAR,MIR ALAM,KISHANBAGH,2025-07-01,2025,7,1,1,1,1.0,False,0.0,5.0,0.0,0
HYDERABAD_SOUTH_KISHANBAGH,initial greater-Hyderabad study area,TGSPDCL,HYDERABAD SOUTH,CHARMINAR,MIR ALAM,KISHANBAGH,2025-08-01,2025,8,1,1,1,1.0,False,0.0,5.0,0.0,0
HYDERABAD_SOUTH_KISHANBAGH,initial greater-Hyderabad study area,TGSPDCL,HYDERABAD SOUTH,CHARMINAR,MIR ALAM,KISHANBAGH,2025-09-01,2025,9,1,1,1,1.0,False,0.0,5.0,0.0,0
HYDERABAD_SOUTH_KISHANBAGH,initial greater-Hyderabad study area,TGSPDCL,HYDERABAD SOUTH,CHARMINAR,MIR ALAM,KISHANBAGH,2025-10-01,2025,10,1,1,1,1.0,False,0.0,5.0,0.0,0
HYDERABAD_SOUTH_KISHANBAGH,initial greater-Hyderabad study area,TGSPDCL,HYDERABAD SOUTH,CHARMINAR,MIR ALAM,KISHANBAGH,2025-11-01,2025,11,1,1,1,1.0,False,0.0,5.0,0.0,0
HYDERABAD_SOUTH_KISHANBAGH,initial greater-Hyderabad study area,TGSPDCL,HYDERABAD SOUTH,CHARMINAR,MIR ALAM,KISHANBAGH,2025-12-01,2025,12,1,1,1,1.0,False,0.0,5.0,0.0,0
HYDERABAD_SOUTH_KISHANBAGH,initial greater-Hyderabad study area,TGSPDCL,HYDERABAD SOUTH,CHARMINAR,MIR ALAM,KISHANBAGH,2026-01-01,2026,1,1,1,1,1.0,False,0.0,5.0,0.0,0
HYDERABAD_SOUTH_KISHANBAGH,initial greater-Hyderabad study area,TGSPDCL,HYDERABAD SOUTH,CHARMINAR,MIR ALAM,KISHANBAGH,2026-02-01,2026,2,1,1,1,1.0,False,0.0,5.0,0.0,0
HYDERABAD_SOUTH_KISHANBAGH,initial greater-Hyderabad study area,TGSPDCL,HYDERABAD SOUTH,CHARMINAR,MIR ALAM,KISHANBAGH,2026-03-01,2026,3,1,1,1,1.0,False,0.0,5.0,0.0,0
HYDERABAD_SOUTH_KISHANBAGH,initial greater-Hyderabad study area,TGSPDCL,HYDERABAD SOUTH,CHARMINAR,MIR ALAM,KISHANBAGH,2026-04-01,2026,4,2,2,2,1.0,True,0.0,15.0,0.0,0
HYDERABAD_SOUTH_KISHANBAGH,initial greater-Hyderabad study area,TGSPDCL,HYDERABAD SOUTH,CHARMINAR,MIR ALAM,KISHANBAGH,2026-05-01,2026,5,2,1,2,2.0,False,2.0,15.0,1.0,0
HYDERABAD_SOUTH_KISHANBAGH,initial greater-Hyderabad study area,TGSPDCL,HYDERABAD SOUTH,CHARMINAR,MIR ALAM,KISHANBAGH,2026-06-01,2026,6,2,1,2,2.0,False,9.0,15.0,4.5,0
HYDERABAD_SOUTH_KISHANBAGH,initial greater-Hyderabad study area,TGSPDCL,HYDERABAD SOUTH,CHARMINAR,MIR ALAM,KISHANBAGH,2026-07-01,2026,7,2,1,2,2.0,False,2727.0,15.0,1363.5,0
HYDERABAD_SOUTH_KISHANBAGH,initial greater-Hyderabad study area,TGSPDCL,HYDERABAD SOUTH,CHARMINAR,MIR ALAM,KISHANBAGH,2026-08-01,2026,8,3,2,3,2.0,True,3759.0,25.0,1253.0,0
HYDERABAD_SOUTH_MOGHAL_PURA,initial greater-Hyderabad study area,TGSPDCL,HYDERABAD SOUTH,CHARMINAR,CHARMINAR,MOGHAL PURA,2023-06-01,2023,6,1,0,1,1.0,False,157.0,10.0,157.0,0
HYDERABAD_SOUTH_MOGHAL_PURA,initial greater-Hyderabad study area,TGSPDCL,HYDERABAD SOUTH,CHARMINAR,CHARMINAR,MOGHAL PURA,2023-07-01,2023,7,1,0,1,1.0,False,523.0,10.0,523.0,0
HYDERABAD_SOUTH_MOGHAL_PURA,initial greater-Hyderabad study area,TGSPDCL,HYDERABAD SOUTH,CHARMINAR,CHARMINAR,MOGHAL PURA,2023-08-01,2023,8,1,0,1,1.0,False,1056.0,10.0,1056.0,0
HYDERABAD_SOUTH_MOGHAL_PURA,initial greater-Hyderabad study area,TGSPDCL,HYDERABAD SOUTH,CHARMINAR,CHARMINAR,MOGHAL PURA,2023-09-01,2023,9,1,0,1,1.0,False,895.0,10.0,895.0,0
HYDERABAD_SOUTH_MOGHAL_PURA,initial greater-Hyderabad study area,TGSPDCL,HYDERABAD SOUTH,CHARMINAR,CHARMINAR,MOGHAL PURA,2023-10-01,2023,10,1,0,1,1.0,False,1115.0,10.0,1115.0,0
HYDERABAD_SOUTH_MOGHAL_PURA,initial greater-Hyderabad study area,TGSPDCL,HYDERABAD SOUTH,CHARMINAR,CHARMINAR,MOGHAL PURA,2023-11-01,2023,11,1,0,1,1.0,False,1959.0,10.0,1959.0,0
HYDERABAD_SOUTH_MOGHAL_PURA,initial greater-Hyderabad study area,TGSPDCL,HYDERABAD SOUTH,CHARMINAR,CHARMINAR,MOGHAL PURA,2023-12-01,2023,12,1,0,1,1.0,False,1431.0,10.0,1431.0,0
HYDERABAD_SOUTH_MOGHAL_PURA,initial greater-Hyderabad study area,TGSPDCL,HYDERABAD SOUTH,CHARMINAR,CHARMINAR,MOGHAL PURA,2024-01-01,2024,1,1,0,1,1.0,False,1738.0,10.0,1738.0,0
HYDERABAD_SOUTH_MOGHAL_PURA,initial greater-Hyderabad study area,TGSPDCL,HYDERABAD SOUTH,CHARMINAR,CHARMINAR,MOGHAL PURA,2024-02-01,2024,2,1,0,1,1.0,False,1710.0,10.0,1710.0,0
HYDERABAD_SOUTH_MOGHAL_PURA,initial greater-Hyderabad study area,TGSPDCL,HYDERABAD SOUTH,CHARMINAR,CHARMINAR,MOGHAL PURA,2024-03-01,2024,3,1,0,1,1.0,False,1876.0,10.0,1876.0,0
HYDERABAD_SOUTH_MOGHAL_PURA,initial greater-Hyderabad study area,TGSPDCL,HYDERABAD SOUTH,CHARMINAR,CHARMINAR,MOGHAL PURA,2024-04-01,2024,4,1,0,1,1.0,False,1803.0,10.0,1803.0,0
HYDERABAD_SOUTH_MOGHAL_PURA,initial greater-Hyderabad study area,TGSPDCL,HYDERABAD SOUTH,CHARMINAR,CHARMINAR,MOGHAL PURA,2024-05-01,2024,5,1,0,1,1.0,False,2070.0,10.0,2070.0,0
HYDERABAD_SOUTH_MOGHAL_PURA,initial greater-Hyderabad study area,TGSPDCL,HYDERABAD SOUTH,CHARMINAR,CHARMINAR,MOGHAL PURA,2024-06-01,2024,6,1,0,1,1.0,False,1975.0,10.0,1975.0,0
HYDERABAD_SOUTH_MOGHAL_PURA,initial greater-Hyderabad study area,TGSPDCL,HYDERABAD SOUTH,CHARMINAR,CHARMINAR,MOGHAL PURA,2024-07-01,2024,7,1,0,1,1.0,False,1621.0,10.0,1621.0,0
HYDERABAD_SOUTH_MOGHAL_PURA,initial greater-Hyderabad study area,TGSPDCL,HYDERABAD SOUTH,CHARMINAR,CHARMINAR,MOGHAL PURA,2024-08-01,2024,8,1,0,1,1.0,False,2436.0,10.0,2436.0,0
HYDERABAD_SOUTH_MOGHAL_PURA,initial greater-Hyderabad study area,TGSPDCL,HYDERABAD SOUTH,CHARMINAR,CHARMINAR,MOGHAL PURA,2024-09-01,2024,9,1,0,1,1.0,False,2710.0,10.0,2710.0,0
HYDERABAD_SOUTH_MOGHAL_PURA,initial greater-Hyderabad study area,TGSPDCL,HYDERABAD SOUTH,CHARMINAR,CHARMINAR,MOGHAL PURA,2024-10-01,2024,10,1,0,1,1.0,False,2653.0,10.0,2653.0,0
HYDERABAD_SOUTH_MOGHAL_PURA,initial greater-Hyderabad study area,TGSPDCL,HYDERABAD SOUTH,CHARMINAR,CHARMINAR,MOGHAL PURA,2024-11-01,2024,11,1,0,1,1.0,False,3231.0,10.0,3231.0,0
HYDERABAD_SOUTH_MOGHAL_PURA,initial greater-Hyderabad study area,TGSPDCL,HYDERABAD SOUTH,CHARMINAR,CHARMINAR,MOGHAL PURA,2024-12-01,2024,12,1,0,1,1.0,False,2271.0,10.0,2271.0,0
HYDERABAD_SOUTH_MOGHAL_PURA,initial greater-Hyderabad study area,TGSPDCL,HYDERABAD SOUTH,CHARMINAR,CHARMINAR,MOGHAL PURA,2025-01-01,2025,1,1,0,1,1.0,False,3120.0,10.0,3120.0,0
HYDERABAD_SOUTH_MOGHAL_PURA,initial greater-Hyderabad study area,TGSPDCL,HYDERABAD SOUTH,CHARMINAR,CHARMINAR,MOGHAL PURA,2025-02-01,2025,2,1,0,1,1.0,False,3052.0,10.0,3052.0,0
HYDERABAD_SOUTH_MOGHAL_PURA,initial greater-Hyderabad study area,TGSPDCL,HYDERABAD SOUTH,CHARMINAR,CHARMINAR,MOGHAL PURA,2025-03-01,2025,3,1,0,1,1.0,False,3169.0,10.0,3169.0,0
HYDERABAD_SOUTH_MOGHAL_PURA,initial greater-Hyderabad study area,TGSPDCL,HYDERABAD SOUTH,CHARMINAR,CHARMINAR,MOGHAL PURA,2025-04-01,2025,4,1,0,1,1.0,False,3191.0,10.0,3191.0,0
HYDERABAD_SOUTH_MOGHAL_PURA,initial greater-Hyderabad study area,TGSPDCL,HYDERABAD SOUTH,CHARMINAR,CHARMINAR,MOGHAL PURA,2025-05-01,2025,5,1,0,1,1.0,False,2820.0,10.0,2820.0,0
HYDERABAD_SOUTH_MOGHAL_PURA,initial greater-Hyderabad study area,TGSPDCL,HYDERABAD SOUTH,CHARMINAR,CHARMINAR,MOGHAL PURA,2025-06-01,2025,6,1,0,1,1.0,False,3112.0,10.0,3112.0,0
HYDERABAD_SOUTH_MOGHAL_PURA,initial greater-Hyderabad study area,TGSPDCL,HYDERABAD SOUTH,CHARMINAR,CHARMINAR,MOGHAL PURA,2025-07-01,2025,7,1,0,1,1.0,False,2889.0,10.0,2889.0,0
HYDERABAD_SOUTH_MOGHAL_PURA,initial greater-Hyderabad study area,TGSPDCL,HYDERABAD SOUTH,CHARMINAR,CHARMINAR,MOGHAL PURA,2025-08-01,2025,8,1,0,1,1.0,False,2216.0,10.0,2216.0,0
HYDERABAD_SOUTH_MOGHAL_PURA,initial greater-Hyderabad study area,TGSPDCL,HYDERABAD SOUTH,CHARMINAR,CHARMINAR,MOGHAL PURA,2025-09-01,2025,9,1,0,1,1.0,False,2908.0,10.0,2908.0,0
HYDERABAD_SOUTH_MOGHAL_PURA,initial greater-Hyderabad study area,TGSPDCL,HYDERABAD SOUTH,CHARMINAR,CHARMINAR,MOGHAL PURA,2025-10-01,2025,10,1,0,1,1.0,False,2233.0,10.0,2233.0,0
HYDERABAD_SOUTH_MOGHAL_PURA,initial greater-Hyderabad study area,TGSPDCL,HYDERABAD SOUTH,CHARMINAR,CHARMINAR,MOGHAL PURA,2025-11-01,2025,11,1,0,1,1.0,False,2204.0,10.0,2204.0,0
HYDERABAD_SOUTH_MOGHAL_PURA,initial greater-Hyderabad study area,TGSPDCL,HYDERABAD SOUTH,CHARMINAR,CHARMINAR,MOGHAL PURA,2025-12-01,2025,12,1,0,1,1.0,False,1957.0,10.0,1957.0,0
HYDERABAD_SOUTH_MOGHAL_PURA,initial greater-Hyderabad study area,TGSPDCL,HYDERABAD SOUTH,CHARMINAR,CHARMINAR,MOGHAL PURA,2026-01-01,2026,1,1,0,1,1.0,False,2325.0,10.0,2325.0,0
HYDERABAD_SOUTH_MOGHAL_PURA,initial greater-Hyderabad study area,TGSPDCL,HYDERABAD SOUTH,CHARMINAR,CHARMINAR,MOGHAL PURA,2026-02-01,2026,2,1,0,1,1.0,False,2223.0,10.0,2223.0,0
HYDERABAD_SOUTH_MOGHAL_PURA,initial greater-Hyderabad study area,TGSPDCL,HYDERABAD SOUTH,CHARMINAR,CHARMINAR,MOGHAL PURA,2026-03-01,2026,3,1,0,1,1.0,False,1969.0,10.0,1969.0,0
HYDERABAD_SOUTH_MOGHAL_PURA,initial greater-Hyderabad study area,TGSPDCL,HYDERABAD SOUTH,CHARMINAR,CHARMINAR,MOGHAL PURA,2026-04-01,2026,4,1,0,1,1.0,False,2464.0,10.0,2464.0,0
HYDERABAD_SOUTH_MOGHAL_PURA,initial greater-Hyderabad study area,TGSPDCL,HYDERABAD SOUTH,CHARMINAR,CHARMINAR,MOGHAL PURA,2026-05-01,2026,5,1,0,1,1.0,False,3688.0,10.0,3688.0,0
HYDERABAD_SOUTH_MOGHAL_PURA,initial greater-Hyderabad study area,TGSPDCL,HYDERABAD SOUTH,CHARMINAR,CHARMINAR,MOGHAL PURA,2026-06-01,2026,6,1,0,1,1.0,False,3351.0,10.0,3351.0,0
HYDERABAD_SOUTH_MOGHAL_PURA,initial greater-Hyderabad study area,TGSPDCL,HYDERABAD SOUTH,CHARMINAR,CHARMINAR,MOGHAL PURA,2026-07-01,2026,7,1,0,1,1.0,False,2654.0,10.0,2654.0,0
HYDERABAD_SOUTH_MOGHAL_PURA,initial greater-Hyderabad study area,TGSPDCL,HYDERABAD SOUTH,CHARMINAR,CHARMINAR,MOGHAL PURA,2026-08-01,2026,8,1,0,1,1.0,False,2281.0,10.0,2281.0,0
HYDERABAD_SOUTH_PUTLI_BOWLI,initial greater-Hyderabad study area,TGSPDCL,HYDERABAD SOUTH,BEGUM BAZAR,TROOP BAZAR,PUTLI BOWLI,2023-09-01,2023,9,1,1,1,,True,0.0,54.0,0.0,0
HYDERABAD_SOUTH_PUTLI_BOWLI,initial greater-Hyderabad study area,TGSPDCL,HYDERABAD SOUTH,BEGUM BAZAR,TROOP BAZAR,PUTLI BOWLI,2023-10-01,2023,10,1,1,1,1.0,False,0.0,54.0,0.0,0
HYDERABAD_SOUTH_PUTLI_BOWLI,initial greater-Hyderabad study area,TGSPDCL,HYDERABAD SOUTH,BEGUM BAZAR,TROOP BAZAR,PUTLI BOWLI,2023-11-01,2023,11,1,1,1,1.0,False,0.0,54.0,0.0,0
HYDERABAD_SOUTH_PUTLI_BOWLI,initial greater-Hyderabad study area,TGSPDCL,HYDERABAD SOUTH,BEGUM BAZAR,TROOP BAZAR,PUTLI BOWLI,2023-12-01,2023,12,1,1,1,1.0,False,0.0,54.0,0.0,0
HYDERABAD_SOUTH_PUTLI_BOWLI,initial greater-Hyderabad study area,TGSPDCL,HYDERABAD SOUTH,BEGUM BAZAR,TROOP BAZAR,PUTLI BOWLI,2024-01-01,2024,1,1,1,1,1.0,False,0.0,54.0,0.0,0
HYDERABAD_SOUTH_PUTLI_BOWLI,initial greater-Hyderabad study area,TGSPDCL,HYDERABAD SOUTH,BEGUM BAZAR,TROOP BAZAR,PUTLI BOWLI,2024-02-01,2024,2,1,0,1,1.0,False,109.0,54.0,109.0,0
HYDERABAD_SOUTH_PUTLI_BOWLI,initial greater-Hyderabad study area,TGSPDCL,HYDERABAD SOUTH,BEGUM BAZAR,TROOP BAZAR,PUTLI BOWLI,2024-03-01,2024,3,1,0,1,1.0,False,191.0,54.0,191.0,0
HYDERABAD_SOUTH_PUTLI_BOWLI,initial greater-Hyderabad study area,TGSPDCL,HYDERABAD SOUTH,BEGUM BAZAR,TROOP BAZAR,PUTLI BOWLI,2024-04-01,2024,4,1,0,1,1.0,False,1547.0,54.0,1547.0,0
HYDERABAD_SOUTH_PUTLI_BOWLI,initial greater-Hyderabad study area,TGSPDCL,HYDERABAD SOUTH,BEGUM BAZAR,TROOP BAZAR,PUTLI BOWLI,2024-05-01,2024,5,1,0,1,1.0,False,1752.0,54.0,1752.0,0
HYDERABAD_SOUTH_PUTLI_BOWLI,initial greater-Hyderabad study area,TGSPDCL,HYDERABAD SOUTH,BEGUM BAZAR,TROOP BAZAR,PUTLI BOWLI,2024-06-01,2024,6,1,0,1,1.0,False,2736.0,54.0,2736.0,0
HYDERABAD_SOUTH_PUTLI_BOWLI,initial greater-Hyderabad study area,TGSPDCL,HYDERABAD SOUTH,BEGUM BAZAR,TROOP BAZAR,PUTLI BOWLI,2024-07-01,2024,7,1,0,1,1.0,False,1366.0,54.0,1366.0,0
HYDERABAD_SOUTH_PUTLI_BOWLI,initial greater-Hyderabad study area,TGSPDCL,HYDERABAD SOUTH,BEGUM BAZAR,TROOP BAZAR,PUTLI BOWLI,2024-08-01,2024,8,1,0,1,1.0,False,3547.0,54.0,3547.0,0
HYDERABAD_SOUTH_PUTLI_BOWLI,initial greater-Hyderabad study area,TGSPDCL,HYDERABAD SOUTH,BEGUM BAZAR,TROOP BAZAR,PUTLI BOWLI,2024-09-01,2024,9,1,0,1,1.0,False,226.0,54.0,226.0,0
HYDERABAD_SOUTH_PUTLI_BOWLI,initial greater-Hyderabad study area,TGSPDCL,HYDERABAD SOUTH,BEGUM BAZAR,TROOP BAZAR,PUTLI BOWLI,2024-10-01,2024,10,1,0,1,1.0,False,955.0,54.0,955.0,0
HYDERABAD_SOUTH_PUTLI_BOWLI,initial greater-Hyderabad study area,TGSPDCL,HYDERABAD SOUTH,BEGUM BAZAR,TROOP BAZAR,PUTLI BOWLI,2024-11-01,2024,11,1,0,1,1.0,False,1291.0,54.0,1291.0,0
HYDERABAD_SOUTH_PUTLI_BOWLI,initial greater-Hyderabad study area,TGSPDCL,HYDERABAD SOUTH,BEGUM BAZAR,TROOP BAZAR,PUTLI BOWLI,2024-12-01,2024,12,1,0,1,1.0,False,685.0,54.0,685.0,0
HYDERABAD_SOUTH_PUTLI_BOWLI,initial greater-Hyderabad study area,TGSPDCL,HYDERABAD SOUTH,BEGUM BAZAR,TROOP BAZAR,PUTLI BOWLI,2025-01-01,2025,1,1,0,1,1.0,False,158.0,54.0,158.0,0
HYDERABAD_SOUTH_PUTLI_BOWLI,initial greater-Hyderabad study area,TGSPDCL,HYDERABAD SOUTH,BEGUM BAZAR,TROOP BAZAR,PUTLI BOWLI,2025-02-01,2025,2,1,1,1,1.0,False,0.0,54.0,0.0,0
HYDERABAD_SOUTH_PUTLI_BOWLI,initial greater-Hyderabad study area,TGSPDCL,HYDERABAD SOUTH,BEGUM BAZAR,TROOP BAZAR,PUTLI BOWLI,2025-03-01,2025,3,1,1,1,1.0,False,0.0,54.0,0.0,0
HYDERABAD_SOUTH_PUTLI_BOWLI,initial greater-Hyderabad study area,TGSPDCL,HYDERABAD SOUTH,BEGUM BAZAR,TROOP BAZAR,PUTLI BOWLI,2025-04-01,2025,4,1,1,1,1.0,False,0.0,54.0,0.0,0
HYDERABAD_SOUTH_PUTLI_BOWLI,initial greater-Hyderabad study area,TGSPDCL,HYDERABAD SOUTH,BEGUM BAZAR,TROOP BAZAR,PUTLI BOWLI,2025-05-01,2025,5,1,1,1,1.0,False,0.0,54.0,0.0,0
HYDERABAD_SOUTH_PUTLI_BOWLI,initial greater-Hyderabad study area,TGSPDCL,HYDERABAD SOUTH,BEGUM BAZAR,TROOP BAZAR,PUTLI BOWLI,2025-06-01,2025,6,1,1,1,1.0,False,0.0,54.0,0.0,0
HYDERABAD_SOUTH_PUTLI_BOWLI,initial greater-Hyderabad study area,TGSPDCL,HYDERABAD SOUTH,BEGUM BAZAR,TROOP BAZAR,PUTLI BOWLI,2025-07-01,2025,7,1,1,1,1.0,False,0.0,54.0,0.0,0
HYDERABAD_SOUTH_PUTLI_BOWLI,initial greater-Hyderabad study area,TGSPDCL,HYDERABAD SOUTH,BEGUM BAZAR,TROOP BAZAR,PUTLI BOWLI,2025-08-01,2025,8,1,1,1,1.0,False,0.0,54.0,0.0,0
HYDERABAD_SOUTH_PUTLI_BOWLI,initial greater-Hyderabad study area,TGSPDCL,HYDERABAD SOUTH,BEGUM BAZAR,TROOP BAZAR,PUTLI BOWLI,2025-09-01,2025,9,1,1,1,1.0,False,0.0,54.0,0.0,0
HYDERABAD_SOUTH_PUTLI_BOWLI,initial greater-Hyderabad study area,TGSPDCL,HYDERABAD SOUTH,BEGUM BAZAR,TROOP BAZAR,PUTLI BOWLI,2025-10-01,2025,10,1,1,1,1.0,False,0.0,54.0,0.0,0
HYDERABAD_SOUTH_PUTLI_BOWLI,initial greater-Hyderabad study area,TGSPDCL,HYDERABAD SOUTH,BEGUM BAZAR,TROOP BAZAR,PUTLI BOWLI,2025-11-01,2025,11,1,1,1,1.0,False,0.0,54.0,0.0,0
HYDERABAD_SOUTH_PUTLI_BOWLI,initial greater-Hyderabad study area,TGSPDCL,HYDERABAD SOUTH,BEGUM BAZAR,TROOP BAZAR,PUTLI BOWLI,2025-12-01,2025,12,1,1,1,1.0,False,0.0,54.0,0.0,0
HYDERABAD_SOUTH_PUTLI_BOWLI,initial greater-Hyderabad study area,TGSPDCL,HYDERABAD SOUTH,BEGUM BAZAR,TROOP BAZAR,PUTLI BOWLI,2026-01-01,2026,1,1,1,1,1.0,False,0.0,54.0,0.0,0
HYDERABAD_SOUTH_PUTLI_BOWLI,initial greater-Hyderabad study area,TGSPDCL,HYDERABAD SOUTH,BEGUM BAZAR,TROOP BAZAR,PUTLI BOWLI,2026-02-01,2026,2,1,1,1,1.0,False,0.0,54.0,0.0,0
HYDERABAD_SOUTH_PUTLI_BOWLI,initial greater-Hyderabad study area,TGSPDCL,HYDERABAD SOUTH,BEGUM BAZAR,TROOP BAZAR,PUTLI BOWLI,2026-03-01,2026,3,1,1,1,1.0,False,0.0,54.0,0.0,0
HYDERABAD_SOUTH_PUTLI_BOWLI,initial greater-Hyderabad study area,TGSPDCL,HYDERABAD SOUTH,BEGUM BAZAR,TROOP BAZAR,PUTLI BOWLI,2026-04-01,2026,4,1,1,1,1.0,False,0.0,54.0,0.0,0
HYDERABAD_SOUTH_PUTLI_BOWLI,initial greater-Hyderabad study area,TGSPDCL,HYDERABAD SOUTH,BEGUM BAZAR,TROOP BAZAR,PUTLI BOWLI,2026-05-01,2026,5,1,1,1,1.0,False,0.0,54.0,0.0,0
HYDERABAD_SOUTH_PUTLI_BOWLI,initial greater-Hyderabad study area,TGSPDCL,HYDERABAD SOUTH,BEGUM BAZAR,TROOP BAZAR,PUTLI BOWLI,2026-06-01,2026,6,1,1,1,1.0,False,0.0,54.0,0.0,0
HYDERABAD_SOUTH_PUTLI_BOWLI,initial greater-Hyderabad study area,TGSPDCL,HYDERABAD SOUTH,BEGUM BAZAR,TROOP BAZAR,PUTLI BOWLI,2026-07-01,2026,7,1,1,1,1.0,False,0.0,54.0,0.0,0
HYDERABAD_SOUTH_PUTLI_BOWLI,initial greater-Hyderabad study area,TGSPDCL,HYDERABAD SOUTH,BEGUM BAZAR,TROOP BAZAR,PUTLI BOWLI,2026-08-01,2026,8,1,1,1,1.0,False,0.0,54.0,0.0,0
HYDERABAD_SOUTH_SAIDABAD,initial greater-Hyderabad study area,TGSPDCL,HYDERABAD SOUTH,ASMANGADH,ASMANGADH,SAIDABAD,2025-03-01,2025,3,1,1,1,,True,0.0,50.0,0.0,0
HYDERABAD_SOUTH_SAIDABAD,initial greater-Hyderabad study area,TGSPDCL,HYDERABAD SOUTH,ASMANGADH,ASMANGADH,SAIDABAD,2025-04-01,2025,4,1,0,1,1.0,False,15.0,50.0,15.0,0
HYDERABAD_SOUTH_SAIDABAD,initial greater-Hyderabad study area,TGSPDCL,HYDERABAD SOUTH,ASMANGADH,ASMANGADH,SAIDABAD,2025-05-01,2025,5,1,0,1,1.0,False,828.0,50.0,828.0,0
HYDERABAD_SOUTH_SAIDABAD,initial greater-Hyderabad study area,TGSPDCL,HYDERABAD SOUTH,ASMANGADH,ASMANGADH,SAIDABAD,2025-06-01,2025,6,1,0,1,1.0,False,979.0,50.0,979.0,0
HYDERABAD_SOUTH_SAIDABAD,initial greater-Hyderabad study area,TGSPDCL,HYDERABAD SOUTH,ASMANGADH,ASMANGADH,SAIDABAD,2025-07-01,2025,7,1,0,1,1.0,False,1779.0,50.0,1779.0,0
HYDERABAD_SOUTH_SAIDABAD,initial greater-Hyderabad study area,TGSPDCL,HYDERABAD SOUTH,ASMANGADH,ASMANGADH,SAIDABAD,2025-08-01,2025,8,1,0,1,1.0,False,2698.0,50.0,2698.0,0
HYDERABAD_SOUTH_SAIDABAD,initial greater-Hyderabad study area,TGSPDCL,HYDERABAD SOUTH,ASMANGADH,ASMANGADH,SAIDABAD,2025-09-01,2025,9,1,0,1,1.0,False,3972.0,50.0,3972.0,0
HYDERABAD_SOUTH_SAIDABAD,initial greater-Hyderabad study area,TGSPDCL,HYDERABAD SOUTH,ASMANGADH,ASMANGADH,SAIDABAD,2025-10-01,2025,10,1,0,1,1.0,False,6634.0,50.0,6634.0,0
HYDERABAD_SOUTH_SAIDABAD,initial greater-Hyderabad study area,TGSPDCL,HYDERABAD SOUTH,ASMANGADH,ASMANGADH,SAIDABAD,2025-11-01,2025,11,1,0,1,1.0,False,6589.0,50.0,6589.0,0
HYDERABAD_SOUTH_SAIDABAD,initial greater-Hyderabad study area,TGSPDCL,HYDERABAD SOUTH,ASMANGADH,ASMANGADH,SAIDABAD,2025-12-01,2025,12,1,0,1,1.0,False,5839.0,50.0,5839.0,0
HYDERABAD_SOUTH_SAIDABAD,initial greater-Hyderabad study area,TGSPDCL,HYDERABAD SOUTH,ASMANGADH,ASMANGADH,SAIDABAD,2026-01-01,2026,1,1,0,1,1.0,False,5963.0,50.0,5963.0,0
HYDERABAD_SOUTH_SAIDABAD,initial greater-Hyderabad study area,TGSPDCL,HYDERABAD SOUTH,ASMANGADH,ASMANGADH,SAIDABAD,2026-02-01,2026,2,1,0,1,1.0,False,6657.0,50.0,6657.0,0
HYDERABAD_SOUTH_SAIDABAD,initial greater-Hyderabad study area,TGSPDCL,HYDERABAD SOUTH,ASMANGADH,ASMANGADH,SAIDABAD,2026-03-01,2026,3,1,0,1,1.0,False,6077.0,50.0,6077.0,0
HYDERABAD_SOUTH_SAIDABAD,initial greater-Hyderabad study area,TGSPDCL,HYDERABAD SOUTH,ASMANGADH,ASMANGADH,SAIDABAD,2026-04-01,2026,4,1,0,1,1.0,False,5840.0,50.0,5840.0,0
HYDERABAD_SOUTH_SAIDABAD,initial greater-Hyderabad study area,TGSPDCL,HYDERABAD SOUTH,ASMANGADH,ASMANGADH,SAIDABAD,2026-05-01,2026,5,1,0,1,1.0,False,11450.0,50.0,11450.0,0
HYDERABAD_SOUTH_SAIDABAD,initial greater-Hyderabad study area,TGSPDCL,HYDERABAD SOUTH,ASMANGADH,ASMANGADH,SAIDABAD,2026-06-01,2026,6,1,0,1,1.0,False,19103.0,50.0,19103.0,0
HYDERABAD_SOUTH_SAIDABAD,initial greater-Hyderabad study area,TGSPDCL,HYDERABAD SOUTH,ASMANGADH,ASMANGADH,SAIDABAD,2026-07-01,2026,7,1,0,1,1.0,False,18477.0,50.0,18477.0,0
HYDERABAD_SOUTH_SAIDABAD,initial greater-Hyderabad study area,TGSPDCL,HYDERABAD SOUTH,ASMANGADH,ASMANGADH,SAIDABAD,2026-08-01,2026,8,1,0,1,1.0,False,19356.0,50.0,19356.0,0
HYDERABAD_SOUTH_SANTOSHNAGAR,initial greater-Hyderabad study area,TGSPDCL,HYDERABAD SOUTH,ASMANGADH,SANTOSH NAGAR,SANTOSHNAGAR,2024-02-01,2024,2,1,1,1,,True,0.0,54.0,0.0,0
HYDERABAD_SOUTH_SANTOSHNAGAR,initial greater-Hyderabad study area,TGSPDCL,HYDERABAD SOUTH,ASMANGADH,SANTOSH NAGAR,SANTOSHNAGAR,2024-03-01,2024,3,1,0,1,1.0,False,13.0,54.0,13.0,0
HYDERABAD_SOUTH_SANTOSHNAGAR,initial greater-Hyderabad study area,TGSPDCL,HYDERABAD SOUTH,ASMANGADH,SANTOSH NAGAR,SANTOSHNAGAR,2024-04-01,2024,4,1,1,1,1.0,False,0.0,54.0,0.0,0
HYDERABAD_SOUTH_SANTOSHNAGAR,initial greater-Hyderabad study area,TGSPDCL,HYDERABAD SOUTH,ASMANGADH,SANTOSH NAGAR,SANTOSHNAGAR,2024-05-01,2024,5,1,1,1,1.0,False,0.0,54.0,0.0,0
HYDERABAD_SOUTH_SANTOSHNAGAR,initial greater-Hyderabad study area,TGSPDCL,HYDERABAD SOUTH,ASMANGADH,SANTOSH NAGAR,SANTOSHNAGAR,2024-06-01,2024,6,1,1,1,1.0,False,0.0,54.0,0.0,0
HYDERABAD_SOUTH_SANTOSHNAGAR,initial greater-Hyderabad study area,TGSPDCL,HYDERABAD SOUTH,ASMANGADH,SANTOSH NAGAR,SANTOSHNAGAR,2024-07-01,2024,7,1,1,1,1.0,False,0.0,54.0,0.0,0
HYDERABAD_SOUTH_SANTOSHNAGAR,initial greater-Hyderabad study area,TGSPDCL,HYDERABAD SOUTH,ASMANGADH,SANTOSH NAGAR,SANTOSHNAGAR,2024-08-01,2024,8,1,0,1,1.0,False,714.0,54.0,714.0,0
HYDERABAD_SOUTH_SANTOSHNAGAR,initial greater-Hyderabad study area,TGSPDCL,HYDERABAD SOUTH,ASMANGADH,SANTOSH NAGAR,SANTOSHNAGAR,2024-09-01,2024,9,1,0,1,1.0,False,414.0,54.0,414.0,0
HYDERABAD_SOUTH_SANTOSHNAGAR,initial greater-Hyderabad study area,TGSPDCL,HYDERABAD SOUTH,ASMANGADH,SANTOSH NAGAR,SANTOSHNAGAR,2024-10-01,2024,10,1,0,1,1.0,False,217.0,54.0,217.0,0
HYDERABAD_SOUTH_SANTOSHNAGAR,initial greater-Hyderabad study area,TGSPDCL,HYDERABAD SOUTH,ASMANGADH,SANTOSH NAGAR,SANTOSHNAGAR,2024-11-01,2024,11,1,0,1,1.0,False,257.0,54.0,257.0,0
HYDERABAD_SOUTH_SANTOSHNAGAR,initial greater-Hyderabad study area,TGSPDCL,HYDERABAD SOUTH,ASMANGADH,SANTOSH NAGAR,SANTOSHNAGAR,2024-12-01,2024,12,1,0,1,1.0,False,232.0,54.0,232.0,0
HYDERABAD_SOUTH_SANTOSHNAGAR,initial greater-Hyderabad study area,TGSPDCL,HYDERABAD SOUTH,ASMANGADH,SANTOSH NAGAR,SANTOSHNAGAR,2025-01-01,2025,1,1,0,1,1.0,False,356.0,54.0,356.0,0
HYDERABAD_SOUTH_SANTOSHNAGAR,initial greater-Hyderabad study area,TGSPDCL,HYDERABAD SOUTH,ASMANGADH,SANTOSH NAGAR,SANTOSHNAGAR,2025-02-01,2025,2,1,0,1,1.0,False,420.0,54.0,420.0,0
HYDERABAD_SOUTH_SANTOSHNAGAR,initial greater-Hyderabad study area,TGSPDCL,HYDERABAD SOUTH,ASMANGADH,SANTOSH NAGAR,SANTOSHNAGAR,2025-03-01,2025,3,1,0,1,1.0,False,373.0,54.0,373.0,0
HYDERABAD_SOUTH_SANTOSHNAGAR,initial greater-Hyderabad study area,TGSPDCL,HYDERABAD SOUTH,ASMANGADH,SANTOSH NAGAR,SANTOSHNAGAR,2025-04-01,2025,4,1,0,1,1.0,False,860.0,54.0,860.0,0
HYDERABAD_SOUTH_SANTOSHNAGAR,initial greater-Hyderabad study area,TGSPDCL,HYDERABAD SOUTH,ASMANGADH,SANTOSH NAGAR,SANTOSHNAGAR,2025-05-01,2025,5,1,0,1,1.0,False,1720.0,54.0,1720.0,0
HYDERABAD_SOUTH_SANTOSHNAGAR,initial greater-Hyderabad study area,TGSPDCL,HYDERABAD SOUTH,ASMANGADH,SANTOSH NAGAR,SANTOSHNAGAR,2025-06-01,2025,6,1,0,1,1.0,False,1046.0,54.0,1046.0,0
HYDERABAD_SOUTH_SANTOSHNAGAR,initial greater-Hyderabad study area,TGSPDCL,HYDERABAD SOUTH,ASMANGADH,SANTOSH NAGAR,SANTOSHNAGAR,2025-07-01,2025,7,1,0,1,1.0,False,2.0,54.0,2.0,0
HYDERABAD_SOUTH_SANTOSHNAGAR,initial greater-Hyderabad study area,TGSPDCL,HYDERABAD SOUTH,ASMANGADH,SANTOSH NAGAR,SANTOSHNAGAR,2025-08-01,2025,8,1,0,1,1.0,False,43.0,54.0,43.0,0
HYDERABAD_SOUTH_SANTOSHNAGAR,initial greater-Hyderabad study area,TGSPDCL,HYDERABAD SOUTH,ASMANGADH,SANTOSH NAGAR,SANTOSHNAGAR,2025-09-01,2025,9,1,0,1,1.0,False,279.0,54.0,279.0,0
HYDERABAD_SOUTH_SANTOSHNAGAR,initial greater-Hyderabad study area,TGSPDCL,HYDERABAD SOUTH,ASMANGADH,SANTOSH NAGAR,SANTOSHNAGAR,2025-10-01,2025,10,1,0,1,1.0,False,534.0,54.0,534.0,0
HYDERABAD_SOUTH_SANTOSHNAGAR,initial greater-Hyderabad study area,TGSPDCL,HYDERABAD SOUTH,ASMANGADH,SANTOSH NAGAR,SANTOSHNAGAR,2025-11-01,2025,11,1,0,1,1.0,False,194.0,54.0,194.0,0
HYDERABAD_SOUTH_SANTOSHNAGAR,initial greater-Hyderabad study area,TGSPDCL,HYDERABAD SOUTH,ASMANGADH,SANTOSH NAGAR,SANTOSHNAGAR,2025-12-01,2025,12,1,0,1,1.0,False,486.0,54.0,486.0,0
HYDERABAD_SOUTH_SANTOSHNAGAR,initial greater-Hyderabad study area,TGSPDCL,HYDERABAD SOUTH,ASMANGADH,SANTOSH NAGAR,SANTOSHNAGAR,2026-01-01,2026,1,1,0,1,1.0,False,554.0,54.0,554.0,0
HYDERABAD_SOUTH_SANTOSHNAGAR,initial greater-Hyderabad study area,TGSPDCL,HYDERABAD SOUTH,ASMANGADH,SANTOSH NAGAR,SANTOSHNAGAR,2026-02-01,2026,2,1,0,1,1.0,False,377.0,54.0,377.0,0
HYDERABAD_SOUTH_SANTOSHNAGAR,initial greater-Hyderabad study area,TGSPDCL,HYDERABAD SOUTH,ASMANGADH,SANTOSH NAGAR,SANTOSHNAGAR,2026-03-01,2026,3,1,0,1,1.0,False,166.0,54.0,166.0,0
HYDERABAD_SOUTH_SANTOSHNAGAR,initial greater-Hyderabad study area,TGSPDCL,HYDERABAD SOUTH,ASMANGADH,SANTOSH NAGAR,SANTOSHNAGAR,2026-04-01,2026,4,1,0,1,1.0,False,542.0,54.0,542.0,0
HYDERABAD_SOUTH_SANTOSHNAGAR,initial greater-Hyderabad study area,TGSPDCL,HYDERABAD SOUTH,ASMANGADH,SANTOSH NAGAR,SANTOSHNAGAR,2026-05-01,2026,5,1,0,1,1.0,False,2439.0,54.0,2439.0,0
HYDERABAD_SOUTH_SANTOSHNAGAR,initial greater-Hyderabad study area,TGSPDCL,HYDERABAD SOUTH,ASMANGADH,SANTOSH NAGAR,SANTOSHNAGAR,2026-06-01,2026,6,1,0,1,1.0,False,3250.0,54.0,3250.0,0
HYDERABAD_SOUTH_SANTOSHNAGAR,initial greater-Hyderabad study area,TGSPDCL,HYDERABAD SOUTH,ASMANGADH,SANTOSH NAGAR,SANTOSHNAGAR,2026-07-01,2026,7,1,0,1,1.0,False,4361.0,54.0,4361.0,0
HYDERABAD_SOUTH_SANTOSHNAGAR,initial greater-Hyderabad study area,TGSPDCL,HYDERABAD SOUTH,ASMANGADH,SANTOSH NAGAR,SANTOSHNAGAR,2026-08-01,2026,8,1,0,1,1.0,False,4483.0,54.0,4483.0,0
HYDERABAD_SOUTH_TROOP_BAZAR,initial greater-Hyderabad study area,TGSPDCL,HYDERABAD SOUTH,BEGUM BAZAR,TROOP BAZAR,TROOP BAZAR,2023-10-01,2023,10,1,1,1,,True,0.0,54.0,0.0,0
HYDERABAD_SOUTH_TROOP_BAZAR,initial greater-Hyderabad study area,TGSPDCL,HYDERABAD SOUTH,BEGUM BAZAR,TROOP BAZAR,TROOP BAZAR,2023-11-01,2023,11,1,1,1,1.0,False,0.0,54.0,0.0,0
HYDERABAD_SOUTH_TROOP_BAZAR,initial greater-Hyderabad study area,TGSPDCL,HYDERABAD SOUTH,BEGUM BAZAR,TROOP BAZAR,TROOP BAZAR,2023-12-01,2023,12,1,1,1,1.0,False,0.0,54.0,0.0,0
HYDERABAD_SOUTH_TROOP_BAZAR,initial greater-Hyderabad study area,TGSPDCL,HYDERABAD SOUTH,BEGUM BAZAR,TROOP BAZAR,TROOP BAZAR,2024-01-01,2024,1,1,0,1,1.0,False,1186.0,54.0,1186.0,0
HYDERABAD_SOUTH_TROOP_BAZAR,initial greater-Hyderabad study area,TGSPDCL,HYDERABAD SOUTH,BEGUM BAZAR,TROOP BAZAR,TROOP BAZAR,2024-02-01,2024,2,1,0,1,1.0,False,2659.0,54.0,2659.0,0
HYDERABAD_SOUTH_TROOP_BAZAR,initial greater-Hyderabad study area,TGSPDCL,HYDERABAD SOUTH,BEGUM BAZAR,TROOP BAZAR,TROOP BAZAR,2024-03-01,2024,3,1,0,1,1.0,False,3025.0,54.0,3025.0,0
HYDERABAD_SOUTH_TROOP_BAZAR,initial greater-Hyderabad study area,TGSPDCL,HYDERABAD SOUTH,BEGUM BAZAR,TROOP BAZAR,TROOP BAZAR,2024-04-01,2024,4,1,0,1,1.0,False,2433.0,54.0,2433.0,0
HYDERABAD_SOUTH_TROOP_BAZAR,initial greater-Hyderabad study area,TGSPDCL,HYDERABAD SOUTH,BEGUM BAZAR,TROOP BAZAR,TROOP BAZAR,2024-05-01,2024,5,1,0,1,1.0,False,158.0,54.0,158.0,0
HYDERABAD_SOUTH_TROOP_BAZAR,initial greater-Hyderabad study area,TGSPDCL,HYDERABAD SOUTH,BEGUM BAZAR,TROOP BAZAR,TROOP BAZAR,2024-06-01,2024,6,1,0,1,1.0,False,226.0,54.0,226.0,0
HYDERABAD_SOUTH_TROOP_BAZAR,initial greater-Hyderabad study area,TGSPDCL,HYDERABAD SOUTH,BEGUM BAZAR,TROOP BAZAR,TROOP BAZAR,2024-07-01,2024,7,1,0,1,1.0,False,1778.0,54.0,1778.0,0
HYDERABAD_SOUTH_TROOP_BAZAR,initial greater-Hyderabad study area,TGSPDCL,HYDERABAD SOUTH,BEGUM BAZAR,TROOP BAZAR,TROOP BAZAR,2024-08-01,2024,8,1,0,1,1.0,False,607.0,54.0,607.0,0
HYDERABAD_SOUTH_TROOP_BAZAR,initial greater-Hyderabad study area,TGSPDCL,HYDERABAD SOUTH,BEGUM BAZAR,TROOP BAZAR,TROOP BAZAR,2024-09-01,2024,9,1,0,1,1.0,False,2233.0,54.0,2233.0,0
HYDERABAD_SOUTH_TROOP_BAZAR,initial greater-Hyderabad study area,TGSPDCL,HYDERABAD SOUTH,BEGUM BAZAR,TROOP BAZAR,TROOP BAZAR,2024-10-01,2024,10,1,0,1,1.0,False,1038.0,54.0,1038.0,0
HYDERABAD_SOUTH_TROOP_BAZAR,initial greater-Hyderabad study area,TGSPDCL,HYDERABAD SOUTH,BEGUM BAZAR,TROOP BAZAR,TROOP BAZAR,2024-11-01,2024,11,1,0,1,1.0,False,1330.0,54.0,1330.0,0
HYDERABAD_SOUTH_TROOP_BAZAR,initial greater-Hyderabad study area,TGSPDCL,HYDERABAD SOUTH,BEGUM BAZAR,TROOP BAZAR,TROOP BAZAR,2024-12-01,2024,12,1,0,1,1.0,False,877.0,54.0,877.0,0
HYDERABAD_SOUTH_TROOP_BAZAR,initial greater-Hyderabad study area,TGSPDCL,HYDERABAD SOUTH,BEGUM BAZAR,TROOP BAZAR,TROOP BAZAR,2025-01-01,2025,1,1,0,1,1.0,False,688.0,54.0,688.0,0
HYDERABAD_SOUTH_TROOP_BAZAR,initial greater-Hyderabad study area,TGSPDCL,HYDERABAD SOUTH,BEGUM BAZAR,TROOP BAZAR,TROOP BAZAR,2025-02-01,2025,2,1,0,1,1.0,False,1392.0,54.0,1392.0,0
HYDERABAD_SOUTH_TROOP_BAZAR,initial greater-Hyderabad study area,TGSPDCL,HYDERABAD SOUTH,BEGUM BAZAR,TROOP BAZAR,TROOP BAZAR,2025-03-01,2025,3,1,0,1,1.0,False,1138.0,54.0,1138.0,0
HYDERABAD_SOUTH_TROOP_BAZAR,initial greater-Hyderabad study area,TGSPDCL,HYDERABAD SOUTH,BEGUM BAZAR,TROOP BAZAR,TROOP BAZAR,2025-04-01,2025,4,1,0,1,1.0,False,2006.0,54.0,2006.0,0
HYDERABAD_SOUTH_TROOP_BAZAR,initial greater-Hyderabad study area,TGSPDCL,HYDERABAD SOUTH,BEGUM BAZAR,TROOP BAZAR,TROOP BAZAR,2025-05-01,2025,5,1,0,1,1.0,False,2034.0,54.0,2034.0,0
HYDERABAD_SOUTH_TROOP_BAZAR,initial greater-Hyderabad study area,TGSPDCL,HYDERABAD SOUTH,BEGUM BAZAR,TROOP BAZAR,TROOP BAZAR,2025-06-01,2025,6,1,0,1,1.0,False,1796.0,54.0,1796.0,0
HYDERABAD_SOUTH_TROOP_BAZAR,initial greater-Hyderabad study area,TGSPDCL,HYDERABAD SOUTH,BEGUM BAZAR,TROOP BAZAR,TROOP BAZAR,2025-07-01,2025,7,1,1,1,1.0,False,0.0,54.0,0.0,0
HYDERABAD_SOUTH_TROOP_BAZAR,initial greater-Hyderabad study area,TGSPDCL,HYDERABAD SOUTH,BEGUM BAZAR,TROOP BAZAR,TROOP BAZAR,2025-08-01,2025,8,1,1,1,1.0,False,0.0,54.0,0.0,0
HYDERABAD_SOUTH_TROOP_BAZAR,initial greater-Hyderabad study area,TGSPDCL,HYDERABAD SOUTH,BEGUM BAZAR,TROOP BAZAR,TROOP BAZAR,2025-09-01,2025,9,1,1,1,1.0,False,0.0,54.0,0.0,0
HYDERABAD_SOUTH_TROOP_BAZAR,initial greater-Hyderabad study area,TGSPDCL,HYDERABAD SOUTH,BEGUM BAZAR,TROOP BAZAR,TROOP BAZAR,2025-10-01,2025,10,1,1,1,1.0,False,0.0,54.0,0.0,0
HYDERABAD_SOUTH_TROOP_BAZAR,initial greater-Hyderabad study area,TGSPDCL,HYDERABAD SOUTH,BEGUM BAZAR,TROOP BAZAR,TROOP BAZAR,2025-11-01,2025,11,1,1,1,1.0,False,0.0,54.0,0.0,0
HYDERABAD_SOUTH_TROOP_BAZAR,initial greater-Hyderabad study area,TGSPDCL,HYDERABAD SOUTH,BEGUM BAZAR,TROOP BAZAR,TROOP BAZAR,2025-12-01,2025,12,1,1,1,1.0,False,0.0,54.0,0.0,0
HYDERABAD_SOUTH_TROOP_BAZAR,initial greater-Hyderabad study area,TGSPDCL,HYDERABAD SOUTH,BEGUM BAZAR,TROOP BAZAR,TROOP BAZAR,2026-01-01,2026,1,1,1,1,1.0,False,0.0,54.0,0.0,0
HYDERABAD_SOUTH_TROOP_BAZAR,initial greater-Hyderabad study area,TGSPDCL,HYDERABAD SOUTH,BEGUM BAZAR,TROOP BAZAR,TROOP BAZAR,2026-02-01,2026,2,1,1,1,1.0,False,0.0,54.0,0.0,0
HYDERABAD_SOUTH_TROOP_BAZAR,initial greater-Hyderabad study area,TGSPDCL,HYDERABAD SOUTH,BEGUM BAZAR,TROOP BAZAR,TROOP BAZAR,2026-03-01,2026,3,1,1,1,1.0,False,0.0,54.0,0.0,0
HYDERABAD_SOUTH_TROOP_BAZAR,initial greater-Hyderabad study area,TGSPDCL,HYDERABAD SOUTH,BEGUM BAZAR,TROOP BAZAR,TROOP BAZAR,2026-04-01,2026,4,1,1,1,1.0,False,0.0,54.0,0.0,0
HYDERABAD_SOUTH_TROOP_BAZAR,initial greater-Hyderabad study area,TGSPDCL,HYDERABAD SOUTH,BEGUM BAZAR,TROOP BAZAR,TROOP BAZAR,2026-05-01,2026,5,1,1,1,1.0,False,0.0,54.0,0.0,0
HYDERABAD_SOUTH_TROOP_BAZAR,initial greater-Hyderabad study area,TGSPDCL,HYDERABAD SOUTH,BEGUM BAZAR,TROOP BAZAR,TROOP BAZAR,2026-06-01,2026,6,1,1,1,1.0,False,0.0,54.0,0.0,0
HYDERABAD_SOUTH_TROOP_BAZAR,initial greater-Hyderabad study area,TGSPDCL,HYDERABAD SOUTH,BEGUM BAZAR,TROOP BAZAR,TROOP BAZAR,2026-07-01,2026,7,1,1,1,1.0,False,0.0,54.0,0.0,0
HYDERABAD_SOUTH_TROOP_BAZAR,initial greater-Hyderabad study area,TGSPDCL,HYDERABAD SOUTH,BEGUM BAZAR,TROOP BAZAR,TROOP BAZAR,2026-08-01,2026,8,1,1,1,1.0,False,0.0,54.0,0.0,0
MEDCHAL_ALIABAD,initial greater-Hyderabad study area,TGSPDCL,MEDCHAL,MEDCHAL,SHAMEERPET,ALIABAD,2024-07-01,2024,7,1,1,1,,True,0.0,54.0,0.0,0
MEDCHAL_ALIABAD,initial greater-Hyderabad study area,TGSPDCL,MEDCHAL,MEDCHAL,SHAMEERPET,ALIABAD,2024-08-01,2024,8,1,0,1,1.0,False,372.0,54.0,372.0,0
MEDCHAL_ALIABAD,initial greater-Hyderabad study area,TGSPDCL,MEDCHAL,MEDCHAL,SHAMEERPET,ALIABAD,2024-09-01,2024,9,1,0,1,1.0,False,156.0,54.0,156.0,0
MEDCHAL_ALIABAD,initial greater-Hyderabad study area,TGSPDCL,MEDCHAL,MEDCHAL,SHAMEERPET,ALIABAD,2024-10-01,2024,10,1,0,1,1.0,False,161.0,54.0,161.0,0
MEDCHAL_ALIABAD,initial greater-Hyderabad study area,TGSPDCL,MEDCHAL,MEDCHAL,SHAMEERPET,ALIABAD,2024-11-01,2024,11,1,0,1,1.0,False,689.0,54.0,689.0,0
MEDCHAL_ALIABAD,initial greater-Hyderabad study area,TGSPDCL,MEDCHAL,MEDCHAL,SHAMEERPET,ALIABAD,2024-12-01,2024,12,1,0,1,1.0,False,596.0,54.0,596.0,0
MEDCHAL_ALIABAD,initial greater-Hyderabad study area,TGSPDCL,MEDCHAL,MEDCHAL,SHAMEERPET,ALIABAD,2025-01-01,2025,1,1,0,2,1.0,False,643.0,108.0,321.5,0
MEDCHAL_ALIABAD,initial greater-Hyderabad study area,TGSPDCL,MEDCHAL,MEDCHAL,SHAMEERPET,ALIABAD,2025-02-01,2025,2,1,0,2,2.0,False,813.0,108.0,406.5,0
MEDCHAL_ALIABAD,initial greater-Hyderabad study area,TGSPDCL,MEDCHAL,MEDCHAL,SHAMEERPET,ALIABAD,2025-03-01,2025,3,1,0,2,2.0,False,1494.0,108.0,747.0,0
MEDCHAL_ALIABAD,initial greater-Hyderabad study area,TGSPDCL,MEDCHAL,MEDCHAL,SHAMEERPET,ALIABAD,2025-04-01,2025,4,3,2,4,4.0,False,1364.0,216.0,341.0,0
MEDCHAL_ALIABAD,initial greater-Hyderabad study area,TGSPDCL,MEDCHAL,MEDCHAL,SHAMEERPET,ALIABAD,2025-05-01,2025,5,3,2,4,4.0,False,2439.0,216.0,609.75,0
MEDCHAL_ALIABAD,initial greater-Hyderabad study area,TGSPDCL,MEDCHAL,MEDCHAL,SHAMEERPET,ALIABAD,2025-06-01,2025,6,3,2,4,4.0,False,3090.0,216.0,772.5,0
MEDCHAL_ALIABAD,initial greater-Hyderabad study area,TGSPDCL,MEDCHAL,MEDCHAL,SHAMEERPET,ALIABAD,2025-07-01,2025,7,3,1,4,4.0,False,2081.0,216.0,520.25,0
MEDCHAL_ALIABAD,initial greater-Hyderabad study area,TGSPDCL,MEDCHAL,MEDCHAL,SHAMEERPET,ALIABAD,2025-08-01,2025,8,3,1,4,4.0,False,2606.0,216.0,651.5,0
MEDCHAL_ALIABAD,initial greater-Hyderabad study area,TGSPDCL,MEDCHAL,MEDCHAL,SHAMEERPET,ALIABAD,2025-09-01,2025,9,3,0,4,4.0,False,1260.0,216.0,315.0,0
MEDCHAL_ALIABAD,initial greater-Hyderabad study area,TGSPDCL,MEDCHAL,MEDCHAL,SHAMEERPET,ALIABAD,2025-10-01,2025,10,3,0,4,4.0,False,2633.0,216.0,658.25,0
MEDCHAL_ALIABAD,initial greater-Hyderabad study area,TGSPDCL,MEDCHAL,MEDCHAL,SHAMEERPET,ALIABAD,2025-11-01,2025,11,3,0,4,4.0,False,4508.0,216.0,1127.0,0
MEDCHAL_ALIABAD,initial greater-Hyderabad study area,TGSPDCL,MEDCHAL,MEDCHAL,SHAMEERPET,ALIABAD,2025-12-01,2025,12,3,1,4,4.0,False,7041.0,216.0,1760.25,0
MEDCHAL_ALIABAD,initial greater-Hyderabad study area,TGSPDCL,MEDCHAL,MEDCHAL,SHAMEERPET,ALIABAD,2026-01-01,2026,1,3,1,4,4.0,False,9753.0,216.0,2438.25,0
MEDCHAL_ALIABAD,initial greater-Hyderabad study area,TGSPDCL,MEDCHAL,MEDCHAL,SHAMEERPET,ALIABAD,2026-02-01,2026,2,3,1,4,4.0,False,4815.0,216.0,1203.75,0
MEDCHAL_ALIABAD,initial greater-Hyderabad study area,TGSPDCL,MEDCHAL,MEDCHAL,SHAMEERPET,ALIABAD,2026-03-01,2026,3,3,1,4,4.0,False,6185.0,216.0,1546.25,0
MEDCHAL_ALIABAD,initial greater-Hyderabad study area,TGSPDCL,MEDCHAL,MEDCHAL,SHAMEERPET,ALIABAD,2026-04-01,2026,4,3,1,4,4.0,False,17781.0,216.0,4445.25,0
MEDCHAL_ALIABAD,initial greater-Hyderabad study area,TGSPDCL,MEDCHAL,MEDCHAL,SHAMEERPET,ALIABAD,2026-05-01,2026,5,3,1,4,4.0,False,16249.0,216.0,4062.25,0
MEDCHAL_ALIABAD,initial greater-Hyderabad study area,TGSPDCL,MEDCHAL,MEDCHAL,SHAMEERPET,ALIABAD,2026-06-01,2026,6,3,0,4,4.0,False,12702.0,216.0,3175.5,0
MEDCHAL_ALIABAD,initial greater-Hyderabad study area,TGSPDCL,MEDCHAL,MEDCHAL,SHAMEERPET,ALIABAD,2026-07-01,2026,7,3,0,4,4.0,False,10254.0,216.0,2563.5,0
MEDCHAL_ALIABAD,initial greater-Hyderabad study area,TGSPDCL,MEDCHAL,MEDCHAL,SHAMEERPET,ALIABAD,2026-08-01,2026,8,4,1,5,4.0,True,12716.0,269.0,2543.2,0
MEDCHAL_ALLWYN_COLONY,initial greater-Hyderabad study area,TGSPDCL,MEDCHAL,KUKATPALLY,KUKATPALLY,ALLWYN COLONY,2023-01-01,2023,1,1,0,1,1.0,False,2879.0,5.0,2879.0,0
MEDCHAL_ALLWYN_COLONY,initial greater-Hyderabad study area,TGSPDCL,MEDCHAL,KUKATPALLY,KUKATPALLY,ALLWYN COLONY,2023-02-01,2023,2,1,0,1,1.0,False,2252.0,20.0,2252.0,0
MEDCHAL_ALLWYN_COLONY,initial greater-Hyderabad study area,TGSPDCL,MEDCHAL,KUKATPALLY,KUKATPALLY,ALLWYN COLONY,2023-03-01,2023,3,1,0,1,1.0,False,2672.0,20.0,2672.0,0
MEDCHAL_ALLWYN_COLONY,initial greater-Hyderabad study area,TGSPDCL,MEDCHAL,KUKATPALLY,KUKATPALLY,ALLWYN COLONY,2023-04-01,2023,4,1,0,1,1.0,False,2042.0,20.0,2042.0,0
MEDCHAL_ALLWYN_COLONY,initial greater-Hyderabad study area,TGSPDCL,MEDCHAL,KUKATPALLY,KUKATPALLY,ALLWYN COLONY,2023-05-01,2023,5,1,0,1,1.0,False,2806.0,20.0,2806.0,0
MEDCHAL_ALLWYN_COLONY,initial greater-Hyderabad study area,TGSPDCL,MEDCHAL,KUKATPALLY,KUKATPALLY,ALLWYN COLONY,2023-06-01,2023,6,1,0,1,1.0,False,1831.0,20.0,1831.0,0
MEDCHAL_ALLWYN_COLONY,initial greater-Hyderabad study area,TGSPDCL,MEDCHAL,KUKATPALLY,KUKATPALLY,ALLWYN COLONY,2023-07-01,2023,7,1,0,1,1.0,False,1330.0,20.0,1330.0,0
MEDCHAL_ALLWYN_COLONY,initial greater-Hyderabad study area,TGSPDCL,MEDCHAL,KUKATPALLY,KUKATPALLY,ALLWYN COLONY,2023-08-01,2023,8,1,0,1,1.0,False,1751.0,20.0,1751.0,0
MEDCHAL_ALLWYN_COLONY,initial greater-Hyderabad study area,TGSPDCL,MEDCHAL,KUKATPALLY,KUKATPALLY,ALLWYN COLONY,2023-09-01,2023,9,1,0,1,1.0,False,1069.0,20.0,1069.0,0
MEDCHAL_ALLWYN_COLONY,initial greater-Hyderabad study area,TGSPDCL,MEDCHAL,KUKATPALLY,KUKATPALLY,ALLWYN COLONY,2023-10-01,2023,10,1,0,1,1.0,False,84.0,20.0,84.0,0
MEDCHAL_ALLWYN_COLONY,initial greater-Hyderabad study area,TGSPDCL,MEDCHAL,KUKATPALLY,KUKATPALLY,ALLWYN COLONY,2023-11-01,2023,11,1,0,1,1.0,False,100.0,20.0,100.0,0
MEDCHAL_ALLWYN_COLONY,initial greater-Hyderabad study area,TGSPDCL,MEDCHAL,KUKATPALLY,KUKATPALLY,ALLWYN COLONY,2023-12-01,2023,12,1,0,1,1.0,False,23.0,20.0,23.0,0
MEDCHAL_ALLWYN_COLONY,initial greater-Hyderabad study area,TGSPDCL,MEDCHAL,KUKATPALLY,KUKATPALLY,ALLWYN COLONY,2024-01-01,2024,1,1,1,1,1.0,False,0.0,20.0,0.0,0
MEDCHAL_ALLWYN_COLONY,initial greater-Hyderabad study area,TGSPDCL,MEDCHAL,KUKATPALLY,KUKATPALLY,ALLWYN COLONY,2024-02-01,2024,2,1,0,1,1.0,False,2.0,20.0,2.0,0
MEDCHAL_ALLWYN_COLONY,initial greater-Hyderabad study area,TGSPDCL,MEDCHAL,KUKATPALLY,KUKATPALLY,ALLWYN COLONY,2024-03-01,2024,3,1,0,1,1.0,False,9.0,20.0,9.0,0
MEDCHAL_ALLWYN_COLONY,initial greater-Hyderabad study area,TGSPDCL,MEDCHAL,KUKATPALLY,KUKATPALLY,ALLWYN COLONY,2024-04-01,2024,4,1,0,1,1.0,False,10.0,20.0,10.0,0
MEDCHAL_ALLWYN_COLONY,initial greater-Hyderabad study area,TGSPDCL,MEDCHAL,KUKATPALLY,KUKATPALLY,ALLWYN COLONY,2024-05-01,2024,5,1,0,1,1.0,False,18.0,20.0,18.0,0
MEDCHAL_ALLWYN_COLONY,initial greater-Hyderabad study area,TGSPDCL,MEDCHAL,KUKATPALLY,KUKATPALLY,ALLWYN COLONY,2024-06-01,2024,6,1,0,1,1.0,False,2829.0,20.0,2829.0,0
MEDCHAL_ALLWYN_COLONY,initial greater-Hyderabad study area,TGSPDCL,MEDCHAL,KUKATPALLY,KUKATPALLY,ALLWYN COLONY,2024-07-01,2024,7,1,0,1,1.0,False,2653.0,20.0,2653.0,0
MEDCHAL_ALLWYN_COLONY,initial greater-Hyderabad study area,TGSPDCL,MEDCHAL,KUKATPALLY,KUKATPALLY,ALLWYN COLONY,2024-08-01,2024,8,1,0,1,1.0,False,2659.0,20.0,2659.0,0
MEDCHAL_ALLWYN_COLONY,initial greater-Hyderabad study area,TGSPDCL,MEDCHAL,KUKATPALLY,KUKATPALLY,ALLWYN COLONY,2024-09-01,2024,9,1,0,1,1.0,False,1353.0,20.0,1353.0,0
MEDCHAL_ALLWYN_COLONY,initial greater-Hyderabad study area,TGSPDCL,MEDCHAL,KUKATPALLY,KUKATPALLY,ALLWYN COLONY,2024-10-01,2024,10,1,0,1,1.0,False,919.0,20.0,919.0,0
MEDCHAL_ALLWYN_COLONY,initial greater-Hyderabad study area,TGSPDCL,MEDCHAL,KUKATPALLY,KUKATPALLY,ALLWYN COLONY,2024-11-01,2024,11,1,0,1,1.0,False,3247.0,20.0,3247.0,0
MEDCHAL_ALLWYN_COLONY,initial greater-Hyderabad study area,TGSPDCL,MEDCHAL,KUKATPALLY,KUKATPALLY,ALLWYN COLONY,2024-12-01,2024,12,1,0,1,1.0,False,3502.0,20.0,3502.0,0
MEDCHAL_ALLWYN_COLONY,initial greater-Hyderabad study area,TGSPDCL,MEDCHAL,KUKATPALLY,KUKATPALLY,ALLWYN COLONY,2025-01-01,2025,1,1,0,1,1.0,False,4945.0,20.0,4945.0,0
MEDCHAL_ALLWYN_COLONY,initial greater-Hyderabad study area,TGSPDCL,MEDCHAL,KUKATPALLY,KUKATPALLY,ALLWYN COLONY,2025-02-01,2025,2,1,0,1,1.0,False,3823.0,20.0,3823.0,0
MEDCHAL_ALLWYN_COLONY,initial greater-Hyderabad study area,TGSPDCL,MEDCHAL,KUKATPALLY,KUKATPALLY,ALLWYN COLONY,2025-03-01,2025,3,1,0,1,1.0,False,3256.0,31.0,3256.0,0
MEDCHAL_ALLWYN_COLONY,initial greater-Hyderabad study area,TGSPDCL,MEDCHAL,KUKATPALLY,KUKATPALLY,ALLWYN COLONY,2025-04-01,2025,4,1,0,1,1.0,False,4130.0,31.0,4130.0,0
MEDCHAL_ALLWYN_COLONY,initial greater-Hyderabad study area,TGSPDCL,MEDCHAL,KUKATPALLY,KUKATPALLY,ALLWYN COLONY,2025-05-01,2025,5,1,0,1,1.0,False,8868.0,31.0,8868.0,0
MEDCHAL_ALLWYN_COLONY,initial greater-Hyderabad study area,TGSPDCL,MEDCHAL,KUKATPALLY,KUKATPALLY,ALLWYN COLONY,2025-06-01,2025,6,1,0,1,1.0,False,4032.0,31.0,4032.0,0
MEDCHAL_ALLWYN_COLONY,initial greater-Hyderabad study area,TGSPDCL,MEDCHAL,KUKATPALLY,KUKATPALLY,ALLWYN COLONY,2025-07-01,2025,7,1,0,1,1.0,False,4789.0,31.0,4789.0,0
MEDCHAL_ALLWYN_COLONY,initial greater-Hyderabad study area,TGSPDCL,MEDCHAL,KUKATPALLY,KUKATPALLY,ALLWYN COLONY,2025-08-01,2025,8,1,0,1,1.0,False,6891.0,31.0,6891.0,0
MEDCHAL_ALLWYN_COLONY,initial greater-Hyderabad study area,TGSPDCL,MEDCHAL,KUKATPALLY,KUKATPALLY,ALLWYN COLONY,2025-09-01,2025,9,1,0,1,1.0,False,5237.0,31.0,5237.0,0
MEDCHAL_ALLWYN_COLONY,initial greater-Hyderabad study area,TGSPDCL,MEDCHAL,KUKATPALLY,KUKATPALLY,ALLWYN COLONY,2025-10-01,2025,10,1,0,1,1.0,False,6741.0,31.0,6741.0,0
MEDCHAL_ALLWYN_COLONY,initial greater-Hyderabad study area,TGSPDCL,MEDCHAL,KUKATPALLY,KUKATPALLY,ALLWYN COLONY,2025-11-01,2025,11,1,0,1,1.0,False,4418.0,31.0,4418.0,0
MEDCHAL_ALLWYN_COLONY,initial greater-Hyderabad study area,TGSPDCL,MEDCHAL,KUKATPALLY,KUKATPALLY,ALLWYN COLONY,2025-12-01,2025,12,1,0,1,1.0,False,7310.0,31.0,7310.0,0
MEDCHAL_ALLWYN_COLONY,initial greater-Hyderabad study area,TGSPDCL,MEDCHAL,KUKATPALLY,KUKATPALLY,ALLWYN COLONY,2026-01-01,2026,1,1,0,1,1.0,False,5935.0,31.0,5935.0,0
MEDCHAL_ALLWYN_COLONY,initial greater-Hyderabad study area,TGSPDCL,MEDCHAL,KUKATPALLY,KUKATPALLY,ALLWYN COLONY,2026-02-01,2026,2,1,0,1,1.0,False,6464.0,31.0,6464.0,0
MEDCHAL_ALLWYN_COLONY,initial greater-Hyderabad study area,TGSPDCL,MEDCHAL,KUKATPALLY,KUKATPALLY,ALLWYN COLONY,2026-03-01,2026,3,1,0,1,1.0,False,6501.0,31.0,6501.0,0
MEDCHAL_ALLWYN_COLONY,initial greater-Hyderabad study area,TGSPDCL,MEDCHAL,KUKATPALLY,KUKATPALLY,ALLWYN COLONY,2026-04-01,2026,4,1,0,1,1.0,False,6121.0,31.0,6121.0,0
MEDCHAL_ALLWYN_COLONY,initial greater-Hyderabad study area,TGSPDCL,MEDCHAL,KUKATPALLY,KUKATPALLY,ALLWYN COLONY,2026-05-01,2026,5,1,0,1,1.0,False,3816.0,31.0,3816.0,0
MEDCHAL_ALLWYN_COLONY,initial greater-Hyderabad study area,TGSPDCL,MEDCHAL,KUKATPALLY,KUKATPALLY,ALLWYN COLONY,2026-06-01,2026,6,1,0,1,1.0,False,3937.0,31.0,3937.0,0
MEDCHAL_ALLWYN_COLONY,initial greater-Hyderabad study area,TGSPDCL,MEDCHAL,KUKATPALLY,KUKATPALLY,ALLWYN COLONY,2026-07-01,2026,7,1,0,1,1.0,False,2256.0,31.0,2256.0,0
MEDCHAL_ALLWYN_COLONY,initial greater-Hyderabad study area,TGSPDCL,MEDCHAL,KUKATPALLY,KUKATPALLY,ALLWYN COLONY,2026-08-01,2026,8,1,0,1,1.0,False,1616.0,31.0,1616.0,0
MEDCHAL_BACHUPALLY,initial greater-Hyderabad study area,TGSPDCL,MEDCHAL,KUKATPALLY,MIYAPUR,BACHUPALLY,2023-01-01,2023,1,1,0,1,1.0,False,526.0,22.0,526.0,0
MEDCHAL_BACHUPALLY,initial greater-Hyderabad study area,TGSPDCL,MEDCHAL,KUKATPALLY,MIYAPUR,BACHUPALLY,2023-02-01,2023,2,1,0,1,1.0,False,256.0,22.0,256.0,0
MEDCHAL_BACHUPALLY,initial greater-Hyderabad study area,TGSPDCL,MEDCHAL,KUKATPALLY,MIYAPUR,BACHUPALLY,2023-03-01,2023,3,1,0,1,1.0,False,204.0,22.0,204.0,0
MEDCHAL_BACHUPALLY,initial greater-Hyderabad study area,TGSPDCL,MEDCHAL,KUKATPALLY,MIYAPUR,BACHUPALLY,2023-04-01,2023,4,1,0,1,1.0,False,181.0,22.0,181.0,0
MEDCHAL_BACHUPALLY,initial greater-Hyderabad study area,TGSPDCL,MEDCHAL,KUKATPALLY,MIYAPUR,BACHUPALLY,2023-05-01,2023,5,1,0,1,1.0,False,239.0,22.0,239.0,0
MEDCHAL_BACHUPALLY,initial greater-Hyderabad study area,TGSPDCL,MEDCHAL,KUKATPALLY,MIYAPUR,BACHUPALLY,2023-06-01,2023,6,1,0,1,1.0,False,286.0,22.0,286.0,0
MEDCHAL_BACHUPALLY,initial greater-Hyderabad study area,TGSPDCL,MEDCHAL,KUKATPALLY,MIYAPUR,BACHUPALLY,2023-07-01,2023,7,1,0,1,1.0,False,133.0,22.0,133.0,0
MEDCHAL_BACHUPALLY,initial greater-Hyderabad study area,TGSPDCL,MEDCHAL,KUKATPALLY,MIYAPUR,BACHUPALLY,2023-08-01,2023,8,1,0,1,1.0,False,392.0,22.0,392.0,0
MEDCHAL_BACHUPALLY,initial greater-Hyderabad study area,TGSPDCL,MEDCHAL,KUKATPALLY,MIYAPUR,BACHUPALLY,2023-09-01,2023,9,1,0,1,1.0,False,319.0,22.0,319.0,0
MEDCHAL_BACHUPALLY,initial greater-Hyderabad study area,TGSPDCL,MEDCHAL,KUKATPALLY,MIYAPUR,BACHUPALLY,2023-10-01,2023,10,1,0,1,1.0,False,363.0,22.0,363.0,0
MEDCHAL_BACHUPALLY,initial greater-Hyderabad study area,TGSPDCL,MEDCHAL,KUKATPALLY,MIYAPUR,BACHUPALLY,2023-11-01,2023,11,1,0,1,1.0,False,396.0,22.0,396.0,0
MEDCHAL_BACHUPALLY,initial greater-Hyderabad study area,TGSPDCL,MEDCHAL,KUKATPALLY,MIYAPUR,BACHUPALLY,2023-12-01,2023,12,1,0,1,1.0,False,319.0,22.0,319.0,0
MEDCHAL_BACHUPALLY,initial greater-Hyderabad study area,TGSPDCL,MEDCHAL,KUKATPALLY,MIYAPUR,BACHUPALLY,2024-01-01,2024,1,1,0,1,1.0,False,547.0,22.0,547.0,0
MEDCHAL_BACHUPALLY,initial greater-Hyderabad study area,TGSPDCL,MEDCHAL,KUKATPALLY,MIYAPUR,BACHUPALLY,2024-02-01,2024,2,1,0,1,1.0,False,110.0,22.0,110.0,0
MEDCHAL_BACHUPALLY,initial greater-Hyderabad study area,TGSPDCL,MEDCHAL,KUKATPALLY,MIYAPUR,BACHUPALLY,2024-03-01,2024,3,1,0,1,1.0,False,12.0,22.0,12.0,0
MEDCHAL_BACHUPALLY,initial greater-Hyderabad study area,TGSPDCL,MEDCHAL,KUKATPALLY,MIYAPUR,BACHUPALLY,2024-04-01,2024,4,1,0,1,1.0,False,8.0,22.0,8.0,0
MEDCHAL_BACHUPALLY,initial greater-Hyderabad study area,TGSPDCL,MEDCHAL,KUKATPALLY,MIYAPUR,BACHUPALLY,2024-05-01,2024,5,1,0,1,1.0,False,10.0,22.0,10.0,0
MEDCHAL_BACHUPALLY,initial greater-Hyderabad study area,TGSPDCL,MEDCHAL,KUKATPALLY,MIYAPUR,BACHUPALLY,2024-06-01,2024,6,1,0,1,1.0,False,11.0,22.0,11.0,0
MEDCHAL_BACHUPALLY,initial greater-Hyderabad study area,TGSPDCL,MEDCHAL,KUKATPALLY,MIYAPUR,BACHUPALLY,2024-07-01,2024,7,1,0,1,1.0,False,18.0,22.0,18.0,0
MEDCHAL_BACHUPALLY,initial greater-Hyderabad study area,TGSPDCL,MEDCHAL,KUKATPALLY,MIYAPUR,BACHUPALLY,2024-08-01,2024,8,1,0,1,1.0,False,13.0,22.0,13.0,0
MEDCHAL_BACHUPALLY,initial greater-Hyderabad study area,TGSPDCL,MEDCHAL,KUKATPALLY,MIYAPUR,BACHUPALLY,2024-09-01,2024,9,1,1,1,1.0,False,0.0,22.0,0.0,0
MEDCHAL_BACHUPALLY,initial greater-Hyderabad study area,TGSPDCL,MEDCHAL,KUKATPALLY,MIYAPUR,BACHUPALLY,2024-10-01,2024,10,1,0,1,1.0,False,1.0,22.0,1.0,0
MEDCHAL_BACHUPALLY,initial greater-Hyderabad study area,TGSPDCL,MEDCHAL,KUKATPALLY,MIYAPUR,BACHUPALLY,2024-11-01,2024,11,1,0,1,1.0,False,53.0,22.0,53.0,0
MEDCHAL_BACHUPALLY,initial greater-Hyderabad study area,TGSPDCL,MEDCHAL,KUKATPALLY,MIYAPUR,BACHUPALLY,2024-12-01,2024,12,1,0,1,1.0,False,13.0,22.0,13.0,0
MEDCHAL_BACHUPALLY,initial greater-Hyderabad study area,TGSPDCL,MEDCHAL,KUKATPALLY,MIYAPUR,BACHUPALLY,2025-01-01,2025,1,1,0,1,1.0,False,12.0,22.0,12.0,0
MEDCHAL_BACHUPALLY,initial greater-Hyderabad study area,TGSPDCL,MEDCHAL,KUKATPALLY,MIYAPUR,BACHUPALLY,2025-02-01,2025,2,1,0,1,1.0,False,7.0,22.0,7.0,0
MEDCHAL_BACHUPALLY,initial greater-Hyderabad study area,TGSPDCL,MEDCHAL,KUKATPALLY,MIYAPUR,BACHUPALLY,2025-03-01,2025,3,1,0,1,1.0,False,2.0,22.0,2.0,0
MEDCHAL_BACHUPALLY,initial greater-Hyderabad study area,TGSPDCL,MEDCHAL,KUKATPALLY,MIYAPUR,BACHUPALLY,2025-04-01,2025,4,1,0,3,3.0,False,722.0,130.0,240.67,0
MEDCHAL_BACHUPALLY,initial greater-Hyderabad study area,TGSPDCL,MEDCHAL,KUKATPALLY,MIYAPUR,BACHUPALLY,2025-05-01,2025,5,1,0,3,3.0,False,2.0,130.0,0.67,0
MEDCHAL_BACHUPALLY,initial greater-Hyderabad study area,TGSPDCL,MEDCHAL,KUKATPALLY,MIYAPUR,BACHUPALLY,2025-06-01,2025,6,1,0,3,3.0,False,1.0,130.0,0.33,0
MEDCHAL_BACHUPALLY,initial greater-Hyderabad study area,TGSPDCL,MEDCHAL,KUKATPALLY,MIYAPUR,BACHUPALLY,2025-07-01,2025,7,1,0,3,3.0,False,447.0,130.0,149.0,0
MEDCHAL_BACHUPALLY,initial greater-Hyderabad study area,TGSPDCL,MEDCHAL,KUKATPALLY,MIYAPUR,BACHUPALLY,2025-08-01,2025,8,2,0,4,4.0,False,1511.0,138.0,377.75,0
MEDCHAL_BACHUPALLY,initial greater-Hyderabad study area,TGSPDCL,MEDCHAL,KUKATPALLY,MIYAPUR,BACHUPALLY,2025-09-01,2025,9,2,0,4,4.0,False,2423.0,138.0,605.75,0
MEDCHAL_BACHUPALLY,initial greater-Hyderabad study area,TGSPDCL,MEDCHAL,KUKATPALLY,MIYAPUR,BACHUPALLY,2025-10-01,2025,10,2,0,4,4.0,False,3597.0,138.0,899.25,0
MEDCHAL_BACHUPALLY,initial greater-Hyderabad study area,TGSPDCL,MEDCHAL,KUKATPALLY,MIYAPUR,BACHUPALLY,2025-11-01,2025,11,2,0,4,4.0,False,3686.0,138.0,921.5,0
MEDCHAL_BACHUPALLY,initial greater-Hyderabad study area,TGSPDCL,MEDCHAL,KUKATPALLY,MIYAPUR,BACHUPALLY,2025-12-01,2025,12,2,0,4,4.0,False,4293.0,138.0,1073.25,0
MEDCHAL_BACHUPALLY,initial greater-Hyderabad study area,TGSPDCL,MEDCHAL,KUKATPALLY,MIYAPUR,BACHUPALLY,2026-01-01,2026,1,2,0,4,4.0,False,6668.0,138.0,1667.0,0
MEDCHAL_BACHUPALLY,initial greater-Hyderabad study area,TGSPDCL,MEDCHAL,KUKATPALLY,MIYAPUR,BACHUPALLY,2026-02-01,2026,2,2,0,4,4.0,False,6566.0,138.0,1641.5,0
MEDCHAL_BACHUPALLY,initial greater-Hyderabad study area,TGSPDCL,MEDCHAL,KUKATPALLY,MIYAPUR,BACHUPALLY,2026-03-01,2026,3,2,0,4,4.0,False,10120.0,138.0,2530.0,0
MEDCHAL_BACHUPALLY,initial greater-Hyderabad study area,TGSPDCL,MEDCHAL,KUKATPALLY,MIYAPUR,BACHUPALLY,2026-04-01,2026,4,2,0,4,4.0,False,15027.0,138.0,3756.75,0
MEDCHAL_BACHUPALLY,initial greater-Hyderabad study area,TGSPDCL,MEDCHAL,KUKATPALLY,MIYAPUR,BACHUPALLY,2026-05-01,2026,5,2,0,4,4.0,False,5875.0,138.0,1468.75,0
MEDCHAL_BACHUPALLY,initial greater-Hyderabad study area,TGSPDCL,MEDCHAL,KUKATPALLY,MIYAPUR,BACHUPALLY,2026-06-01,2026,6,2,0,5,4.0,False,6518.0,201.0,1303.6,0
MEDCHAL_BACHUPALLY,initial greater-Hyderabad study area,TGSPDCL,MEDCHAL,KUKATPALLY,MIYAPUR,BACHUPALLY,2026-07-01,2026,7,2,0,5,5.0,False,11404.0,201.0,2280.8,0
MEDCHAL_BACHUPALLY,initial greater-Hyderabad study area,TGSPDCL,MEDCHAL,KUKATPALLY,MIYAPUR,BACHUPALLY,2026-08-01,2026,8,2,0,5,5.0,False,15829.0,201.0,3165.8,0
MEDCHAL_BHAGYA_NAGAR,initial greater-Hyderabad study area,TGSPDCL,MEDCHAL,KUKATPALLY,KUKATPALLY,BHAGYA NAGAR,2025-03-01,2025,3,2,2,2,,True,0.0,108.0,0.0,0
MEDCHAL_BHAGYA_NAGAR,initial greater-Hyderabad study area,TGSPDCL,MEDCHAL,KUKATPALLY,KUKATPALLY,BHAGYA NAGAR,2025-04-01,2025,4,2,1,3,3.0,False,11.0,162.0,3.67,0
MEDCHAL_BHAGYA_NAGAR,initial greater-Hyderabad study area,TGSPDCL,MEDCHAL,KUKATPALLY,KUKATPALLY,BHAGYA NAGAR,2025-05-01,2025,5,2,1,3,3.0,False,11.0,162.0,3.67,0
MEDCHAL_BHAGYA_NAGAR,initial greater-Hyderabad study area,TGSPDCL,MEDCHAL,KUKATPALLY,KUKATPALLY,BHAGYA NAGAR,2025-06-01,2025,6,2,2,3,3.0,False,0.0,162.0,0.0,0
MEDCHAL_BHAGYA_NAGAR,initial greater-Hyderabad study area,TGSPDCL,MEDCHAL,KUKATPALLY,KUKATPALLY,BHAGYA NAGAR,2025-07-01,2025,7,2,1,3,3.0,False,604.0,162.0,201.33,0
MEDCHAL_BHAGYA_NAGAR,initial greater-Hyderabad study area,TGSPDCL,MEDCHAL,KUKATPALLY,KUKATPALLY,BHAGYA NAGAR,2025-08-01,2025,8,2,0,3,3.0,False,4458.0,162.0,1486.0,0
MEDCHAL_BHAGYA_NAGAR,initial greater-Hyderabad study area,TGSPDCL,MEDCHAL,KUKATPALLY,KUKATPALLY,BHAGYA NAGAR,2025-09-01,2025,9,2,1,3,3.0,False,3248.0,162.0,1082.67,0
MEDCHAL_BHAGYA_NAGAR,initial greater-Hyderabad study area,TGSPDCL,MEDCHAL,KUKATPALLY,KUKATPALLY,BHAGYA NAGAR,2025-10-01,2025,10,2,1,3,3.0,False,5852.0,162.0,1950.67,0
MEDCHAL_BHAGYA_NAGAR,initial greater-Hyderabad study area,TGSPDCL,MEDCHAL,KUKATPALLY,KUKATPALLY,BHAGYA NAGAR,2025-11-01,2025,11,2,0,3,3.0,False,8261.0,162.0,2753.67,0
MEDCHAL_BHAGYA_NAGAR,initial greater-Hyderabad study area,TGSPDCL,MEDCHAL,KUKATPALLY,KUKATPALLY,BHAGYA NAGAR,2025-12-01,2025,12,2,0,3,3.0,False,3092.0,162.0,1030.67,0
MEDCHAL_BHAGYA_NAGAR,initial greater-Hyderabad study area,TGSPDCL,MEDCHAL,KUKATPALLY,KUKATPALLY,BHAGYA NAGAR,2026-01-01,2026,1,2,1,3,3.0,False,8900.0,162.0,2966.67,0
MEDCHAL_BHAGYA_NAGAR,initial greater-Hyderabad study area,TGSPDCL,MEDCHAL,KUKATPALLY,KUKATPALLY,BHAGYA NAGAR,2026-02-01,2026,2,2,1,3,3.0,False,8913.0,162.0,2971.0,0
MEDCHAL_BHAGYA_NAGAR,initial greater-Hyderabad study area,TGSPDCL,MEDCHAL,KUKATPALLY,KUKATPALLY,BHAGYA NAGAR,2026-03-01,2026,3,2,1,3,3.0,False,9550.0,162.0,3183.33,0
MEDCHAL_BHAGYA_NAGAR,initial greater-Hyderabad study area,TGSPDCL,MEDCHAL,KUKATPALLY,KUKATPALLY,BHAGYA NAGAR,2026-04-01,2026,4,2,1,3,3.0,False,11467.0,162.0,3822.33,0
MEDCHAL_BHAGYA_NAGAR,initial greater-Hyderabad study area,TGSPDCL,MEDCHAL,KUKATPALLY,KUKATPALLY,BHAGYA NAGAR,2026-05-01,2026,5,2,1,3,3.0,False,17781.0,162.0,5927.0,0
MEDCHAL_BHAGYA_NAGAR,initial greater-Hyderabad study area,TGSPDCL,MEDCHAL,KUKATPALLY,KUKATPALLY,BHAGYA NAGAR,2026-06-01,2026,6,2,1,3,3.0,False,10969.0,162.0,3656.33,0
MEDCHAL_BHAGYA_NAGAR,initial greater-Hyderabad study area,TGSPDCL,MEDCHAL,KUKATPALLY,KUKATPALLY,BHAGYA NAGAR,2026-07-01,2026,7,2,0,3,3.0,False,12098.0,162.0,4032.67,0
MEDCHAL_BHAGYA_NAGAR,initial greater-Hyderabad study area,TGSPDCL,MEDCHAL,KUKATPALLY,KUKATPALLY,BHAGYA NAGAR,2026-08-01,2026,8,2,1,3,3.0,False,9903.0,162.0,3301.0,0
MEDCHAL_BOWRAMPET,initial greater-Hyderabad study area,TGSPDCL,MEDCHAL,JEEDIMETLA,JEEDIMETLA,BOWRAMPET,2023-09-01,2023,9,1,0,1,1.0,False,2395.0,45.0,2395.0,0
MEDCHAL_BOWRAMPET,initial greater-Hyderabad study area,TGSPDCL,MEDCHAL,JEEDIMETLA,JEEDIMETLA,BOWRAMPET,2023-10-01,2023,10,1,0,1,1.0,False,1552.0,45.0,1552.0,0
MEDCHAL_BOWRAMPET,initial greater-Hyderabad study area,TGSPDCL,MEDCHAL,JEEDIMETLA,JEEDIMETLA,BOWRAMPET,2023-11-01,2023,11,1,0,1,1.0,False,1095.0,45.0,1095.0,0
MEDCHAL_BOWRAMPET,initial greater-Hyderabad study area,TGSPDCL,MEDCHAL,JEEDIMETLA,JEEDIMETLA,BOWRAMPET,2023-12-01,2023,12,1,0,1,1.0,False,1430.0,45.0,1430.0,0
MEDCHAL_BOWRAMPET,initial greater-Hyderabad study area,TGSPDCL,MEDCHAL,JEEDIMETLA,JEEDIMETLA,BOWRAMPET,2024-01-01,2024,1,1,0,1,1.0,False,1188.0,45.0,1188.0,0
MEDCHAL_BOWRAMPET,initial greater-Hyderabad study area,TGSPDCL,MEDCHAL,JEEDIMETLA,JEEDIMETLA,BOWRAMPET,2024-02-01,2024,2,1,0,1,1.0,False,1495.0,45.0,1495.0,0
MEDCHAL_BOWRAMPET,initial greater-Hyderabad study area,TGSPDCL,MEDCHAL,JEEDIMETLA,JEEDIMETLA,BOWRAMPET,2024-03-01,2024,3,1,0,1,1.0,False,1254.0,45.0,1254.0,0
MEDCHAL_BOWRAMPET,initial greater-Hyderabad study area,TGSPDCL,MEDCHAL,JEEDIMETLA,JEEDIMETLA,BOWRAMPET,2024-04-01,2024,4,1,0,1,1.0,False,1166.0,45.0,1166.0,0
MEDCHAL_BOWRAMPET,initial greater-Hyderabad study area,TGSPDCL,MEDCHAL,JEEDIMETLA,JEEDIMETLA,BOWRAMPET,2024-05-01,2024,5,1,0,1,1.0,False,1396.0,45.0,1396.0,0
MEDCHAL_BOWRAMPET,initial greater-Hyderabad study area,TGSPDCL,MEDCHAL,JEEDIMETLA,JEEDIMETLA,BOWRAMPET,2024-06-01,2024,6,1,0,1,1.0,False,2010.0,45.0,2010.0,0
MEDCHAL_BOWRAMPET,initial greater-Hyderabad study area,TGSPDCL,MEDCHAL,JEEDIMETLA,JEEDIMETLA,BOWRAMPET,2024-07-01,2024,7,1,0,1,1.0,False,1878.0,45.0,1878.0,0
MEDCHAL_BOWRAMPET,initial greater-Hyderabad study area,TGSPDCL,MEDCHAL,JEEDIMETLA,JEEDIMETLA,BOWRAMPET,2024-08-01,2024,8,1,0,1,1.0,False,2138.0,45.0,2138.0,0
MEDCHAL_BOWRAMPET,initial greater-Hyderabad study area,TGSPDCL,MEDCHAL,JEEDIMETLA,JEEDIMETLA,BOWRAMPET,2024-09-01,2024,9,1,0,1,1.0,False,1783.0,45.0,1783.0,0
MEDCHAL_BOWRAMPET,initial greater-Hyderabad study area,TGSPDCL,MEDCHAL,JEEDIMETLA,JEEDIMETLA,BOWRAMPET,2024-10-01,2024,10,1,0,1,1.0,False,1585.0,45.0,1585.0,0
MEDCHAL_BOWRAMPET,initial greater-Hyderabad study area,TGSPDCL,MEDCHAL,JEEDIMETLA,JEEDIMETLA,BOWRAMPET,2024-11-01,2024,11,1,0,1,1.0,False,1846.0,45.0,1846.0,0
MEDCHAL_BOWRAMPET,initial greater-Hyderabad study area,TGSPDCL,MEDCHAL,JEEDIMETLA,JEEDIMETLA,BOWRAMPET,2024-12-01,2024,12,1,0,1,1.0,False,2254.0,45.0,2254.0,0
MEDCHAL_BOWRAMPET,initial greater-Hyderabad study area,TGSPDCL,MEDCHAL,JEEDIMETLA,JEEDIMETLA,BOWRAMPET,2025-01-01,2025,1,1,0,2,1.0,False,2421.0,99.0,1210.5,0
MEDCHAL_BOWRAMPET,initial greater-Hyderabad study area,TGSPDCL,MEDCHAL,JEEDIMETLA,JEEDIMETLA,BOWRAMPET,2025-02-01,2025,2,1,0,2,2.0,False,2175.0,99.0,1087.5,0
MEDCHAL_BOWRAMPET,initial greater-Hyderabad study area,TGSPDCL,MEDCHAL,JEEDIMETLA,JEEDIMETLA,BOWRAMPET,2025-03-01,2025,3,1,0,2,2.0,False,1714.0,99.0,857.0,0
MEDCHAL_BOWRAMPET,initial greater-Hyderabad study area,TGSPDCL,MEDCHAL,JEEDIMETLA,JEEDIMETLA,BOWRAMPET,2025-04-01,2025,4,1,0,2,2.0,False,2826.0,99.0,1413.0,0
MEDCHAL_BOWRAMPET,initial greater-Hyderabad study area,TGSPDCL,MEDCHAL,JEEDIMETLA,JEEDIMETLA,BOWRAMPET,2025-05-01,2025,5,1,0,2,2.0,False,2686.0,99.0,1343.0,0
MEDCHAL_BOWRAMPET,initial greater-Hyderabad study area,TGSPDCL,MEDCHAL,JEEDIMETLA,JEEDIMETLA,BOWRAMPET,2025-06-01,2025,6,1,0,2,2.0,False,2443.0,99.0,1221.5,0
MEDCHAL_BOWRAMPET,initial greater-Hyderabad study area,TGSPDCL,MEDCHAL,JEEDIMETLA,JEEDIMETLA,BOWRAMPET,2025-07-01,2025,7,1,0,2,2.0,False,2638.0,99.0,1319.0,0
MEDCHAL_BOWRAMPET,initial greater-Hyderabad study area,TGSPDCL,MEDCHAL,JEEDIMETLA,JEEDIMETLA,BOWRAMPET,2025-08-01,2025,8,1,0,2,2.0,False,2635.0,99.0,1317.5,0
MEDCHAL_BOWRAMPET,initial greater-Hyderabad study area,TGSPDCL,MEDCHAL,JEEDIMETLA,JEEDIMETLA,BOWRAMPET,2025-09-01,2025,9,1,0,2,2.0,False,3417.0,99.0,1708.5,0
MEDCHAL_BOWRAMPET,initial greater-Hyderabad study area,TGSPDCL,MEDCHAL,JEEDIMETLA,JEEDIMETLA,BOWRAMPET,2025-10-01,2025,10,1,0,2,2.0,False,3750.0,99.0,1875.0,0
MEDCHAL_BOWRAMPET,initial greater-Hyderabad study area,TGSPDCL,MEDCHAL,JEEDIMETLA,JEEDIMETLA,BOWRAMPET,2025-11-01,2025,11,1,0,2,2.0,False,4836.0,99.0,2418.0,0
MEDCHAL_BOWRAMPET,initial greater-Hyderabad study area,TGSPDCL,MEDCHAL,JEEDIMETLA,JEEDIMETLA,BOWRAMPET,2025-12-01,2025,12,1,0,2,2.0,False,4160.0,99.0,2080.0,0
MEDCHAL_BOWRAMPET,initial greater-Hyderabad study area,TGSPDCL,MEDCHAL,JEEDIMETLA,JEEDIMETLA,BOWRAMPET,2026-01-01,2026,1,1,0,2,2.0,False,3514.0,99.0,1757.0,0
MEDCHAL_BOWRAMPET,initial greater-Hyderabad study area,TGSPDCL,MEDCHAL,JEEDIMETLA,JEEDIMETLA,BOWRAMPET,2026-02-01,2026,2,1,0,2,2.0,False,2740.0,99.0,1370.0,0
MEDCHAL_BOWRAMPET,initial greater-Hyderabad study area,TGSPDCL,MEDCHAL,JEEDIMETLA,JEEDIMETLA,BOWRAMPET,2026-03-01,2026,3,1,0,2,2.0,False,2421.0,99.0,1210.5,0
MEDCHAL_BOWRAMPET,initial greater-Hyderabad study area,TGSPDCL,MEDCHAL,JEEDIMETLA,JEEDIMETLA,BOWRAMPET,2026-04-01,2026,4,2,1,3,2.0,True,2068.0,153.0,689.33,0
MEDCHAL_BOWRAMPET,initial greater-Hyderabad study area,TGSPDCL,MEDCHAL,JEEDIMETLA,JEEDIMETLA,BOWRAMPET,2026-05-01,2026,5,2,0,3,3.0,False,2837.0,153.0,945.67,0
MEDCHAL_BOWRAMPET,initial greater-Hyderabad study area,TGSPDCL,MEDCHAL,JEEDIMETLA,JEEDIMETLA,BOWRAMPET,2026-06-01,2026,6,2,1,3,3.0,False,3881.0,153.0,1293.67,0
MEDCHAL_BOWRAMPET,initial greater-Hyderabad study area,TGSPDCL,MEDCHAL,JEEDIMETLA,JEEDIMETLA,BOWRAMPET,2026-07-01,2026,7,2,1,3,3.0,False,3133.0,153.0,1044.33,0
MEDCHAL_BOWRAMPET,initial greater-Hyderabad study area,TGSPDCL,MEDCHAL,JEEDIMETLA,JEEDIMETLA,BOWRAMPET,2026-08-01,2026,8,2,1,3,3.0,False,2660.0,153.0,886.67,0
MEDCHAL_D_P_PALLY,initial greater-Hyderabad study area,TGSPDCL,MEDCHAL,JEEDIMETLA,SHAPUR NAGAR,D P PALLY,2023-01-01,2023,1,1,0,1,1.0,False,1922.0,45.0,1922.0,0
MEDCHAL_D_P_PALLY,initial greater-Hyderabad study area,TGSPDCL,MEDCHAL,JEEDIMETLA,SHAPUR NAGAR,D P PALLY,2023-02-01,2023,2,1,0,1,1.0,False,1309.0,45.0,1309.0,0
MEDCHAL_D_P_PALLY,initial greater-Hyderabad study area,TGSPDCL,MEDCHAL,JEEDIMETLA,SHAPUR NAGAR,D P PALLY,2023-03-01,2023,3,1,0,1,1.0,False,80.0,45.0,80.0,0
MEDCHAL_D_P_PALLY,initial greater-Hyderabad study area,TGSPDCL,MEDCHAL,JEEDIMETLA,SHAPUR NAGAR,D P PALLY,2023-04-01,2023,4,1,0,1,1.0,False,490.0,45.0,490.0,0
MEDCHAL_D_P_PALLY,initial greater-Hyderabad study area,TGSPDCL,MEDCHAL,JEEDIMETLA,SHAPUR NAGAR,D P PALLY,2023-05-01,2023,5,1,0,1,1.0,False,1151.0,45.0,1151.0,0
MEDCHAL_D_P_PALLY,initial greater-Hyderabad study area,TGSPDCL,MEDCHAL,JEEDIMETLA,SHAPUR NAGAR,D P PALLY,2023-06-01,2023,6,1,0,1,1.0,False,1808.0,45.0,1808.0,0
MEDCHAL_D_P_PALLY,initial greater-Hyderabad study area,TGSPDCL,MEDCHAL,JEEDIMETLA,SHAPUR NAGAR,D P PALLY,2023-07-01,2023,7,1,0,1,1.0,False,2166.0,45.0,2166.0,0
MEDCHAL_D_P_PALLY,initial greater-Hyderabad study area,TGSPDCL,MEDCHAL,JEEDIMETLA,SHAPUR NAGAR,D P PALLY,2023-08-01,2023,8,1,0,1,1.0,False,1580.0,45.0,1580.0,0
MEDCHAL_D_P_PALLY,initial greater-Hyderabad study area,TGSPDCL,MEDCHAL,JEEDIMETLA,SHAPUR NAGAR,D P PALLY,2025-01-01,2025,1,1,1,1,,True,0.0,54.0,0.0,0
MEDCHAL_D_P_PALLY,initial greater-Hyderabad study area,TGSPDCL,MEDCHAL,JEEDIMETLA,SHAPUR NAGAR,D P PALLY,2025-02-01,2025,2,1,1,1,1.0,False,0.0,54.0,0.0,0
MEDCHAL_D_P_PALLY,initial greater-Hyderabad study area,TGSPDCL,MEDCHAL,JEEDIMETLA,SHAPUR NAGAR,D P PALLY,2025-03-01,2025,3,2,2,2,1.0,True,0.0,108.0,0.0,0
MEDCHAL_D_P_PALLY,initial greater-Hyderabad study area,TGSPDCL,MEDCHAL,JEEDIMETLA,SHAPUR NAGAR,D P PALLY,2025-04-01,2025,4,3,2,3,2.0,True,13.0,162.0,4.33,0
MEDCHAL_D_P_PALLY,initial greater-Hyderabad study area,TGSPDCL,MEDCHAL,JEEDIMETLA,SHAPUR NAGAR,D P PALLY,2025-05-01,2025,5,3,2,3,3.0,False,459.0,162.0,153.0,0
MEDCHAL_D_P_PALLY,initial greater-Hyderabad study area,TGSPDCL,MEDCHAL,JEEDIMETLA,SHAPUR NAGAR,D P PALLY,2025-06-01,2025,6,2,0,3,3.0,False,1995.0,162.0,665.0,0
MEDCHAL_D_P_PALLY,initial greater-Hyderabad study area,TGSPDCL,MEDCHAL,JEEDIMETLA,SHAPUR NAGAR,D P PALLY,2025-07-01,2025,7,2,0,3,3.0,False,1108.0,162.0,369.33,0
MEDCHAL_D_P_PALLY,initial greater-Hyderabad study area,TGSPDCL,MEDCHAL,JEEDIMETLA,SHAPUR NAGAR,D P PALLY,2025-08-01,2025,8,2,0,3,3.0,False,2192.0,162.0,730.67,0
MEDCHAL_D_P_PALLY,initial greater-Hyderabad study area,TGSPDCL,MEDCHAL,JEEDIMETLA,SHAPUR NAGAR,D P PALLY,2025-09-01,2025,9,2,0,3,3.0,False,3059.0,162.0,1019.67,0
MEDCHAL_D_P_PALLY,initial greater-Hyderabad study area,TGSPDCL,MEDCHAL,JEEDIMETLA,SHAPUR NAGAR,D P PALLY,2025-10-01,2025,10,2,0,3,3.0,False,2409.0,162.0,803.0,0
MEDCHAL_D_P_PALLY,initial greater-Hyderabad study area,TGSPDCL,MEDCHAL,JEEDIMETLA,SHAPUR NAGAR,D P PALLY,2025-11-01,2025,11,2,0,3,3.0,False,2500.0,162.0,833.33,0
MEDCHAL_D_P_PALLY,initial greater-Hyderabad study area,TGSPDCL,MEDCHAL,JEEDIMETLA,SHAPUR NAGAR,D P PALLY,2025-12-01,2025,12,2,0,3,3.0,False,3645.0,162.0,1215.0,0
MEDCHAL_D_P_PALLY,initial greater-Hyderabad study area,TGSPDCL,MEDCHAL,JEEDIMETLA,SHAPUR NAGAR,D P PALLY,2026-01-01,2026,1,2,0,3,3.0,False,3635.0,162.0,1211.67,0
MEDCHAL_D_P_PALLY,initial greater-Hyderabad study area,TGSPDCL,MEDCHAL,JEEDIMETLA,SHAPUR NAGAR,D P PALLY,2026-02-01,2026,2,2,0,3,3.0,False,5435.0,162.0,1811.67,0
MEDCHAL_D_P_PALLY,initial greater-Hyderabad study area,TGSPDCL,MEDCHAL,JEEDIMETLA,SHAPUR NAGAR,D P PALLY,2026-03-01,2026,3,2,0,3,3.0,False,6381.0,162.0,2127.0,0
MEDCHAL_D_P_PALLY,initial greater-Hyderabad study area,TGSPDCL,MEDCHAL,JEEDIMETLA,SHAPUR NAGAR,D P PALLY,2026-04-01,2026,4,2,0,3,3.0,False,8116.0,162.0,2705.33,0
MEDCHAL_D_P_PALLY,initial greater-Hyderabad study area,TGSPDCL,MEDCHAL,JEEDIMETLA,SHAPUR NAGAR,D P PALLY,2026-05-01,2026,5,2,0,3,3.0,False,7895.0,162.0,2631.67,0
MEDCHAL_D_P_PALLY,initial greater-Hyderabad study area,TGSPDCL,MEDCHAL,JEEDIMETLA,SHAPUR NAGAR,D P PALLY,2026-06-01,2026,6,2,0,3,3.0,False,7214.0,162.0,2404.67,0
MEDCHAL_D_P_PALLY,initial greater-Hyderabad study area,TGSPDCL,MEDCHAL,JEEDIMETLA,SHAPUR NAGAR,D P PALLY,2026-07-01,2026,7,4,0,5,5.0,False,6655.0,402.0,1331.0,0
MEDCHAL_D_P_PALLY,initial greater-Hyderabad study area,TGSPDCL,MEDCHAL,JEEDIMETLA,SHAPUR NAGAR,D P PALLY,2026-08-01,2026,8,4,0,5,5.0,False,7434.0,402.0,1486.8,0
MEDCHAL_GAJULARAMARAM,initial greater-Hyderabad study area,TGSPDCL,MEDCHAL,MEDCHAL,QUTBULLAPUR,GAJULARAMARAM,2025-01-01,2025,1,1,1,1,,True,0.0,54.0,0.0,0
MEDCHAL_GAJULARAMARAM,initial greater-Hyderabad study area,TGSPDCL,MEDCHAL,MEDCHAL,QUTBULLAPUR,GAJULARAMARAM,2025-02-01,2025,2,2,1,2,1.0,True,17.0,108.0,8.5,0
MEDCHAL_GAJULARAMARAM,initial greater-Hyderabad study area,TGSPDCL,MEDCHAL,MEDCHAL,QUTBULLAPUR,GAJULARAMARAM,2025-03-01,2025,3,2,1,2,2.0,False,13.0,108.0,6.5,0
MEDCHAL_GAJULARAMARAM,initial greater-Hyderabad study area,TGSPDCL,MEDCHAL,MEDCHAL,QUTBULLAPUR,GAJULARAMARAM,2025-04-01,2025,4,2,2,3,2.0,False,0.0,162.0,0.0,0
MEDCHAL_GAJULARAMARAM,initial greater-Hyderabad study area,TGSPDCL,MEDCHAL,MEDCHAL,QUTBULLAPUR,GAJULARAMARAM,2025-05-01,2025,5,2,2,3,3.0,False,0.0,162.0,0.0,0
MEDCHAL_GAJULARAMARAM,initial greater-Hyderabad study area,TGSPDCL,MEDCHAL,MEDCHAL,QUTBULLAPUR,GAJULARAMARAM,2025-06-01,2025,6,2,2,3,3.0,False,0.0,162.0,0.0,0
MEDCHAL_GAJULARAMARAM,initial greater-Hyderabad study area,TGSPDCL,MEDCHAL,MEDCHAL,QUTBULLAPUR,GAJULARAMARAM,2025-07-01,2025,7,2,2,3,3.0,False,0.0,162.0,0.0,0
MEDCHAL_GAJULARAMARAM,initial greater-Hyderabad study area,TGSPDCL,MEDCHAL,MEDCHAL,QUTBULLAPUR,GAJULARAMARAM,2025-08-01,2025,8,2,1,3,3.0,False,1.0,162.0,0.33,0
MEDCHAL_GAJULARAMARAM,initial greater-Hyderabad study area,TGSPDCL,MEDCHAL,MEDCHAL,QUTBULLAPUR,GAJULARAMARAM,2025-09-01,2025,9,2,1,3,3.0,False,2100.0,162.0,700.0,0
MEDCHAL_GAJULARAMARAM,initial greater-Hyderabad study area,TGSPDCL,MEDCHAL,MEDCHAL,QUTBULLAPUR,GAJULARAMARAM,2025-10-01,2025,10,2,1,3,3.0,False,2337.0,162.0,779.0,0
MEDCHAL_GAJULARAMARAM,initial greater-Hyderabad study area,TGSPDCL,MEDCHAL,MEDCHAL,QUTBULLAPUR,GAJULARAMARAM,2025-11-01,2025,11,2,1,3,3.0,False,3312.0,162.0,1104.0,0
MEDCHAL_GAJULARAMARAM,initial greater-Hyderabad study area,TGSPDCL,MEDCHAL,MEDCHAL,QUTBULLAPUR,GAJULARAMARAM,2025-12-01,2025,12,2,0,3,3.0,False,4413.0,162.0,1471.0,0
MEDCHAL_GAJULARAMARAM,initial greater-Hyderabad study area,TGSPDCL,MEDCHAL,MEDCHAL,QUTBULLAPUR,GAJULARAMARAM,2026-01-01,2026,1,2,0,3,3.0,False,5158.0,162.0,1719.33,0
MEDCHAL_GAJULARAMARAM,initial greater-Hyderabad study area,TGSPDCL,MEDCHAL,MEDCHAL,QUTBULLAPUR,GAJULARAMARAM,2026-02-01,2026,2,2,0,3,3.0,False,5718.0,162.0,1906.0,0
MEDCHAL_GAJULARAMARAM,initial greater-Hyderabad study area,TGSPDCL,MEDCHAL,MEDCHAL,QUTBULLAPUR,GAJULARAMARAM,2026-03-01,2026,3,2,0,3,3.0,False,5614.0,162.0,1871.33,0
MEDCHAL_GAJULARAMARAM,initial greater-Hyderabad study area,TGSPDCL,MEDCHAL,MEDCHAL,QUTBULLAPUR,GAJULARAMARAM,2026-04-01,2026,4,2,0,3,3.0,False,11156.0,162.0,3718.67,0
MEDCHAL_GAJULARAMARAM,initial greater-Hyderabad study area,TGSPDCL,MEDCHAL,MEDCHAL,QUTBULLAPUR,GAJULARAMARAM,2026-05-01,2026,5,2,0,3,3.0,False,15052.0,162.0,5017.33,0
MEDCHAL_GAJULARAMARAM,initial greater-Hyderabad study area,TGSPDCL,MEDCHAL,MEDCHAL,QUTBULLAPUR,GAJULARAMARAM,2026-06-01,2026,6,2,0,3,3.0,False,10628.0,162.0,3542.67,0
MEDCHAL_GAJULARAMARAM,initial greater-Hyderabad study area,TGSPDCL,MEDCHAL,MEDCHAL,QUTBULLAPUR,GAJULARAMARAM,2026-07-01,2026,7,2,0,3,3.0,False,12681.0,162.0,4227.0,0
MEDCHAL_GAJULARAMARAM,initial greater-Hyderabad study area,TGSPDCL,MEDCHAL,MEDCHAL,QUTBULLAPUR,GAJULARAMARAM,2026-08-01,2026,8,2,0,3,3.0,False,15530.0,162.0,5176.67,0
MEDCHAL_GUNDLAPOCHAMPALLY,initial greater-Hyderabad study area,TGSPDCL,MEDCHAL,MEDCHAL,MEDCHAL,GUNDLAPOCHAMPALLY,2025-01-01,2025,1,1,1,1,,True,0.0,54.0,0.0,0
MEDCHAL_GUNDLAPOCHAMPALLY,initial greater-Hyderabad study area,TGSPDCL,MEDCHAL,MEDCHAL,MEDCHAL,GUNDLAPOCHAMPALLY,2025-02-01,2025,2,2,2,2,1.0,True,0.0,94.0,0.0,0
MEDCHAL_GUNDLAPOCHAMPALLY,initial greater-Hyderabad study area,TGSPDCL,MEDCHAL,MEDCHAL,MEDCHAL,GUNDLAPOCHAMPALLY,2025-03-01,2025,3,2,1,2,2.0,False,4087.0,94.0,2043.5,0
MEDCHAL_GUNDLAPOCHAMPALLY,initial greater-Hyderabad study area,TGSPDCL,MEDCHAL,MEDCHAL,MEDCHAL,GUNDLAPOCHAMPALLY,2025-04-01,2025,4,2,0,2,2.0,False,843.0,94.0,421.5,0
MEDCHAL_GUNDLAPOCHAMPALLY,initial greater-Hyderabad study area,TGSPDCL,MEDCHAL,MEDCHAL,MEDCHAL,GUNDLAPOCHAMPALLY,2025-05-01,2025,5,2,1,2,2.0,False,794.0,94.0,397.0,0
MEDCHAL_GUNDLAPOCHAMPALLY,initial greater-Hyderabad study area,TGSPDCL,MEDCHAL,MEDCHAL,MEDCHAL,GUNDLAPOCHAMPALLY,2025-06-01,2025,6,2,0,2,2.0,False,1360.0,94.0,680.0,0
MEDCHAL_GUNDLAPOCHAMPALLY,initial greater-Hyderabad study area,TGSPDCL,MEDCHAL,MEDCHAL,MEDCHAL,GUNDLAPOCHAMPALLY,2025-07-01,2025,7,2,0,2,2.0,False,3187.0,94.0,1593.5,0
MEDCHAL_GUNDLAPOCHAMPALLY,initial greater-Hyderabad study area,TGSPDCL,MEDCHAL,MEDCHAL,MEDCHAL,GUNDLAPOCHAMPALLY,2025-08-01,2025,8,2,0,2,2.0,False,4047.0,94.0,2023.5,0
MEDCHAL_GUNDLAPOCHAMPALLY,initial greater-Hyderabad study area,TGSPDCL,MEDCHAL,MEDCHAL,MEDCHAL,GUNDLAPOCHAMPALLY,2025-09-01,2025,9,2,0,2,2.0,False,4128.0,94.0,2064.0,0
MEDCHAL_GUNDLAPOCHAMPALLY,initial greater-Hyderabad study area,TGSPDCL,MEDCHAL,MEDCHAL,MEDCHAL,GUNDLAPOCHAMPALLY,2025-10-01,2025,10,2,0,2,2.0,False,4467.0,94.0,2233.5,0
MEDCHAL_GUNDLAPOCHAMPALLY,initial greater-Hyderabad study area,TGSPDCL,MEDCHAL,MEDCHAL,MEDCHAL,GUNDLAPOCHAMPALLY,2025-11-01,2025,11,2,0,2,2.0,False,5054.0,94.0,2527.0,0
MEDCHAL_GUNDLAPOCHAMPALLY,initial greater-Hyderabad study area,TGSPDCL,MEDCHAL,MEDCHAL,MEDCHAL,GUNDLAPOCHAMPALLY,2025-12-01,2025,12,2,0,2,2.0,False,6933.0,94.0,3466.5,0
MEDCHAL_GUNDLAPOCHAMPALLY,initial greater-Hyderabad study area,TGSPDCL,MEDCHAL,MEDCHAL,MEDCHAL,GUNDLAPOCHAMPALLY,2026-01-01,2026,1,2,0,2,2.0,False,5380.0,94.0,2690.0,0
MEDCHAL_GUNDLAPOCHAMPALLY,initial greater-Hyderabad study area,TGSPDCL,MEDCHAL,MEDCHAL,MEDCHAL,GUNDLAPOCHAMPALLY,2026-02-01,2026,2,2,1,2,2.0,False,5630.0,94.0,2815.0,0
MEDCHAL_GUNDLAPOCHAMPALLY,initial greater-Hyderabad study area,TGSPDCL,MEDCHAL,MEDCHAL,MEDCHAL,GUNDLAPOCHAMPALLY,2026-03-01,2026,3,2,0,2,2.0,False,8970.0,94.0,4485.0,0
MEDCHAL_GUNDLAPOCHAMPALLY,initial greater-Hyderabad study area,TGSPDCL,MEDCHAL,MEDCHAL,MEDCHAL,GUNDLAPOCHAMPALLY,2026-04-01,2026,4,2,1,2,2.0,False,6036.0,94.0,3018.0,0
MEDCHAL_GUNDLAPOCHAMPALLY,initial greater-Hyderabad study area,TGSPDCL,MEDCHAL,MEDCHAL,MEDCHAL,GUNDLAPOCHAMPALLY,2026-05-01,2026,5,2,1,2,2.0,False,7855.0,94.0,3927.5,0
MEDCHAL_GUNDLAPOCHAMPALLY,initial greater-Hyderabad study area,TGSPDCL,MEDCHAL,MEDCHAL,MEDCHAL,GUNDLAPOCHAMPALLY,2026-06-01,2026,6,2,0,2,2.0,False,9232.0,100.0,4616.0,0
MEDCHAL_GUNDLAPOCHAMPALLY,initial greater-Hyderabad study area,TGSPDCL,MEDCHAL,MEDCHAL,MEDCHAL,GUNDLAPOCHAMPALLY,2026-07-01,2026,7,2,0,2,2.0,False,8516.0,100.0,4258.0,0
MEDCHAL_GUNDLAPOCHAMPALLY,initial greater-Hyderabad study area,TGSPDCL,MEDCHAL,MEDCHAL,MEDCHAL,GUNDLAPOCHAMPALLY,2026-08-01,2026,8,2,0,3,2.0,False,7439.0,220.0,2479.67,0
MEDCHAL_HYDERNAGAR,initial greater-Hyderabad study area,TGSPDCL,MEDCHAL,KUKATPALLY,MIYAPUR,HYDERNAGAR,2023-01-01,2023,1,2,1,3,2.0,False,1159.0,35.0,386.33,0
MEDCHAL_HYDERNAGAR,initial greater-Hyderabad study area,TGSPDCL,MEDCHAL,KUKATPALLY,MIYAPUR,HYDERNAGAR,2023-02-01,2023,2,2,1,3,2.0,False,1603.0,35.0,534.33,0
MEDCHAL_HYDERNAGAR,initial greater-Hyderabad study area,TGSPDCL,MEDCHAL,KUKATPALLY,MIYAPUR,HYDERNAGAR,2023-03-01,2023,3,2,1,3,2.0,False,1103.0,35.0,367.67,0
MEDCHAL_HYDERNAGAR,initial greater-Hyderabad study area,TGSPDCL,MEDCHAL,KUKATPALLY,MIYAPUR,HYDERNAGAR,2023-04-01,2023,4,2,0,3,2.0,False,859.0,35.0,286.33,0
MEDCHAL_HYDERNAGAR,initial greater-Hyderabad study area,TGSPDCL,MEDCHAL,KUKATPALLY,MIYAPUR,HYDERNAGAR,2023-05-01,2023,5,2,1,3,2.0,False,1613.0,35.0,537.67,0
MEDCHAL_HYDERNAGAR,initial greater-Hyderabad study area,TGSPDCL,MEDCHAL,KUKATPALLY,MIYAPUR,HYDERNAGAR,2023-06-01,2023,6,2,1,3,2.0,False,2060.0,35.0,686.67,0
MEDCHAL_HYDERNAGAR,initial greater-Hyderabad study area,TGSPDCL,MEDCHAL,KUKATPALLY,MIYAPUR,HYDERNAGAR,2023-07-01,2023,7,2,1,3,2.0,False,2509.0,35.0,836.33,0
MEDCHAL_HYDERNAGAR,initial greater-Hyderabad study area,TGSPDCL,MEDCHAL,KUKATPALLY,MIYAPUR,HYDERNAGAR,2023-08-01,2023,8,2,1,3,2.0,False,2800.0,35.0,933.33,0
MEDCHAL_HYDERNAGAR,initial greater-Hyderabad study area,TGSPDCL,MEDCHAL,KUKATPALLY,MIYAPUR,HYDERNAGAR,2023-09-01,2023,9,2,1,4,3.0,False,9002.0,69.0,2250.5,0
MEDCHAL_HYDERNAGAR,initial greater-Hyderabad study area,TGSPDCL,MEDCHAL,KUKATPALLY,MIYAPUR,HYDERNAGAR,2023-10-01,2023,10,2,1,4,3.0,False,7445.0,69.0,1861.25,0
MEDCHAL_HYDERNAGAR,initial greater-Hyderabad study area,TGSPDCL,MEDCHAL,KUKATPALLY,MIYAPUR,HYDERNAGAR,2023-11-01,2023,11,2,1,4,3.0,False,8681.0,69.0,2170.25,0
MEDCHAL_HYDERNAGAR,initial greater-Hyderabad study area,TGSPDCL,MEDCHAL,KUKATPALLY,MIYAPUR,HYDERNAGAR,2023-12-01,2023,12,2,1,4,3.0,False,7713.0,69.0,1928.25,0
MEDCHAL_HYDERNAGAR,initial greater-Hyderabad study area,TGSPDCL,MEDCHAL,KUKATPALLY,MIYAPUR,HYDERNAGAR,2024-01-01,2024,1,2,1,4,3.0,False,6280.0,69.0,1570.0,0
MEDCHAL_HYDERNAGAR,initial greater-Hyderabad study area,TGSPDCL,MEDCHAL,KUKATPALLY,MIYAPUR,HYDERNAGAR,2024-02-01,2024,2,2,1,3,3.0,False,7023.0,70.0,2341.0,0
MEDCHAL_HYDERNAGAR,initial greater-Hyderabad study area,TGSPDCL,MEDCHAL,KUKATPALLY,MIYAPUR,HYDERNAGAR,2024-03-01,2024,3,3,2,4,4.0,False,8180.0,75.0,2045.0,0
MEDCHAL_HYDERNAGAR,initial greater-Hyderabad study area,TGSPDCL,MEDCHAL,KUKATPALLY,MIYAPUR,HYDERNAGAR,2024-04-01,2024,4,3,1,4,4.0,False,9370.0,75.0,2342.5,0
MEDCHAL_HYDERNAGAR,initial greater-Hyderabad study area,TGSPDCL,MEDCHAL,KUKATPALLY,MIYAPUR,HYDERNAGAR,2024-05-01,2024,5,3,1,4,4.0,False,12933.0,75.0,3233.25,0
MEDCHAL_HYDERNAGAR,initial greater-Hyderabad study area,TGSPDCL,MEDCHAL,KUKATPALLY,MIYAPUR,HYDERNAGAR,2024-06-01,2024,6,3,1,4,4.0,False,16467.0,75.0,4116.75,0
MEDCHAL_HYDERNAGAR,initial greater-Hyderabad study area,TGSPDCL,MEDCHAL,KUKATPALLY,MIYAPUR,HYDERNAGAR,2024-07-01,2024,7,3,1,4,4.0,False,16518.0,75.0,4129.5,0
MEDCHAL_HYDERNAGAR,initial greater-Hyderabad study area,TGSPDCL,MEDCHAL,KUKATPALLY,MIYAPUR,HYDERNAGAR,2024-08-01,2024,8,3,1,4,4.0,False,23946.0,75.0,5986.5,0
MEDCHAL_HYDERNAGAR,initial greater-Hyderabad study area,TGSPDCL,MEDCHAL,KUKATPALLY,MIYAPUR,HYDERNAGAR,2024-09-01,2024,9,3,1,4,4.0,False,15336.0,75.0,3834.0,0
MEDCHAL_HYDERNAGAR,initial greater-Hyderabad study area,TGSPDCL,MEDCHAL,KUKATPALLY,MIYAPUR,HYDERNAGAR,2024-10-01,2024,10,3,1,4,4.0,False,2639.0,75.0,659.75,0
MEDCHAL_HYDERNAGAR,initial greater-Hyderabad study area,TGSPDCL,MEDCHAL,KUKATPALLY,MIYAPUR,HYDERNAGAR,2024-11-01,2024,11,3,1,4,4.0,False,3207.0,75.0,801.75,0
MEDCHAL_HYDERNAGAR,initial greater-Hyderabad study area,TGSPDCL,MEDCHAL,KUKATPALLY,MIYAPUR,HYDERNAGAR,2024-12-01,2024,12,3,1,4,4.0,False,3361.0,75.0,840.25,0
MEDCHAL_HYDERNAGAR,initial greater-Hyderabad study area,TGSPDCL,MEDCHAL,KUKATPALLY,MIYAPUR,HYDERNAGAR,2025-01-01,2025,1,3,1,4,4.0,False,2532.0,75.0,633.0,0
MEDCHAL_HYDERNAGAR,initial greater-Hyderabad study area,TGSPDCL,MEDCHAL,KUKATPALLY,MIYAPUR,HYDERNAGAR,2025-02-01,2025,2,3,1,4,3.0,False,2480.0,75.0,620.0,0
MEDCHAL_HYDERNAGAR,initial greater-Hyderabad study area,TGSPDCL,MEDCHAL,KUKATPALLY,MIYAPUR,HYDERNAGAR,2025-03-01,2025,3,3,1,4,3.0,False,1985.0,75.0,496.25,0
MEDCHAL_HYDERNAGAR,initial greater-Hyderabad study area,TGSPDCL,MEDCHAL,KUKATPALLY,MIYAPUR,HYDERNAGAR,2025-04-01,2025,4,3,1,4,3.0,False,2341.0,75.0,585.25,0
MEDCHAL_HYDERNAGAR,initial greater-Hyderabad study area,TGSPDCL,MEDCHAL,KUKATPALLY,MIYAPUR,HYDERNAGAR,2025-05-01,2025,5,3,1,4,3.0,False,1798.0,75.0,449.5,0
MEDCHAL_HYDERNAGAR,initial greater-Hyderabad study area,TGSPDCL,MEDCHAL,KUKATPALLY,MIYAPUR,HYDERNAGAR,2025-06-01,2025,6,3,1,4,2.0,True,1624.0,75.0,406.0,0
MEDCHAL_HYDERNAGAR,initial greater-Hyderabad study area,TGSPDCL,MEDCHAL,KUKATPALLY,MIYAPUR,HYDERNAGAR,2025-07-01,2025,7,4,2,5,2.0,True,2662.0,128.0,532.4,0
MEDCHAL_HYDERNAGAR,initial greater-Hyderabad study area,TGSPDCL,MEDCHAL,KUKATPALLY,MIYAPUR,HYDERNAGAR,2025-08-01,2025,8,4,1,5,3.0,True,4874.0,128.0,974.8,0
MEDCHAL_HYDERNAGAR,initial greater-Hyderabad study area,TGSPDCL,MEDCHAL,KUKATPALLY,MIYAPUR,HYDERNAGAR,2025-09-01,2025,9,4,1,5,3.0,True,8125.0,128.0,1625.0,0
MEDCHAL_HYDERNAGAR,initial greater-Hyderabad study area,TGSPDCL,MEDCHAL,KUKATPALLY,MIYAPUR,HYDERNAGAR,2025-10-01,2025,10,4,1,5,3.0,True,11787.0,128.0,2357.4,0
MEDCHAL_HYDERNAGAR,initial greater-Hyderabad study area,TGSPDCL,MEDCHAL,KUKATPALLY,MIYAPUR,HYDERNAGAR,2025-11-01,2025,11,3,0,4,3.0,False,16441.0,126.0,4110.25,0
MEDCHAL_HYDERNAGAR,initial greater-Hyderabad study area,TGSPDCL,MEDCHAL,KUKATPALLY,MIYAPUR,HYDERNAGAR,2025-12-01,2025,12,3,0,4,3.0,False,21251.0,126.0,5312.75,0
MEDCHAL_HYDERNAGAR,initial greater-Hyderabad study area,TGSPDCL,MEDCHAL,KUKATPALLY,MIYAPUR,HYDERNAGAR,2026-01-01,2026,1,3,1,4,3.0,False,29455.0,155.0,7363.75,0
MEDCHAL_HYDERNAGAR,initial greater-Hyderabad study area,TGSPDCL,MEDCHAL,KUKATPALLY,MIYAPUR,HYDERNAGAR,2026-02-01,2026,2,3,1,4,3.0,False,26876.0,155.0,6719.0,0
MEDCHAL_HYDERNAGAR,initial greater-Hyderabad study area,TGSPDCL,MEDCHAL,KUKATPALLY,MIYAPUR,HYDERNAGAR,2026-03-01,2026,3,3,1,4,3.0,False,38995.0,155.0,9748.75,0
MEDCHAL_HYDERNAGAR,initial greater-Hyderabad study area,TGSPDCL,MEDCHAL,KUKATPALLY,MIYAPUR,HYDERNAGAR,2026-04-01,2026,4,3,1,4,3.0,False,46891.0,193.0,11722.75,0
MEDCHAL_HYDERNAGAR,initial greater-Hyderabad study area,TGSPDCL,MEDCHAL,KUKATPALLY,MIYAPUR,HYDERNAGAR,2026-05-01,2026,5,3,1,3,3.0,False,46270.0,143.0,15423.33,0
MEDCHAL_HYDERNAGAR,initial greater-Hyderabad study area,TGSPDCL,MEDCHAL,KUKATPALLY,MIYAPUR,HYDERNAGAR,2026-06-01,2026,6,3,0,3,3.0,False,50076.0,143.0,16692.0,0
MEDCHAL_HYDERNAGAR,initial greater-Hyderabad study area,TGSPDCL,MEDCHAL,KUKATPALLY,MIYAPUR,HYDERNAGAR,2026-07-01,2026,7,3,0,3,3.0,False,47524.0,143.0,15841.33,0
MEDCHAL_HYDERNAGAR,initial greater-Hyderabad study area,TGSPDCL,MEDCHAL,KUKATPALLY,MIYAPUR,HYDERNAGAR,2026-08-01,2026,8,3,0,3,3.0,False,45197.0,143.0,15065.67,0
MEDCHAL_JAGADGIRI_GUTTA,initial greater-Hyderabad study area,TGSPDCL,MEDCHAL,MEDCHAL,QUTBULLAPUR,JAGADGIRI GUTTA,2023-01-01,2023,1,1,1,1,1.0,False,0.0,2.0,0.0,0
MEDCHAL_JAGADGIRI_GUTTA,initial greater-Hyderabad study area,TGSPDCL,MEDCHAL,MEDCHAL,QUTBULLAPUR,JAGADGIRI GUTTA,2023-02-01,2023,2,1,1,1,1.0,False,0.0,2.0,0.0,0
MEDCHAL_JAGADGIRI_GUTTA,initial greater-Hyderabad study area,TGSPDCL,MEDCHAL,MEDCHAL,QUTBULLAPUR,JAGADGIRI GUTTA,2023-03-01,2023,3,1,1,1,1.0,False,0.0,2.0,0.0,0
MEDCHAL_JAGADGIRI_GUTTA,initial greater-Hyderabad study area,TGSPDCL,MEDCHAL,MEDCHAL,QUTBULLAPUR,JAGADGIRI GUTTA,2023-04-01,2023,4,1,1,1,1.0,False,0.0,2.0,0.0,0
MEDCHAL_JAGADGIRI_GUTTA,initial greater-Hyderabad study area,TGSPDCL,MEDCHAL,MEDCHAL,QUTBULLAPUR,JAGADGIRI GUTTA,2023-05-01,2023,5,1,1,1,1.0,False,0.0,2.0,0.0,0
MEDCHAL_JAGADGIRI_GUTTA,initial greater-Hyderabad study area,TGSPDCL,MEDCHAL,MEDCHAL,QUTBULLAPUR,JAGADGIRI GUTTA,2023-06-01,2023,6,1,1,1,1.0,False,0.0,2.0,0.0,0
MEDCHAL_JAGADGIRI_GUTTA,initial greater-Hyderabad study area,TGSPDCL,MEDCHAL,MEDCHAL,QUTBULLAPUR,JAGADGIRI GUTTA,2023-07-01,2023,7,1,1,1,1.0,False,0.0,2.0,0.0,0
MEDCHAL_JAGADGIRI_GUTTA,initial greater-Hyderabad study area,TGSPDCL,MEDCHAL,MEDCHAL,QUTBULLAPUR,JAGADGIRI GUTTA,2023-08-01,2023,8,1,1,1,1.0,False,0.0,2.0,0.0,0
MEDCHAL_JAGADGIRI_GUTTA,initial greater-Hyderabad study area,TGSPDCL,MEDCHAL,MEDCHAL,QUTBULLAPUR,JAGADGIRI GUTTA,2023-09-01,2023,9,1,1,1,1.0,False,0.0,2.0,0.0,0
MEDCHAL_JAGADGIRI_GUTTA,initial greater-Hyderabad study area,TGSPDCL,MEDCHAL,MEDCHAL,QUTBULLAPUR,JAGADGIRI GUTTA,2023-10-01,2023,10,1,1,1,1.0,False,0.0,2.0,0.0,0
MEDCHAL_JAGADGIRI_GUTTA,initial greater-Hyderabad study area,TGSPDCL,MEDCHAL,MEDCHAL,QUTBULLAPUR,JAGADGIRI GUTTA,2023-11-01,2023,11,1,1,1,1.0,False,0.0,2.0,0.0,0
MEDCHAL_JAGADGIRI_GUTTA,initial greater-Hyderabad study area,TGSPDCL,MEDCHAL,MEDCHAL,QUTBULLAPUR,JAGADGIRI GUTTA,2023-12-01,2023,12,1,1,1,1.0,False,0.0,2.0,0.0,0
MEDCHAL_JAGADGIRI_GUTTA,initial greater-Hyderabad study area,TGSPDCL,MEDCHAL,MEDCHAL,QUTBULLAPUR,JAGADGIRI GUTTA,2024-01-01,2024,1,1,1,1,1.0,False,0.0,2.0,0.0,0
MEDCHAL_JAGADGIRI_GUTTA,initial greater-Hyderabad study area,TGSPDCL,MEDCHAL,MEDCHAL,QUTBULLAPUR,JAGADGIRI GUTTA,2024-02-01,2024,2,1,1,1,1.0,False,0.0,2.0,0.0,0
MEDCHAL_JAGADGIRI_GUTTA,initial greater-Hyderabad study area,TGSPDCL,MEDCHAL,MEDCHAL,QUTBULLAPUR,JAGADGIRI GUTTA,2024-03-01,2024,3,1,1,1,1.0,False,0.0,2.0,0.0,0
MEDCHAL_JAGADGIRI_GUTTA,initial greater-Hyderabad study area,TGSPDCL,MEDCHAL,MEDCHAL,QUTBULLAPUR,JAGADGIRI GUTTA,2024-04-01,2024,4,1,1,1,1.0,False,0.0,2.0,0.0,0
MEDCHAL_JAGADGIRI_GUTTA,initial greater-Hyderabad study area,TGSPDCL,MEDCHAL,MEDCHAL,QUTBULLAPUR,JAGADGIRI GUTTA,2024-05-01,2024,5,1,1,1,1.0,False,0.0,2.0,0.0,0
MEDCHAL_JAGADGIRI_GUTTA,initial greater-Hyderabad study area,TGSPDCL,MEDCHAL,MEDCHAL,QUTBULLAPUR,JAGADGIRI GUTTA,2024-06-01,2024,6,1,1,1,1.0,False,0.0,2.0,0.0,0
MEDCHAL_JAGADGIRI_GUTTA,initial greater-Hyderabad study area,TGSPDCL,MEDCHAL,MEDCHAL,QUTBULLAPUR,JAGADGIRI GUTTA,2024-07-01,2024,7,1,1,1,1.0,False,0.0,2.0,0.0,0
MEDCHAL_JAGADGIRI_GUTTA,initial greater-Hyderabad study area,TGSPDCL,MEDCHAL,MEDCHAL,QUTBULLAPUR,JAGADGIRI GUTTA,2024-08-01,2024,8,1,1,1,1.0,False,0.0,2.0,0.0,0
MEDCHAL_JAGADGIRI_GUTTA,initial greater-Hyderabad study area,TGSPDCL,MEDCHAL,MEDCHAL,QUTBULLAPUR,JAGADGIRI GUTTA,2024-09-01,2024,9,1,1,1,1.0,False,0.0,2.0,0.0,0
MEDCHAL_JAGADGIRI_GUTTA,initial greater-Hyderabad study area,TGSPDCL,MEDCHAL,MEDCHAL,QUTBULLAPUR,JAGADGIRI GUTTA,2024-10-01,2024,10,1,1,1,1.0,False,0.0,2.0,0.0,0
MEDCHAL_JAGADGIRI_GUTTA,initial greater-Hyderabad study area,TGSPDCL,MEDCHAL,MEDCHAL,QUTBULLAPUR,JAGADGIRI GUTTA,2024-11-01,2024,11,1,1,1,1.0,False,0.0,2.0,0.0,0
MEDCHAL_JAGADGIRI_GUTTA,initial greater-Hyderabad study area,TGSPDCL,MEDCHAL,MEDCHAL,QUTBULLAPUR,JAGADGIRI GUTTA,2024-12-01,2024,12,1,1,1,1.0,False,0.0,2.0,0.0,0
MEDCHAL_JAGADGIRI_GUTTA,initial greater-Hyderabad study area,TGSPDCL,MEDCHAL,MEDCHAL,QUTBULLAPUR,JAGADGIRI GUTTA,2025-01-01,2025,1,1,1,1,1.0,False,0.0,2.0,0.0,0
MEDCHAL_JAGADGIRI_GUTTA,initial greater-Hyderabad study area,TGSPDCL,MEDCHAL,MEDCHAL,QUTBULLAPUR,JAGADGIRI GUTTA,2025-02-01,2025,2,1,1,1,1.0,False,0.0,2.0,0.0,0
MEDCHAL_JAGADGIRI_GUTTA,initial greater-Hyderabad study area,TGSPDCL,MEDCHAL,MEDCHAL,QUTBULLAPUR,JAGADGIRI GUTTA,2025-03-01,2025,3,1,1,1,1.0,False,0.0,2.0,0.0,0
MEDCHAL_JAGADGIRI_GUTTA,initial greater-Hyderabad study area,TGSPDCL,MEDCHAL,MEDCHAL,QUTBULLAPUR,JAGADGIRI GUTTA,2025-04-01,2025,4,2,2,2,1.0,True,0.0,56.0,0.0,0
MEDCHAL_JAGADGIRI_GUTTA,initial greater-Hyderabad study area,TGSPDCL,MEDCHAL,MEDCHAL,QUTBULLAPUR,JAGADGIRI GUTTA,2025-05-01,2025,5,2,1,2,1.0,True,4035.0,56.0,2017.5,0
MEDCHAL_JAGADGIRI_GUTTA,initial greater-Hyderabad study area,TGSPDCL,MEDCHAL,MEDCHAL,QUTBULLAPUR,JAGADGIRI GUTTA,2025-06-01,2025,6,2,1,2,1.0,True,3737.0,56.0,1868.5,0
MEDCHAL_JAGADGIRI_GUTTA,initial greater-Hyderabad study area,TGSPDCL,MEDCHAL,MEDCHAL,QUTBULLAPUR,JAGADGIRI GUTTA,2025-07-01,2025,7,2,1,2,1.0,True,367.0,56.0,183.5,0
MEDCHAL_JAGADGIRI_GUTTA,initial greater-Hyderabad study area,TGSPDCL,MEDCHAL,MEDCHAL,QUTBULLAPUR,JAGADGIRI GUTTA,2025-08-01,2025,8,2,1,2,1.0,True,3853.0,56.0,1926.5,0
MEDCHAL_JAGADGIRI_GUTTA,initial greater-Hyderabad study area,TGSPDCL,MEDCHAL,MEDCHAL,QUTBULLAPUR,JAGADGIRI GUTTA,2025-09-01,2025,9,2,1,2,1.0,True,3536.0,56.0,1768.0,0
MEDCHAL_JAGADGIRI_GUTTA,initial greater-Hyderabad study area,TGSPDCL,MEDCHAL,MEDCHAL,QUTBULLAPUR,JAGADGIRI GUTTA,2025-10-01,2025,10,2,1,2,1.0,True,3543.0,56.0,1771.5,0
MEDCHAL_JAGADGIRI_GUTTA,initial greater-Hyderabad study area,TGSPDCL,MEDCHAL,MEDCHAL,QUTBULLAPUR,JAGADGIRI GUTTA,2025-11-01,2025,11,2,1,2,1.0,True,3596.0,56.0,1798.0,0
MEDCHAL_JAGADGIRI_GUTTA,initial greater-Hyderabad study area,TGSPDCL,MEDCHAL,MEDCHAL,QUTBULLAPUR,JAGADGIRI GUTTA,2025-12-01,2025,12,2,1,2,1.0,True,4857.0,56.0,2428.5,0
MEDCHAL_JAGADGIRI_GUTTA,initial greater-Hyderabad study area,TGSPDCL,MEDCHAL,MEDCHAL,QUTBULLAPUR,JAGADGIRI GUTTA,2026-01-01,2026,1,2,1,2,1.0,True,5440.0,56.0,2720.0,0
MEDCHAL_JAGADGIRI_GUTTA,initial greater-Hyderabad study area,TGSPDCL,MEDCHAL,MEDCHAL,QUTBULLAPUR,JAGADGIRI GUTTA,2026-02-01,2026,2,2,1,2,1.0,True,4625.0,56.0,2312.5,0
MEDCHAL_JAGADGIRI_GUTTA,initial greater-Hyderabad study area,TGSPDCL,MEDCHAL,MEDCHAL,QUTBULLAPUR,JAGADGIRI GUTTA,2026-03-01,2026,3,2,1,2,1.0,True,3632.0,56.0,1816.0,0
MEDCHAL_JAGADGIRI_GUTTA,initial greater-Hyderabad study area,TGSPDCL,MEDCHAL,MEDCHAL,QUTBULLAPUR,JAGADGIRI GUTTA,2026-04-01,2026,4,2,1,2,1.0,True,6195.0,56.0,3097.5,0
MEDCHAL_JAGADGIRI_GUTTA,initial greater-Hyderabad study area,TGSPDCL,MEDCHAL,MEDCHAL,QUTBULLAPUR,JAGADGIRI GUTTA,2026-05-01,2026,5,2,1,2,1.0,True,8689.0,56.0,4344.5,0
MEDCHAL_JAGADGIRI_GUTTA,initial greater-Hyderabad study area,TGSPDCL,MEDCHAL,MEDCHAL,QUTBULLAPUR,JAGADGIRI GUTTA,2026-06-01,2026,6,2,1,2,1.0,True,10507.0,56.0,5253.5,0
MEDCHAL_JAGADGIRI_GUTTA,initial greater-Hyderabad study area,TGSPDCL,MEDCHAL,MEDCHAL,QUTBULLAPUR,JAGADGIRI GUTTA,2026-07-01,2026,7,2,1,2,1.0,True,8635.0,56.0,4317.5,0
MEDCHAL_JAGADGIRI_GUTTA,initial greater-Hyderabad study area,TGSPDCL,MEDCHAL,MEDCHAL,QUTBULLAPUR,JAGADGIRI GUTTA,2026-08-01,2026,8,2,1,2,1.0,True,9772.0,56.0,4886.0,0
MEDCHAL_JEEDIMETLA_IDA,initial greater-Hyderabad study area,TGSPDCL,MEDCHAL,JEEDIMETLA,JEEDIMETLA,JEEDIMETLA(IDA),2025-01-01,2025,1,1,1,1,,True,0.0,54.0,0.0,0
MEDCHAL_JEEDIMETLA_IDA,initial greater-Hyderabad study area,TGSPDCL,MEDCHAL,JEEDIMETLA,JEEDIMETLA,JEEDIMETLA(IDA),2025-02-01,2025,2,1,0,1,1.0,False,10.0,54.0,10.0,0
MEDCHAL_JEEDIMETLA_IDA,initial greater-Hyderabad study area,TGSPDCL,MEDCHAL,JEEDIMETLA,JEEDIMETLA,JEEDIMETLA(IDA),2025-03-01,2025,3,1,1,1,1.0,False,0.0,54.0,0.0,0
MEDCHAL_JEEDIMETLA_IDA,initial greater-Hyderabad study area,TGSPDCL,MEDCHAL,JEEDIMETLA,JEEDIMETLA,JEEDIMETLA(IDA),2025-04-01,2025,4,1,1,1,1.0,False,0.0,54.0,0.0,0
MEDCHAL_JEEDIMETLA_IDA,initial greater-Hyderabad study area,TGSPDCL,MEDCHAL,JEEDIMETLA,JEEDIMETLA,JEEDIMETLA(IDA),2025-05-01,2025,5,1,1,1,1.0,False,0.0,54.0,0.0,0
MEDCHAL_JEEDIMETLA_IDA,initial greater-Hyderabad study area,TGSPDCL,MEDCHAL,JEEDIMETLA,JEEDIMETLA,JEEDIMETLA(IDA),2025-06-01,2025,6,1,1,1,1.0,False,0.0,54.0,0.0,0
MEDCHAL_JEEDIMETLA_IDA,initial greater-Hyderabad study area,TGSPDCL,MEDCHAL,JEEDIMETLA,JEEDIMETLA,JEEDIMETLA(IDA),2025-07-01,2025,7,1,1,1,1.0,False,0.0,54.0,0.0,0
MEDCHAL_JEEDIMETLA_IDA,initial greater-Hyderabad study area,TGSPDCL,MEDCHAL,JEEDIMETLA,JEEDIMETLA,JEEDIMETLA(IDA),2025-08-01,2025,8,1,1,1,1.0,False,0.0,54.0,0.0,0
MEDCHAL_JEEDIMETLA_IDA,initial greater-Hyderabad study area,TGSPDCL,MEDCHAL,JEEDIMETLA,JEEDIMETLA,JEEDIMETLA(IDA),2025-09-01,2025,9,1,1,1,1.0,False,0.0,54.0,0.0,0
MEDCHAL_JEEDIMETLA_IDA,initial greater-Hyderabad study area,TGSPDCL,MEDCHAL,JEEDIMETLA,JEEDIMETLA,JEEDIMETLA(IDA),2025-10-01,2025,10,1,1,1,1.0,False,0.0,54.0,0.0,0
MEDCHAL_JEEDIMETLA_IDA,initial greater-Hyderabad study area,TGSPDCL,MEDCHAL,JEEDIMETLA,JEEDIMETLA,JEEDIMETLA(IDA),2025-11-01,2025,11,1,1,1,1.0,False,0.0,54.0,0.0,0
MEDCHAL_JEEDIMETLA_IDA,initial greater-Hyderabad study area,TGSPDCL,MEDCHAL,JEEDIMETLA,JEEDIMETLA,JEEDIMETLA(IDA),2025-12-01,2025,12,1,1,1,1.0,False,0.0,54.0,0.0,0
MEDCHAL_JEEDIMETLA_IDA,initial greater-Hyderabad study area,TGSPDCL,MEDCHAL,JEEDIMETLA,JEEDIMETLA,JEEDIMETLA(IDA),2026-01-01,2026,1,1,1,1,1.0,False,0.0,54.0,0.0,0
MEDCHAL_JEEDIMETLA_IDA,initial greater-Hyderabad study area,TGSPDCL,MEDCHAL,JEEDIMETLA,JEEDIMETLA,JEEDIMETLA(IDA),2026-02-01,2026,2,1,1,1,1.0,False,0.0,54.0,0.0,0
MEDCHAL_JEEDIMETLA_IDA,initial greater-Hyderabad study area,TGSPDCL,MEDCHAL,JEEDIMETLA,JEEDIMETLA,JEEDIMETLA(IDA),2026-03-01,2026,3,1,0,1,1.0,False,197.0,54.0,197.0,0
MEDCHAL_JEEDIMETLA_IDA,initial greater-Hyderabad study area,TGSPDCL,MEDCHAL,JEEDIMETLA,JEEDIMETLA,JEEDIMETLA(IDA),2026-04-01,2026,4,1,0,1,1.0,False,439.0,54.0,439.0,0
MEDCHAL_JEEDIMETLA_IDA,initial greater-Hyderabad study area,TGSPDCL,MEDCHAL,JEEDIMETLA,JEEDIMETLA,JEEDIMETLA(IDA),2026-05-01,2026,5,1,0,1,1.0,False,1395.0,54.0,1395.0,0
MEDCHAL_JEEDIMETLA_IDA,initial greater-Hyderabad study area,TGSPDCL,MEDCHAL,JEEDIMETLA,JEEDIMETLA,JEEDIMETLA(IDA),2026-06-01,2026,6,1,0,1,1.0,False,1277.0,54.0,1277.0,0
MEDCHAL_JEEDIMETLA_IDA,initial greater-Hyderabad study area,TGSPDCL,MEDCHAL,JEEDIMETLA,JEEDIMETLA,JEEDIMETLA(IDA),2026-07-01,2026,7,1,0,1,1.0,False,1412.0,54.0,1412.0,0
MEDCHAL_JEEDIMETLA_IDA,initial greater-Hyderabad study area,TGSPDCL,MEDCHAL,JEEDIMETLA,JEEDIMETLA,JEEDIMETLA(IDA),2026-08-01,2026,8,1,0,1,1.0,False,813.0,54.0,813.0,0
MEDCHAL_KOMPALLY,initial greater-Hyderabad study area,TGSPDCL,MEDCHAL,MEDCHAL,QUTBULLAPUR,KOMPALLY,2023-01-01,2023,1,2,0,2,2.0,False,626.0,40.0,313.0,0
MEDCHAL_KOMPALLY,initial greater-Hyderabad study area,TGSPDCL,MEDCHAL,MEDCHAL,QUTBULLAPUR,KOMPALLY,2023-02-01,2023,2,2,0,2,2.0,False,1176.0,40.0,588.0,0
MEDCHAL_KOMPALLY,initial greater-Hyderabad study area,TGSPDCL,MEDCHAL,MEDCHAL,QUTBULLAPUR,KOMPALLY,2023-03-01,2023,3,2,0,2,2.0,False,1080.0,40.0,540.0,0
MEDCHAL_KOMPALLY,initial greater-Hyderabad study area,TGSPDCL,MEDCHAL,MEDCHAL,QUTBULLAPUR,KOMPALLY,2023-04-01,2023,4,3,1,3,2.0,True,1820.0,70.0,606.67,0
MEDCHAL_KOMPALLY,initial greater-Hyderabad study area,TGSPDCL,MEDCHAL,MEDCHAL,QUTBULLAPUR,KOMPALLY,2023-05-01,2023,5,3,0,3,3.0,False,1260.0,70.0,420.0,0
MEDCHAL_KOMPALLY,initial greater-Hyderabad study area,TGSPDCL,MEDCHAL,MEDCHAL,QUTBULLAPUR,KOMPALLY,2023-06-01,2023,6,3,0,3,3.0,False,1459.0,70.0,486.33,0
MEDCHAL_KOMPALLY,initial greater-Hyderabad study area,TGSPDCL,MEDCHAL,MEDCHAL,QUTBULLAPUR,KOMPALLY,2023-07-01,2023,7,3,0,3,3.0,False,2266.0,70.0,755.33,0
MEDCHAL_KOMPALLY,initial greater-Hyderabad study area,TGSPDCL,MEDCHAL,MEDCHAL,QUTBULLAPUR,KOMPALLY,2023-08-01,2023,8,3,0,3,3.0,False,2645.0,70.0,881.67,0
MEDCHAL_KOMPALLY,initial greater-Hyderabad study area,TGSPDCL,MEDCHAL,MEDCHAL,QUTBULLAPUR,KOMPALLY,2023-09-01,2023,9,3,0,3,3.0,False,4617.0,70.0,1539.0,0
MEDCHAL_KOMPALLY,initial greater-Hyderabad study area,TGSPDCL,MEDCHAL,MEDCHAL,QUTBULLAPUR,KOMPALLY,2023-10-01,2023,10,3,0,3,3.0,False,4790.0,70.0,1596.67,0
MEDCHAL_KOMPALLY,initial greater-Hyderabad study area,TGSPDCL,MEDCHAL,MEDCHAL,QUTBULLAPUR,KOMPALLY,2023-11-01,2023,11,3,0,3,3.0,False,5367.0,70.0,1789.0,0
MEDCHAL_KOMPALLY,initial greater-Hyderabad study area,TGSPDCL,MEDCHAL,MEDCHAL,QUTBULLAPUR,KOMPALLY,2023-12-01,2023,12,3,0,3,3.0,False,5576.0,70.0,1858.67,0
MEDCHAL_KOMPALLY,initial greater-Hyderabad study area,TGSPDCL,MEDCHAL,MEDCHAL,QUTBULLAPUR,KOMPALLY,2024-01-01,2024,1,3,0,3,3.0,False,4821.0,70.0,1607.0,0
MEDCHAL_KOMPALLY,initial greater-Hyderabad study area,TGSPDCL,MEDCHAL,MEDCHAL,QUTBULLAPUR,KOMPALLY,2024-02-01,2024,2,3,0,3,3.0,False,6263.0,70.0,2087.67,0
MEDCHAL_KOMPALLY,initial greater-Hyderabad study area,TGSPDCL,MEDCHAL,MEDCHAL,QUTBULLAPUR,KOMPALLY,2024-03-01,2024,3,3,1,3,3.0,False,4258.0,70.0,1419.33,0
MEDCHAL_KOMPALLY,initial greater-Hyderabad study area,TGSPDCL,MEDCHAL,MEDCHAL,QUTBULLAPUR,KOMPALLY,2024-04-01,2024,4,3,0,3,3.0,False,5458.0,70.0,1819.33,0
MEDCHAL_KOMPALLY,initial greater-Hyderabad study area,TGSPDCL,MEDCHAL,MEDCHAL,QUTBULLAPUR,KOMPALLY,2024-05-01,2024,5,3,0,3,3.0,False,5164.0,90.0,1721.33,0
MEDCHAL_KOMPALLY,initial greater-Hyderabad study area,TGSPDCL,MEDCHAL,MEDCHAL,QUTBULLAPUR,KOMPALLY,2024-06-01,2024,6,3,0,3,3.0,False,4462.0,90.0,1487.33,0
MEDCHAL_KOMPALLY,initial greater-Hyderabad study area,TGSPDCL,MEDCHAL,MEDCHAL,QUTBULLAPUR,KOMPALLY,2024-07-01,2024,7,3,1,3,3.0,False,3849.0,90.0,1283.0,0
MEDCHAL_KOMPALLY,initial greater-Hyderabad study area,TGSPDCL,MEDCHAL,MEDCHAL,QUTBULLAPUR,KOMPALLY,2024-08-01,2024,8,3,1,3,3.0,False,3935.0,90.0,1311.67,0
MEDCHAL_KOMPALLY,initial greater-Hyderabad study area,TGSPDCL,MEDCHAL,MEDCHAL,QUTBULLAPUR,KOMPALLY,2024-09-01,2024,9,3,0,3,3.0,False,3067.0,90.0,1022.33,0
MEDCHAL_KOMPALLY,initial greater-Hyderabad study area,TGSPDCL,MEDCHAL,MEDCHAL,QUTBULLAPUR,KOMPALLY,2024-10-01,2024,10,3,0,3,3.0,False,2485.0,90.0,828.33,0
MEDCHAL_KOMPALLY,initial greater-Hyderabad study area,TGSPDCL,MEDCHAL,MEDCHAL,QUTBULLAPUR,KOMPALLY,2024-11-01,2024,11,3,1,3,3.0,False,2189.0,90.0,729.67,0
MEDCHAL_KOMPALLY,initial greater-Hyderabad study area,TGSPDCL,MEDCHAL,MEDCHAL,QUTBULLAPUR,KOMPALLY,2024-12-01,2024,12,3,1,3,3.0,False,2196.0,90.0,732.0,0
MEDCHAL_KOMPALLY,initial greater-Hyderabad study area,TGSPDCL,MEDCHAL,MEDCHAL,QUTBULLAPUR,KOMPALLY,2025-01-01,2025,1,3,0,3,3.0,False,1353.0,90.0,451.0,0
MEDCHAL_KOMPALLY,initial greater-Hyderabad study area,TGSPDCL,MEDCHAL,MEDCHAL,QUTBULLAPUR,KOMPALLY,2025-02-01,2025,2,3,0,3,3.0,False,1155.0,90.0,385.0,0
MEDCHAL_KOMPALLY,initial greater-Hyderabad study area,TGSPDCL,MEDCHAL,MEDCHAL,QUTBULLAPUR,KOMPALLY,2025-03-01,2025,3,3,0,3,3.0,False,759.0,90.0,253.0,0
MEDCHAL_KOMPALLY,initial greater-Hyderabad study area,TGSPDCL,MEDCHAL,MEDCHAL,QUTBULLAPUR,KOMPALLY,2025-04-01,2025,4,3,0,3,3.0,False,1481.0,90.0,493.67,0
MEDCHAL_KOMPALLY,initial greater-Hyderabad study area,TGSPDCL,MEDCHAL,MEDCHAL,QUTBULLAPUR,KOMPALLY,2025-05-01,2025,5,3,0,3,3.0,False,2283.0,90.0,761.0,0
MEDCHAL_KOMPALLY,initial greater-Hyderabad study area,TGSPDCL,MEDCHAL,MEDCHAL,QUTBULLAPUR,KOMPALLY,2025-06-01,2025,6,3,0,3,3.0,False,2623.0,90.0,874.33,0
MEDCHAL_KOMPALLY,initial greater-Hyderabad study area,TGSPDCL,MEDCHAL,MEDCHAL,QUTBULLAPUR,KOMPALLY,2025-07-01,2025,7,3,0,3,3.0,False,1572.0,90.0,524.0,0
MEDCHAL_KOMPALLY,initial greater-Hyderabad study area,TGSPDCL,MEDCHAL,MEDCHAL,QUTBULLAPUR,KOMPALLY,2025-08-01,2025,8,3,0,3,3.0,False,2054.0,90.0,684.67,0
MEDCHAL_KOMPALLY,initial greater-Hyderabad study area,TGSPDCL,MEDCHAL,MEDCHAL,QUTBULLAPUR,KOMPALLY,2025-09-01,2025,9,3,1,3,3.0,False,2288.0,90.0,762.67,0
MEDCHAL_KOMPALLY,initial greater-Hyderabad study area,TGSPDCL,MEDCHAL,MEDCHAL,QUTBULLAPUR,KOMPALLY,2025-10-01,2025,10,3,1,3,3.0,False,2767.0,90.0,922.33,0
MEDCHAL_KOMPALLY,initial greater-Hyderabad study area,TGSPDCL,MEDCHAL,MEDCHAL,QUTBULLAPUR,KOMPALLY,2025-11-01,2025,11,3,1,3,3.0,False,3829.0,90.0,1276.33,0
MEDCHAL_KOMPALLY,initial greater-Hyderabad study area,TGSPDCL,MEDCHAL,MEDCHAL,QUTBULLAPUR,KOMPALLY,2025-12-01,2025,12,3,1,3,3.0,False,3294.0,90.0,1098.0,0
MEDCHAL_KOMPALLY,initial greater-Hyderabad study area,TGSPDCL,MEDCHAL,MEDCHAL,QUTBULLAPUR,KOMPALLY,2026-01-01,2026,1,3,1,3,3.0,False,3099.0,90.0,1033.0,0
MEDCHAL_KOMPALLY,initial greater-Hyderabad study area,TGSPDCL,MEDCHAL,MEDCHAL,QUTBULLAPUR,KOMPALLY,2026-02-01,2026,2,3,1,3,3.0,False,4644.0,90.0,1548.0,0
MEDCHAL_KOMPALLY,initial greater-Hyderabad study area,TGSPDCL,MEDCHAL,MEDCHAL,QUTBULLAPUR,KOMPALLY,2026-03-01,2026,3,3,1,3,3.0,False,5394.0,90.0,1798.0,0
MEDCHAL_KOMPALLY,initial greater-Hyderabad study area,TGSPDCL,MEDCHAL,MEDCHAL,QUTBULLAPUR,KOMPALLY,2026-04-01,2026,4,4,2,4,3.0,True,7292.0,143.0,1823.0,0
MEDCHAL_KOMPALLY,initial greater-Hyderabad study area,TGSPDCL,MEDCHAL,MEDCHAL,QUTBULLAPUR,KOMPALLY,2026-05-01,2026,5,4,1,4,4.0,False,40647.0,143.0,10161.75,0
MEDCHAL_KOMPALLY,initial greater-Hyderabad study area,TGSPDCL,MEDCHAL,MEDCHAL,QUTBULLAPUR,KOMPALLY,2026-06-01,2026,6,4,1,4,4.0,False,34614.0,143.0,8653.5,0
MEDCHAL_KOMPALLY,initial greater-Hyderabad study area,TGSPDCL,MEDCHAL,MEDCHAL,QUTBULLAPUR,KOMPALLY,2026-07-01,2026,7,4,0,4,4.0,False,36961.0,143.0,9240.25,0
MEDCHAL_KOMPALLY,initial greater-Hyderabad study area,TGSPDCL,MEDCHAL,MEDCHAL,QUTBULLAPUR,KOMPALLY,2026-08-01,2026,8,4,1,4,4.0,False,37439.0,143.0,9359.75,0
MEDCHAL_KUKATPALLY,initial greater-Hyderabad study area,TGSPDCL,MEDCHAL,KUKATPALLY,KUKATPALLY,KUKATPALLY,2023-05-01,2023,5,1,1,1,,True,0.0,12.0,0.0,0
MEDCHAL_KUKATPALLY,initial greater-Hyderabad study area,TGSPDCL,MEDCHAL,KUKATPALLY,KUKATPALLY,KUKATPALLY,2023-06-01,2023,6,1,0,1,1.0,False,51.0,12.0,51.0,0
MEDCHAL_KUKATPALLY,initial greater-Hyderabad study area,TGSPDCL,MEDCHAL,KUKATPALLY,KUKATPALLY,KUKATPALLY,2023-07-01,2023,7,1,1,1,1.0,False,0.0,12.0,0.0,0
MEDCHAL_KUKATPALLY,initial greater-Hyderabad study area,TGSPDCL,MEDCHAL,KUKATPALLY,KUKATPALLY,KUKATPALLY,2023-08-01,2023,8,1,0,1,1.0,False,716.0,12.0,716.0,0
MEDCHAL_KUKATPALLY,initial greater-Hyderabad study area,TGSPDCL,MEDCHAL,KUKATPALLY,KUKATPALLY,KUKATPALLY,2023-09-01,2023,9,1,0,1,1.0,False,6115.0,12.0,6115.0,0
MEDCHAL_KUKATPALLY,initial greater-Hyderabad study area,TGSPDCL,MEDCHAL,KUKATPALLY,KUKATPALLY,KUKATPALLY,2023-10-01,2023,10,1,0,1,1.0,False,5343.0,12.0,5343.0,0
MEDCHAL_KUKATPALLY,initial greater-Hyderabad study area,TGSPDCL,MEDCHAL,KUKATPALLY,KUKATPALLY,KUKATPALLY,2023-11-01,2023,11,1,0,1,1.0,False,5796.0,12.0,5796.0,0
MEDCHAL_KUKATPALLY,initial greater-Hyderabad study area,TGSPDCL,MEDCHAL,KUKATPALLY,KUKATPALLY,KUKATPALLY,2023-12-01,2023,12,1,0,1,1.0,False,5471.0,22.0,5471.0,0
MEDCHAL_KUKATPALLY,initial greater-Hyderabad study area,TGSPDCL,MEDCHAL,KUKATPALLY,KUKATPALLY,KUKATPALLY,2024-01-01,2024,1,1,0,1,1.0,False,4809.0,22.0,4809.0,0
MEDCHAL_KUKATPALLY,initial greater-Hyderabad study area,TGSPDCL,MEDCHAL,KUKATPALLY,KUKATPALLY,KUKATPALLY,2024-02-01,2024,2,1,0,1,1.0,False,4924.0,22.0,4924.0,0
MEDCHAL_KUKATPALLY,initial greater-Hyderabad study area,TGSPDCL,MEDCHAL,KUKATPALLY,KUKATPALLY,KUKATPALLY,2024-03-01,2024,3,1,0,1,1.0,False,4030.0,22.0,4030.0,0
MEDCHAL_KUKATPALLY,initial greater-Hyderabad study area,TGSPDCL,MEDCHAL,KUKATPALLY,KUKATPALLY,KUKATPALLY,2024-04-01,2024,4,1,0,1,1.0,False,4099.0,22.0,4099.0,0
MEDCHAL_KUKATPALLY,initial greater-Hyderabad study area,TGSPDCL,MEDCHAL,KUKATPALLY,KUKATPALLY,KUKATPALLY,2024-05-01,2024,5,1,0,1,1.0,False,4160.0,22.0,4160.0,0
MEDCHAL_KUKATPALLY,initial greater-Hyderabad study area,TGSPDCL,MEDCHAL,KUKATPALLY,KUKATPALLY,KUKATPALLY,2024-06-01,2024,6,1,0,1,1.0,False,4999.0,22.0,4999.0,0
MEDCHAL_KUKATPALLY,initial greater-Hyderabad study area,TGSPDCL,MEDCHAL,KUKATPALLY,KUKATPALLY,KUKATPALLY,2024-07-01,2024,7,1,0,1,1.0,False,5636.0,22.0,5636.0,0
MEDCHAL_KUKATPALLY,initial greater-Hyderabad study area,TGSPDCL,MEDCHAL,KUKATPALLY,KUKATPALLY,KUKATPALLY,2024-08-01,2024,8,1,0,1,1.0,False,6131.0,22.0,6131.0,0
MEDCHAL_KUKATPALLY,initial greater-Hyderabad study area,TGSPDCL,MEDCHAL,KUKATPALLY,KUKATPALLY,KUKATPALLY,2024-09-01,2024,9,1,0,1,1.0,False,5106.0,22.0,5106.0,0
MEDCHAL_KUKATPALLY,initial greater-Hyderabad study area,TGSPDCL,MEDCHAL,KUKATPALLY,KUKATPALLY,KUKATPALLY,2024-10-01,2024,10,1,0,1,1.0,False,5310.0,22.0,5310.0,0
MEDCHAL_KUKATPALLY,initial greater-Hyderabad study area,TGSPDCL,MEDCHAL,KUKATPALLY,KUKATPALLY,KUKATPALLY,2024-11-01,2024,11,1,0,1,1.0,False,5126.0,22.0,5126.0,0
MEDCHAL_KUKATPALLY,initial greater-Hyderabad study area,TGSPDCL,MEDCHAL,KUKATPALLY,KUKATPALLY,KUKATPALLY,2024-12-01,2024,12,1,0,1,1.0,False,7443.0,22.0,7443.0,0
MEDCHAL_KUKATPALLY,initial greater-Hyderabad study area,TGSPDCL,MEDCHAL,KUKATPALLY,KUKATPALLY,KUKATPALLY,2025-01-01,2025,1,2,1,2,1.0,True,6890.0,72.0,3445.0,0
MEDCHAL_KUKATPALLY,initial greater-Hyderabad study area,TGSPDCL,MEDCHAL,KUKATPALLY,KUKATPALLY,KUKATPALLY,2025-02-01,2025,2,2,0,2,2.0,False,7990.0,72.0,3995.0,0
MEDCHAL_KUKATPALLY,initial greater-Hyderabad study area,TGSPDCL,MEDCHAL,KUKATPALLY,KUKATPALLY,KUKATPALLY,2025-03-01,2025,3,2,0,2,2.0,False,8767.0,72.0,4383.5,0
MEDCHAL_KUKATPALLY,initial greater-Hyderabad study area,TGSPDCL,MEDCHAL,KUKATPALLY,KUKATPALLY,KUKATPALLY,2025-04-01,2025,4,2,0,2,2.0,False,9362.0,72.0,4681.0,0
MEDCHAL_KUKATPALLY,initial greater-Hyderabad study area,TGSPDCL,MEDCHAL,KUKATPALLY,KUKATPALLY,KUKATPALLY,2025-05-01,2025,5,2,0,2,2.0,False,7362.0,72.0,3681.0,0
MEDCHAL_KUKATPALLY,initial greater-Hyderabad study area,TGSPDCL,MEDCHAL,KUKATPALLY,KUKATPALLY,KUKATPALLY,2025-06-01,2025,6,2,0,2,2.0,False,7737.0,72.0,3868.5,0
MEDCHAL_KUKATPALLY,initial greater-Hyderabad study area,TGSPDCL,MEDCHAL,KUKATPALLY,KUKATPALLY,KUKATPALLY,2025-07-01,2025,7,2,0,2,2.0,False,7348.0,72.0,3674.0,0
MEDCHAL_KUKATPALLY,initial greater-Hyderabad study area,TGSPDCL,MEDCHAL,KUKATPALLY,KUKATPALLY,KUKATPALLY,2025-08-01,2025,8,2,0,2,2.0,False,8006.0,72.0,4003.0,0
MEDCHAL_KUKATPALLY,initial greater-Hyderabad study area,TGSPDCL,MEDCHAL,KUKATPALLY,KUKATPALLY,KUKATPALLY,2025-09-01,2025,9,2,0,2,2.0,False,7540.0,72.0,3770.0,0
MEDCHAL_KUKATPALLY,initial greater-Hyderabad study area,TGSPDCL,MEDCHAL,KUKATPALLY,KUKATPALLY,KUKATPALLY,2025-10-01,2025,10,2,0,2,2.0,False,8669.0,72.0,4334.5,0
MEDCHAL_KUKATPALLY,initial greater-Hyderabad study area,TGSPDCL,MEDCHAL,KUKATPALLY,KUKATPALLY,KUKATPALLY,2025-11-01,2025,11,2,0,2,2.0,False,11849.0,72.0,5924.5,0
MEDCHAL_KUKATPALLY,initial greater-Hyderabad study area,TGSPDCL,MEDCHAL,KUKATPALLY,KUKATPALLY,KUKATPALLY,2025-12-01,2025,12,2,0,2,2.0,False,14116.0,72.0,7058.0,0
MEDCHAL_KUKATPALLY,initial greater-Hyderabad study area,TGSPDCL,MEDCHAL,KUKATPALLY,KUKATPALLY,KUKATPALLY,2026-01-01,2026,1,2,0,2,2.0,False,13081.0,72.0,6540.5,0
MEDCHAL_KUKATPALLY,initial greater-Hyderabad study area,TGSPDCL,MEDCHAL,KUKATPALLY,KUKATPALLY,KUKATPALLY,2026-02-01,2026,2,2,0,2,2.0,False,13666.0,72.0,6833.0,0
MEDCHAL_KUKATPALLY,initial greater-Hyderabad study area,TGSPDCL,MEDCHAL,KUKATPALLY,KUKATPALLY,KUKATPALLY,2026-03-01,2026,3,2,0,2,2.0,False,13789.0,72.0,6894.5,0
MEDCHAL_KUKATPALLY,initial greater-Hyderabad study area,TGSPDCL,MEDCHAL,KUKATPALLY,KUKATPALLY,KUKATPALLY,2026-04-01,2026,4,2,0,2,2.0,False,11942.0,72.0,5971.0,0
MEDCHAL_KUKATPALLY,initial greater-Hyderabad study area,TGSPDCL,MEDCHAL,KUKATPALLY,KUKATPALLY,KUKATPALLY,2026-05-01,2026,5,2,1,2,1.0,True,5398.0,72.0,2699.0,0
MEDCHAL_KUKATPALLY,initial greater-Hyderabad study area,TGSPDCL,MEDCHAL,KUKATPALLY,KUKATPALLY,KUKATPALLY,2026-06-01,2026,6,2,1,2,1.0,True,6947.0,72.0,3473.5,0
MEDCHAL_KUKATPALLY,initial greater-Hyderabad study area,TGSPDCL,MEDCHAL,KUKATPALLY,KUKATPALLY,KUKATPALLY,2026-07-01,2026,7,2,1,2,1.0,True,7065.0,72.0,3532.5,0
MEDCHAL_KUKATPALLY,initial greater-Hyderabad study area,TGSPDCL,MEDCHAL,KUKATPALLY,KUKATPALLY,KUKATPALLY,2026-08-01,2026,8,2,1,2,1.0,True,4609.0,72.0,2304.5,0
MEDCHAL_MEDCHAL_RURAL,initial greater-Hyderabad study area,TGSPDCL,MEDCHAL,MEDCHAL,MEDCHAL,MEDCHAL RURAL,2023-01-01,2023,1,1,0,1,1.0,False,156.0,45.0,156.0,0
MEDCHAL_MEDCHAL_RURAL,initial greater-Hyderabad study area,TGSPDCL,MEDCHAL,MEDCHAL,MEDCHAL,MEDCHAL RURAL,2023-02-01,2023,2,1,0,1,1.0,False,224.0,45.0,224.0,0
MEDCHAL_MEDCHAL_RURAL,initial greater-Hyderabad study area,TGSPDCL,MEDCHAL,MEDCHAL,MEDCHAL,MEDCHAL RURAL,2023-03-01,2023,3,1,0,1,1.0,False,282.0,45.0,282.0,0
MEDCHAL_MEDCHAL_RURAL,initial greater-Hyderabad study area,TGSPDCL,MEDCHAL,MEDCHAL,MEDCHAL,MEDCHAL RURAL,2023-04-01,2023,4,1,0,2,1.0,False,329.0,75.0,164.5,0
MEDCHAL_MEDCHAL_RURAL,initial greater-Hyderabad study area,TGSPDCL,MEDCHAL,MEDCHAL,MEDCHAL,MEDCHAL RURAL,2023-05-01,2023,5,1,0,2,2.0,False,173.0,75.0,86.5,0
MEDCHAL_MEDCHAL_RURAL,initial greater-Hyderabad study area,TGSPDCL,MEDCHAL,MEDCHAL,MEDCHAL,MEDCHAL RURAL,2023-06-01,2023,6,1,0,2,2.0,False,576.0,75.0,288.0,0
MEDCHAL_MEDCHAL_RURAL,initial greater-Hyderabad study area,TGSPDCL,MEDCHAL,MEDCHAL,MEDCHAL,MEDCHAL RURAL,2023-07-01,2023,7,1,0,2,2.0,False,607.0,75.0,303.5,0
MEDCHAL_MEDCHAL_RURAL,initial greater-Hyderabad study area,TGSPDCL,MEDCHAL,MEDCHAL,MEDCHAL,MEDCHAL RURAL,2023-08-01,2023,8,1,0,2,2.0,False,860.0,75.0,430.0,0
MEDCHAL_MEDCHAL_RURAL,initial greater-Hyderabad study area,TGSPDCL,MEDCHAL,MEDCHAL,MEDCHAL,MEDCHAL RURAL,2023-09-01,2023,9,1,0,2,2.0,False,1149.0,75.0,574.5,0
MEDCHAL_MEDCHAL_RURAL,initial greater-Hyderabad study area,TGSPDCL,MEDCHAL,MEDCHAL,MEDCHAL,MEDCHAL RURAL,2023-10-01,2023,10,1,0,2,2.0,False,1055.0,75.0,527.5,0
MEDCHAL_MEDCHAL_RURAL,initial greater-Hyderabad study area,TGSPDCL,MEDCHAL,MEDCHAL,MEDCHAL,MEDCHAL RURAL,2023-11-01,2023,11,1,0,2,2.0,False,785.0,75.0,392.5,0
MEDCHAL_MEDCHAL_RURAL,initial greater-Hyderabad study area,TGSPDCL,MEDCHAL,MEDCHAL,MEDCHAL,MEDCHAL RURAL,2023-12-01,2023,12,1,0,2,2.0,False,424.0,75.0,212.0,0
MEDCHAL_MEDCHAL_RURAL,initial greater-Hyderabad study area,TGSPDCL,MEDCHAL,MEDCHAL,MEDCHAL,MEDCHAL RURAL,2024-01-01,2024,1,1,0,2,2.0,False,808.0,75.0,404.0,0
MEDCHAL_MEDCHAL_RURAL,initial greater-Hyderabad study area,TGSPDCL,MEDCHAL,MEDCHAL,MEDCHAL,MEDCHAL RURAL,2024-02-01,2024,2,1,0,2,2.0,False,905.0,75.0,452.5,0
MEDCHAL_MEDCHAL_RURAL,initial greater-Hyderabad study area,TGSPDCL,MEDCHAL,MEDCHAL,MEDCHAL,MEDCHAL RURAL,2024-03-01,2024,3,1,0,2,2.0,False,641.0,75.0,320.5,0
MEDCHAL_MEDCHAL_RURAL,initial greater-Hyderabad study area,TGSPDCL,MEDCHAL,MEDCHAL,MEDCHAL,MEDCHAL RURAL,2024-04-01,2024,4,1,0,2,2.0,False,566.0,75.0,283.0,0
MEDCHAL_MEDCHAL_RURAL,initial greater-Hyderabad study area,TGSPDCL,MEDCHAL,MEDCHAL,MEDCHAL,MEDCHAL RURAL,2024-05-01,2024,5,1,0,2,2.0,False,1140.0,75.0,570.0,0
MEDCHAL_MEDCHAL_RURAL,initial greater-Hyderabad study area,TGSPDCL,MEDCHAL,MEDCHAL,MEDCHAL,MEDCHAL RURAL,2024-06-01,2024,6,1,0,2,2.0,False,1368.0,75.0,684.0,0
MEDCHAL_MEDCHAL_RURAL,initial greater-Hyderabad study area,TGSPDCL,MEDCHAL,MEDCHAL,MEDCHAL,MEDCHAL RURAL,2024-07-01,2024,7,1,0,2,2.0,False,1051.0,75.0,525.5,0
MEDCHAL_MEDCHAL_RURAL,initial greater-Hyderabad study area,TGSPDCL,MEDCHAL,MEDCHAL,MEDCHAL,MEDCHAL RURAL,2024-08-01,2024,8,1,0,2,2.0,False,917.0,75.0,458.5,0
MEDCHAL_MEDCHAL_RURAL,initial greater-Hyderabad study area,TGSPDCL,MEDCHAL,MEDCHAL,MEDCHAL,MEDCHAL RURAL,2024-09-01,2024,9,1,0,2,2.0,False,1677.0,75.0,838.5,0
MEDCHAL_MEDCHAL_RURAL,initial greater-Hyderabad study area,TGSPDCL,MEDCHAL,MEDCHAL,MEDCHAL,MEDCHAL RURAL,2024-10-01,2024,10,1,0,2,2.0,False,1023.0,75.0,511.5,0
MEDCHAL_MEDCHAL_RURAL,initial greater-Hyderabad study area,TGSPDCL,MEDCHAL,MEDCHAL,MEDCHAL,MEDCHAL RURAL,2024-11-01,2024,11,1,0,2,2.0,False,1065.0,75.0,532.5,0
MEDCHAL_MEDCHAL_RURAL,initial greater-Hyderabad study area,TGSPDCL,MEDCHAL,MEDCHAL,MEDCHAL,MEDCHAL RURAL,2024-12-01,2024,12,1,0,2,2.0,False,1579.0,75.0,789.5,0
MEDCHAL_MEDCHAL_RURAL,initial greater-Hyderabad study area,TGSPDCL,MEDCHAL,MEDCHAL,MEDCHAL,MEDCHAL RURAL,2025-01-01,2025,1,1,0,2,2.0,False,1719.0,75.0,859.5,0
MEDCHAL_MEDCHAL_RURAL,initial greater-Hyderabad study area,TGSPDCL,MEDCHAL,MEDCHAL,MEDCHAL,MEDCHAL RURAL,2025-02-01,2025,2,1,0,2,2.0,False,1972.0,75.0,986.0,0
MEDCHAL_MEDCHAL_RURAL,initial greater-Hyderabad study area,TGSPDCL,MEDCHAL,MEDCHAL,MEDCHAL,MEDCHAL RURAL,2025-03-01,2025,3,1,0,2,2.0,False,2090.0,75.0,1045.0,0
MEDCHAL_MEDCHAL_RURAL,initial greater-Hyderabad study area,TGSPDCL,MEDCHAL,MEDCHAL,MEDCHAL,MEDCHAL RURAL,2025-04-01,2025,4,1,0,2,2.0,False,2168.0,75.0,1084.0,0
MEDCHAL_MEDCHAL_RURAL,initial greater-Hyderabad study area,TGSPDCL,MEDCHAL,MEDCHAL,MEDCHAL,MEDCHAL RURAL,2025-05-01,2025,5,1,0,2,2.0,False,1924.0,75.0,962.0,0
MEDCHAL_MEDCHAL_RURAL,initial greater-Hyderabad study area,TGSPDCL,MEDCHAL,MEDCHAL,MEDCHAL,MEDCHAL RURAL,2025-06-01,2025,6,1,0,2,2.0,False,1776.0,75.0,888.0,0
MEDCHAL_MEDCHAL_RURAL,initial greater-Hyderabad study area,TGSPDCL,MEDCHAL,MEDCHAL,MEDCHAL,MEDCHAL RURAL,2025-07-01,2025,7,1,0,2,2.0,False,1412.0,75.0,706.0,0
MEDCHAL_MEDCHAL_RURAL,initial greater-Hyderabad study area,TGSPDCL,MEDCHAL,MEDCHAL,MEDCHAL,MEDCHAL RURAL,2025-08-01,2025,8,1,0,2,2.0,False,1369.0,75.0,684.5,0
MEDCHAL_MEDCHAL_RURAL,initial greater-Hyderabad study area,TGSPDCL,MEDCHAL,MEDCHAL,MEDCHAL,MEDCHAL RURAL,2025-09-01,2025,9,1,0,2,2.0,False,1369.0,75.0,684.5,0
MEDCHAL_MEDCHAL_RURAL,initial greater-Hyderabad study area,TGSPDCL,MEDCHAL,MEDCHAL,MEDCHAL,MEDCHAL RURAL,2025-10-01,2025,10,1,0,2,2.0,False,725.0,75.0,362.5,0
MEDCHAL_MEDCHAL_RURAL,initial greater-Hyderabad study area,TGSPDCL,MEDCHAL,MEDCHAL,MEDCHAL,MEDCHAL RURAL,2025-11-01,2025,11,1,0,2,2.0,False,611.0,75.0,305.5,0
MEDCHAL_MEDCHAL_RURAL,initial greater-Hyderabad study area,TGSPDCL,MEDCHAL,MEDCHAL,MEDCHAL,MEDCHAL RURAL,2025-12-01,2025,12,1,0,2,2.0,False,1121.0,75.0,560.5,0
MEDCHAL_MEDCHAL_RURAL,initial greater-Hyderabad study area,TGSPDCL,MEDCHAL,MEDCHAL,MEDCHAL,MEDCHAL RURAL,2026-01-01,2026,1,1,0,2,2.0,False,1395.0,75.0,697.5,0
MEDCHAL_MEDCHAL_RURAL,initial greater-Hyderabad study area,TGSPDCL,MEDCHAL,MEDCHAL,MEDCHAL,MEDCHAL RURAL,2026-02-01,2026,2,1,0,2,2.0,False,2382.0,75.0,1191.0,0
MEDCHAL_MEDCHAL_RURAL,initial greater-Hyderabad study area,TGSPDCL,MEDCHAL,MEDCHAL,MEDCHAL,MEDCHAL RURAL,2026-03-01,2026,3,1,0,2,2.0,False,1897.0,75.0,948.5,0
MEDCHAL_MEDCHAL_RURAL,initial greater-Hyderabad study area,TGSPDCL,MEDCHAL,MEDCHAL,MEDCHAL,MEDCHAL RURAL,2026-04-01,2026,4,1,0,2,2.0,False,1513.0,75.0,756.5,0
MEDCHAL_MEDCHAL_RURAL,initial greater-Hyderabad study area,TGSPDCL,MEDCHAL,MEDCHAL,MEDCHAL,MEDCHAL RURAL,2026-05-01,2026,5,1,0,2,2.0,False,2741.0,75.0,1370.5,0
MEDCHAL_MEDCHAL_RURAL,initial greater-Hyderabad study area,TGSPDCL,MEDCHAL,MEDCHAL,MEDCHAL,MEDCHAL RURAL,2026-06-01,2026,6,1,0,2,2.0,False,5060.0,75.0,2530.0,0
MEDCHAL_MEDCHAL_RURAL,initial greater-Hyderabad study area,TGSPDCL,MEDCHAL,MEDCHAL,MEDCHAL,MEDCHAL RURAL,2026-07-01,2026,7,1,0,2,2.0,False,4643.0,75.0,2321.5,0
MEDCHAL_MEDCHAL_RURAL,initial greater-Hyderabad study area,TGSPDCL,MEDCHAL,MEDCHAL,MEDCHAL,MEDCHAL RURAL,2026-08-01,2026,8,1,0,3,3.0,False,5260.0,135.0,1753.33,0
MEDCHAL_MEDCHAL_TOWN,initial greater-Hyderabad study area,TGSPDCL,MEDCHAL,MEDCHAL,MEDCHAL,MEDCHAL TOWN,2025-04-01,2025,4,2,0,2,2.0,False,149.0,108.0,74.5,0
MEDCHAL_MEDCHAL_TOWN,initial greater-Hyderabad study area,TGSPDCL,MEDCHAL,MEDCHAL,MEDCHAL,MEDCHAL TOWN,2025-05-01,2025,5,2,1,2,2.0,False,655.0,108.0,327.5,0
MEDCHAL_MEDCHAL_TOWN,initial greater-Hyderabad study area,TGSPDCL,MEDCHAL,MEDCHAL,MEDCHAL,MEDCHAL TOWN,2025-06-01,2025,6,2,1,2,2.0,False,1171.0,108.0,585.5,0
MEDCHAL_MEDCHAL_TOWN,initial greater-Hyderabad study area,TGSPDCL,MEDCHAL,MEDCHAL,MEDCHAL,MEDCHAL TOWN,2025-07-01,2025,7,2,1,2,2.0,False,824.0,108.0,412.0,0
MEDCHAL_MEDCHAL_TOWN,initial greater-Hyderabad study area,TGSPDCL,MEDCHAL,MEDCHAL,MEDCHAL,MEDCHAL TOWN,2025-08-01,2025,8,2,0,2,2.0,False,776.0,108.0,388.0,0
MEDCHAL_MEDCHAL_TOWN,initial greater-Hyderabad study area,TGSPDCL,MEDCHAL,MEDCHAL,MEDCHAL,MEDCHAL TOWN,2025-09-01,2025,9,2,0,2,2.0,False,1067.0,108.0,533.5,0
MEDCHAL_MEDCHAL_TOWN,initial greater-Hyderabad study area,TGSPDCL,MEDCHAL,MEDCHAL,MEDCHAL,MEDCHAL TOWN,2025-10-01,2025,10,2,0,2,2.0,False,1538.0,108.0,769.0,0
MEDCHAL_MEDCHAL_TOWN,initial greater-Hyderabad study area,TGSPDCL,MEDCHAL,MEDCHAL,MEDCHAL,MEDCHAL TOWN,2025-11-01,2025,11,2,0,2,2.0,False,3688.0,108.0,1844.0,0
MEDCHAL_MEDCHAL_TOWN,initial greater-Hyderabad study area,TGSPDCL,MEDCHAL,MEDCHAL,MEDCHAL,MEDCHAL TOWN,2025-12-01,2025,12,2,0,2,2.0,False,3801.0,108.0,1900.5,0
MEDCHAL_MEDCHAL_TOWN,initial greater-Hyderabad study area,TGSPDCL,MEDCHAL,MEDCHAL,MEDCHAL,MEDCHAL TOWN,2026-01-01,2026,1,2,0,2,2.0,False,6187.0,108.0,3093.5,0
MEDCHAL_MEDCHAL_TOWN,initial greater-Hyderabad study area,TGSPDCL,MEDCHAL,MEDCHAL,MEDCHAL,MEDCHAL TOWN,2026-02-01,2026,2,2,0,2,2.0,False,6744.0,108.0,3372.0,0
MEDCHAL_MEDCHAL_TOWN,initial greater-Hyderabad study area,TGSPDCL,MEDCHAL,MEDCHAL,MEDCHAL,MEDCHAL TOWN,2026-03-01,2026,3,2,0,2,2.0,False,6290.0,108.0,3145.0,0
MEDCHAL_MEDCHAL_TOWN,initial greater-Hyderabad study area,TGSPDCL,MEDCHAL,MEDCHAL,MEDCHAL,MEDCHAL TOWN,2026-04-01,2026,4,2,0,2,2.0,False,9688.0,108.0,4844.0,0
MEDCHAL_MEDCHAL_TOWN,initial greater-Hyderabad study area,TGSPDCL,MEDCHAL,MEDCHAL,MEDCHAL,MEDCHAL TOWN,2026-05-01,2026,5,2,0,2,2.0,False,15557.0,115.0,7778.5,0
MEDCHAL_MEDCHAL_TOWN,initial greater-Hyderabad study area,TGSPDCL,MEDCHAL,MEDCHAL,MEDCHAL,MEDCHAL TOWN,2026-06-01,2026,6,2,0,2,2.0,False,3504.0,115.0,1752.0,0
MEDCHAL_MEDCHAL_TOWN,initial greater-Hyderabad study area,TGSPDCL,MEDCHAL,MEDCHAL,MEDCHAL,MEDCHAL TOWN,2026-07-01,2026,7,2,1,2,2.0,False,3229.0,115.0,1614.5,0
MEDCHAL_MEDCHAL_TOWN,initial greater-Hyderabad study area,TGSPDCL,MEDCHAL,MEDCHAL,MEDCHAL,MEDCHAL TOWN,2026-08-01,2026,8,2,1,2,2.0,False,2997.0,115.0,1498.5,0
MEDCHAL_MIYAPUR,initial greater-Hyderabad study area,TGSPDCL,MEDCHAL,KUKATPALLY,MIYAPUR,MIYAPUR,2023-01-01,2023,1,1,0,1,1.0,False,2199.0,20.0,2199.0,0
MEDCHAL_MIYAPUR,initial greater-Hyderabad study area,TGSPDCL,MEDCHAL,KUKATPALLY,MIYAPUR,MIYAPUR,2023-02-01,2023,2,1,0,1,1.0,False,1557.0,20.0,1557.0,0
MEDCHAL_MIYAPUR,initial greater-Hyderabad study area,TGSPDCL,MEDCHAL,KUKATPALLY,MIYAPUR,MIYAPUR,2023-03-01,2023,3,1,0,1,1.0,False,1676.0,20.0,1676.0,0
MEDCHAL_MIYAPUR,initial greater-Hyderabad study area,TGSPDCL,MEDCHAL,KUKATPALLY,MIYAPUR,MIYAPUR,2023-04-01,2023,4,1,0,1,1.0,False,1742.0,20.0,1742.0,0
MEDCHAL_MIYAPUR,initial greater-Hyderabad study area,TGSPDCL,MEDCHAL,KUKATPALLY,MIYAPUR,MIYAPUR,2023-05-01,2023,5,1,0,1,1.0,False,2171.0,20.0,2171.0,0
MEDCHAL_MIYAPUR,initial greater-Hyderabad study area,TGSPDCL,MEDCHAL,KUKATPALLY,MIYAPUR,MIYAPUR,2023-06-01,2023,6,1,0,1,1.0,False,1564.0,20.0,1564.0,0
MEDCHAL_MIYAPUR,initial greater-Hyderabad study area,TGSPDCL,MEDCHAL,KUKATPALLY,MIYAPUR,MIYAPUR,2023-07-01,2023,7,1,0,1,1.0,False,1832.0,20.0,1832.0,0
MEDCHAL_MIYAPUR,initial greater-Hyderabad study area,TGSPDCL,MEDCHAL,KUKATPALLY,MIYAPUR,MIYAPUR,2023-08-01,2023,8,1,0,1,1.0,False,1274.0,20.0,1274.0,0
MEDCHAL_MIYAPUR,initial greater-Hyderabad study area,TGSPDCL,MEDCHAL,KUKATPALLY,MIYAPUR,MIYAPUR,2023-09-01,2023,9,1,0,1,1.0,False,1982.0,20.0,1982.0,0
MEDCHAL_MIYAPUR,initial greater-Hyderabad study area,TGSPDCL,MEDCHAL,KUKATPALLY,MIYAPUR,MIYAPUR,2023-10-01,2023,10,1,0,1,1.0,False,2288.0,20.0,2288.0,0
MEDCHAL_MIYAPUR,initial greater-Hyderabad study area,TGSPDCL,MEDCHAL,KUKATPALLY,MIYAPUR,MIYAPUR,2024-01-01,2024,1,1,1,1,,True,0.0,54.0,0.0,0
MEDCHAL_MIYAPUR,initial greater-Hyderabad study area,TGSPDCL,MEDCHAL,KUKATPALLY,MIYAPUR,MIYAPUR,2024-02-01,2024,2,1,1,1,1.0,False,0.0,54.0,0.0,0
MEDCHAL_MIYAPUR,initial greater-Hyderabad study area,TGSPDCL,MEDCHAL,KUKATPALLY,MIYAPUR,MIYAPUR,2024-03-01,2024,3,1,0,1,1.0,False,213.0,54.0,213.0,0
MEDCHAL_MIYAPUR,initial greater-Hyderabad study area,TGSPDCL,MEDCHAL,KUKATPALLY,MIYAPUR,MIYAPUR,2024-04-01,2024,4,1,0,1,1.0,False,3545.0,54.0,3545.0,0
MEDCHAL_MIYAPUR,initial greater-Hyderabad study area,TGSPDCL,MEDCHAL,KUKATPALLY,MIYAPUR,MIYAPUR,2024-05-01,2024,5,1,0,1,1.0,False,7757.0,54.0,7757.0,0
MEDCHAL_MIYAPUR,initial greater-Hyderabad study area,TGSPDCL,MEDCHAL,KUKATPALLY,MIYAPUR,MIYAPUR,2024-06-01,2024,6,1,0,1,1.0,False,3538.0,54.0,3538.0,0
MEDCHAL_MIYAPUR,initial greater-Hyderabad study area,TGSPDCL,MEDCHAL,KUKATPALLY,MIYAPUR,MIYAPUR,2024-07-01,2024,7,1,0,1,1.0,False,6156.0,54.0,6156.0,0
MEDCHAL_MIYAPUR,initial greater-Hyderabad study area,TGSPDCL,MEDCHAL,KUKATPALLY,MIYAPUR,MIYAPUR,2024-08-01,2024,8,1,0,1,1.0,False,3234.0,54.0,3234.0,0
MEDCHAL_MIYAPUR,initial greater-Hyderabad study area,TGSPDCL,MEDCHAL,KUKATPALLY,MIYAPUR,MIYAPUR,2024-09-01,2024,9,1,0,1,1.0,False,7993.0,54.0,7993.0,0
MEDCHAL_MIYAPUR,initial greater-Hyderabad study area,TGSPDCL,MEDCHAL,KUKATPALLY,MIYAPUR,MIYAPUR,2024-10-01,2024,10,1,0,1,1.0,False,6689.0,54.0,6689.0,0
MEDCHAL_MIYAPUR,initial greater-Hyderabad study area,TGSPDCL,MEDCHAL,KUKATPALLY,MIYAPUR,MIYAPUR,2024-11-01,2024,11,1,0,1,1.0,False,2875.0,54.0,2875.0,0
MEDCHAL_MIYAPUR,initial greater-Hyderabad study area,TGSPDCL,MEDCHAL,KUKATPALLY,MIYAPUR,MIYAPUR,2024-12-01,2024,12,1,0,1,1.0,False,4058.0,54.0,4058.0,0
MEDCHAL_MIYAPUR,initial greater-Hyderabad study area,TGSPDCL,MEDCHAL,KUKATPALLY,MIYAPUR,MIYAPUR,2025-01-01,2025,1,1,0,1,1.0,False,5715.0,54.0,5715.0,0
MEDCHAL_MIYAPUR,initial greater-Hyderabad study area,TGSPDCL,MEDCHAL,KUKATPALLY,MIYAPUR,MIYAPUR,2025-02-01,2025,2,1,0,1,1.0,False,7102.0,54.0,7102.0,0
MEDCHAL_MIYAPUR,initial greater-Hyderabad study area,TGSPDCL,MEDCHAL,KUKATPALLY,MIYAPUR,MIYAPUR,2025-03-01,2025,3,1,0,1,1.0,False,7535.0,54.0,7535.0,0
MEDCHAL_MIYAPUR,initial greater-Hyderabad study area,TGSPDCL,MEDCHAL,KUKATPALLY,MIYAPUR,MIYAPUR,2025-04-01,2025,4,1,0,1,1.0,False,9546.0,54.0,9546.0,0
MEDCHAL_MIYAPUR,initial greater-Hyderabad study area,TGSPDCL,MEDCHAL,KUKATPALLY,MIYAPUR,MIYAPUR,2025-05-01,2025,5,1,0,1,1.0,False,7273.0,54.0,7273.0,0
MEDCHAL_MIYAPUR,initial greater-Hyderabad study area,TGSPDCL,MEDCHAL,KUKATPALLY,MIYAPUR,MIYAPUR,2025-06-01,2025,6,1,0,1,1.0,False,6851.0,54.0,6851.0,0
MEDCHAL_MIYAPUR,initial greater-Hyderabad study area,TGSPDCL,MEDCHAL,KUKATPALLY,MIYAPUR,MIYAPUR,2025-07-01,2025,7,1,0,1,1.0,False,2436.0,54.0,2436.0,0
MEDCHAL_MIYAPUR,initial greater-Hyderabad study area,TGSPDCL,MEDCHAL,KUKATPALLY,MIYAPUR,MIYAPUR,2025-08-01,2025,8,1,0,1,1.0,False,1.0,54.0,1.0,0
MEDCHAL_MIYAPUR,initial greater-Hyderabad study area,TGSPDCL,MEDCHAL,KUKATPALLY,MIYAPUR,MIYAPUR,2025-09-01,2025,9,1,0,1,1.0,False,2.0,54.0,2.0,0
MEDCHAL_MIYAPUR,initial greater-Hyderabad study area,TGSPDCL,MEDCHAL,KUKATPALLY,MIYAPUR,MIYAPUR,2025-10-01,2025,10,1,1,1,1.0,False,0.0,54.0,0.0,0
MEDCHAL_MIYAPUR,initial greater-Hyderabad study area,TGSPDCL,MEDCHAL,KUKATPALLY,MIYAPUR,MIYAPUR,2025-11-01,2025,11,1,1,1,1.0,False,0.0,54.0,0.0,0
MEDCHAL_MIYAPUR,initial greater-Hyderabad study area,TGSPDCL,MEDCHAL,KUKATPALLY,MIYAPUR,MIYAPUR,2025-12-01,2025,12,1,1,1,1.0,False,0.0,54.0,0.0,0
MEDCHAL_MIYAPUR,initial greater-Hyderabad study area,TGSPDCL,MEDCHAL,KUKATPALLY,MIYAPUR,MIYAPUR,2026-01-01,2026,1,1,1,1,1.0,False,0.0,54.0,0.0,0
MEDCHAL_MIYAPUR,initial greater-Hyderabad study area,TGSPDCL,MEDCHAL,KUKATPALLY,MIYAPUR,MIYAPUR,2026-02-01,2026,2,1,1,1,1.0,False,0.0,54.0,0.0,0
MEDCHAL_MIYAPUR,initial greater-Hyderabad study area,TGSPDCL,MEDCHAL,KUKATPALLY,MIYAPUR,MIYAPUR,2026-03-01,2026,3,1,1,1,1.0,False,0.0,54.0,0.0,0
MEDCHAL_MIYAPUR,initial greater-Hyderabad study area,TGSPDCL,MEDCHAL,KUKATPALLY,MIYAPUR,MIYAPUR,2026-04-01,2026,4,1,1,1,1.0,False,0.0,54.0,0.0,0
MEDCHAL_MIYAPUR,initial greater-Hyderabad study area,TGSPDCL,MEDCHAL,KUKATPALLY,MIYAPUR,MIYAPUR,2026-05-01,2026,5,1,1,1,1.0,False,0.0,54.0,0.0,0
MEDCHAL_MIYAPUR,initial greater-Hyderabad study area,TGSPDCL,MEDCHAL,KUKATPALLY,MIYAPUR,MIYAPUR,2026-06-01,2026,6,1,0,1,1.0,False,4.0,54.0,4.0,0
MEDCHAL_MIYAPUR,initial greater-Hyderabad study area,TGSPDCL,MEDCHAL,KUKATPALLY,MIYAPUR,MIYAPUR,2026-07-01,2026,7,1,0,1,1.0,False,17.0,54.0,17.0,0
MEDCHAL_MIYAPUR,initial greater-Hyderabad study area,TGSPDCL,MEDCHAL,KUKATPALLY,MIYAPUR,MIYAPUR,2026-08-01,2026,8,1,0,1,1.0,False,14.0,54.0,14.0,0
MEDCHAL_NIZAMPET,initial greater-Hyderabad study area,TGSPDCL,MEDCHAL,KUKATPALLY,MIYAPUR,NIZAMPET,2023-01-01,2023,1,1,0,1,1.0,False,395.0,45.0,395.0,0
MEDCHAL_NIZAMPET,initial greater-Hyderabad study area,TGSPDCL,MEDCHAL,KUKATPALLY,MIYAPUR,NIZAMPET,2023-02-01,2023,2,1,0,1,1.0,False,275.0,45.0,275.0,0
MEDCHAL_NIZAMPET,initial greater-Hyderabad study area,TGSPDCL,MEDCHAL,KUKATPALLY,MIYAPUR,NIZAMPET,2023-03-01,2023,3,1,0,1,1.0,False,335.0,45.0,335.0,0
MEDCHAL_NIZAMPET,initial greater-Hyderabad study area,TGSPDCL,MEDCHAL,KUKATPALLY,MIYAPUR,NIZAMPET,2023-04-01,2023,4,1,0,1,1.0,False,339.0,45.0,339.0,0
MEDCHAL_NIZAMPET,initial greater-Hyderabad study area,TGSPDCL,MEDCHAL,KUKATPALLY,MIYAPUR,NIZAMPET,2023-05-01,2023,5,1,0,1,1.0,False,450.0,45.0,450.0,0
MEDCHAL_NIZAMPET,initial greater-Hyderabad study area,TGSPDCL,MEDCHAL,KUKATPALLY,MIYAPUR,NIZAMPET,2023-06-01,2023,6,1,0,1,1.0,False,524.0,45.0,524.0,0
MEDCHAL_NIZAMPET,initial greater-Hyderabad study area,TGSPDCL,MEDCHAL,KUKATPALLY,MIYAPUR,NIZAMPET,2023-07-01,2023,7,1,0,1,1.0,False,727.0,45.0,727.0,0
MEDCHAL_NIZAMPET,initial greater-Hyderabad study area,TGSPDCL,MEDCHAL,KUKATPALLY,MIYAPUR,NIZAMPET,2023-08-01,2023,8,1,0,1,1.0,False,875.0,45.0,875.0,0
MEDCHAL_NIZAMPET,initial greater-Hyderabad study area,TGSPDCL,MEDCHAL,KUKATPALLY,MIYAPUR,NIZAMPET,2023-09-01,2023,9,1,0,1,1.0,False,507.0,45.0,507.0,0
MEDCHAL_NIZAMPET,initial greater-Hyderabad study area,TGSPDCL,MEDCHAL,KUKATPALLY,MIYAPUR,NIZAMPET,2023-10-01,2023,10,1,0,1,1.0,False,144.0,45.0,144.0,0
MEDCHAL_NIZAMPET,initial greater-Hyderabad study area,TGSPDCL,MEDCHAL,KUKATPALLY,MIYAPUR,NIZAMPET,2023-11-01,2023,11,1,1,1,1.0,False,0.0,45.0,0.0,0
MEDCHAL_NIZAMPET,initial greater-Hyderabad study area,TGSPDCL,MEDCHAL,KUKATPALLY,MIYAPUR,NIZAMPET,2023-12-01,2023,12,1,0,1,1.0,False,93.0,45.0,93.0,0
MEDCHAL_NIZAMPET,initial greater-Hyderabad study area,TGSPDCL,MEDCHAL,KUKATPALLY,MIYAPUR,NIZAMPET,2024-01-01,2024,1,1,0,1,1.0,False,368.0,45.0,368.0,0
MEDCHAL_NIZAMPET,initial greater-Hyderabad study area,TGSPDCL,MEDCHAL,KUKATPALLY,MIYAPUR,NIZAMPET,2024-02-01,2024,2,1,0,1,1.0,False,974.0,45.0,974.0,0
MEDCHAL_NIZAMPET,initial greater-Hyderabad study area,TGSPDCL,MEDCHAL,KUKATPALLY,MIYAPUR,NIZAMPET,2024-03-01,2024,3,1,0,1,1.0,False,329.0,45.0,329.0,0
MEDCHAL_NIZAMPET,initial greater-Hyderabad study area,TGSPDCL,MEDCHAL,KUKATPALLY,MIYAPUR,NIZAMPET,2024-04-01,2024,4,1,0,1,1.0,False,798.0,45.0,798.0,0
MEDCHAL_NIZAMPET,initial greater-Hyderabad study area,TGSPDCL,MEDCHAL,KUKATPALLY,MIYAPUR,NIZAMPET,2024-05-01,2024,5,1,0,1,1.0,False,723.0,45.0,723.0,0
MEDCHAL_NIZAMPET,initial greater-Hyderabad study area,TGSPDCL,MEDCHAL,KUKATPALLY,MIYAPUR,NIZAMPET,2024-06-01,2024,6,1,0,1,1.0,False,1085.0,45.0,1085.0,0
MEDCHAL_NIZAMPET,initial greater-Hyderabad study area,TGSPDCL,MEDCHAL,KUKATPALLY,MIYAPUR,NIZAMPET,2024-07-01,2024,7,1,0,1,1.0,False,870.0,45.0,870.0,0
MEDCHAL_NIZAMPET,initial greater-Hyderabad study area,TGSPDCL,MEDCHAL,KUKATPALLY,MIYAPUR,NIZAMPET,2024-08-01,2024,8,1,0,1,1.0,False,1448.0,45.0,1448.0,0
MEDCHAL_NIZAMPET,initial greater-Hyderabad study area,TGSPDCL,MEDCHAL,KUKATPALLY,MIYAPUR,NIZAMPET,2024-09-01,2024,9,1,0,1,1.0,False,1304.0,45.0,1304.0,0
MEDCHAL_NIZAMPET,initial greater-Hyderabad study area,TGSPDCL,MEDCHAL,KUKATPALLY,MIYAPUR,NIZAMPET,2024-10-01,2024,10,1,0,1,1.0,False,109.0,45.0,109.0,0
MEDCHAL_NIZAMPET,initial greater-Hyderabad study area,TGSPDCL,MEDCHAL,KUKATPALLY,MIYAPUR,NIZAMPET,2024-11-01,2024,11,1,0,1,1.0,False,42.0,45.0,42.0,0
MEDCHAL_NIZAMPET,initial greater-Hyderabad study area,TGSPDCL,MEDCHAL,KUKATPALLY,MIYAPUR,NIZAMPET,2024-12-01,2024,12,1,0,1,1.0,False,39.0,45.0,39.0,0
MEDCHAL_NIZAMPET,initial greater-Hyderabad study area,TGSPDCL,MEDCHAL,KUKATPALLY,MIYAPUR,NIZAMPET,2025-01-01,2025,1,1,0,1,1.0,False,56.0,45.0,56.0,0
MEDCHAL_NIZAMPET,initial greater-Hyderabad study area,TGSPDCL,MEDCHAL,KUKATPALLY,MIYAPUR,NIZAMPET,2025-02-01,2025,2,1,0,1,1.0,False,753.0,45.0,753.0,0
MEDCHAL_NIZAMPET,initial greater-Hyderabad study area,TGSPDCL,MEDCHAL,KUKATPALLY,MIYAPUR,NIZAMPET,2025-03-01,2025,3,1,0,1,1.0,False,1710.0,45.0,1710.0,0
MEDCHAL_NIZAMPET,initial greater-Hyderabad study area,TGSPDCL,MEDCHAL,KUKATPALLY,MIYAPUR,NIZAMPET,2025-04-01,2025,4,1,0,1,1.0,False,1157.0,45.0,1157.0,0
MEDCHAL_NIZAMPET,initial greater-Hyderabad study area,TGSPDCL,MEDCHAL,KUKATPALLY,MIYAPUR,NIZAMPET,2025-05-01,2025,5,1,0,1,1.0,False,1582.0,45.0,1582.0,0
MEDCHAL_NIZAMPET,initial greater-Hyderabad study area,TGSPDCL,MEDCHAL,KUKATPALLY,MIYAPUR,NIZAMPET,2025-06-01,2025,6,1,0,1,1.0,False,1486.0,45.0,1486.0,0
MEDCHAL_NIZAMPET,initial greater-Hyderabad study area,TGSPDCL,MEDCHAL,KUKATPALLY,MIYAPUR,NIZAMPET,2025-07-01,2025,7,1,0,1,1.0,False,2057.0,45.0,2057.0,0
MEDCHAL_NIZAMPET,initial greater-Hyderabad study area,TGSPDCL,MEDCHAL,KUKATPALLY,MIYAPUR,NIZAMPET,2025-08-01,2025,8,1,0,1,1.0,False,2377.0,45.0,2377.0,0
MEDCHAL_NIZAMPET,initial greater-Hyderabad study area,TGSPDCL,MEDCHAL,KUKATPALLY,MIYAPUR,NIZAMPET,2025-09-01,2025,9,1,0,1,1.0,False,2229.0,45.0,2229.0,0
MEDCHAL_NIZAMPET,initial greater-Hyderabad study area,TGSPDCL,MEDCHAL,KUKATPALLY,MIYAPUR,NIZAMPET,2025-10-01,2025,10,1,0,1,1.0,False,2849.0,45.0,2849.0,0
MEDCHAL_NIZAMPET,initial greater-Hyderabad study area,TGSPDCL,MEDCHAL,KUKATPALLY,MIYAPUR,NIZAMPET,2025-11-01,2025,11,1,0,1,1.0,False,1945.0,45.0,1945.0,0
MEDCHAL_NIZAMPET,initial greater-Hyderabad study area,TGSPDCL,MEDCHAL,KUKATPALLY,MIYAPUR,NIZAMPET,2025-12-01,2025,12,1,0,1,1.0,False,3019.0,45.0,3019.0,0
MEDCHAL_NIZAMPET,initial greater-Hyderabad study area,TGSPDCL,MEDCHAL,KUKATPALLY,MIYAPUR,NIZAMPET,2026-01-01,2026,1,1,0,1,1.0,False,2528.0,45.0,2528.0,0
MEDCHAL_NIZAMPET,initial greater-Hyderabad study area,TGSPDCL,MEDCHAL,KUKATPALLY,MIYAPUR,NIZAMPET,2026-02-01,2026,2,1,0,1,1.0,False,2022.0,45.0,2022.0,0
MEDCHAL_NIZAMPET,initial greater-Hyderabad study area,TGSPDCL,MEDCHAL,KUKATPALLY,MIYAPUR,NIZAMPET,2026-03-01,2026,3,1,0,1,1.0,False,1398.0,45.0,1398.0,0
MEDCHAL_NIZAMPET,initial greater-Hyderabad study area,TGSPDCL,MEDCHAL,KUKATPALLY,MIYAPUR,NIZAMPET,2026-04-01,2026,4,1,0,1,1.0,False,1536.0,45.0,1536.0,0
MEDCHAL_NIZAMPET,initial greater-Hyderabad study area,TGSPDCL,MEDCHAL,KUKATPALLY,MIYAPUR,NIZAMPET,2026-05-01,2026,5,1,0,1,1.0,False,1757.0,45.0,1757.0,0
MEDCHAL_NIZAMPET,initial greater-Hyderabad study area,TGSPDCL,MEDCHAL,KUKATPALLY,MIYAPUR,NIZAMPET,2026-06-01,2026,6,1,0,1,1.0,False,160.0,45.0,160.0,0
MEDCHAL_NIZAMPET,initial greater-Hyderabad study area,TGSPDCL,MEDCHAL,KUKATPALLY,MIYAPUR,NIZAMPET,2026-07-01,2026,7,1,0,1,1.0,False,591.0,45.0,591.0,0
MEDCHAL_NIZAMPET,initial greater-Hyderabad study area,TGSPDCL,MEDCHAL,KUKATPALLY,MIYAPUR,NIZAMPET,2026-08-01,2026,8,1,0,1,1.0,False,912.0,45.0,912.0,0
MEDCHAL_PETBASHEERABAD,initial greater-Hyderabad study area,TGSPDCL,MEDCHAL,MEDCHAL,QUTBULLAPUR,PETBASHEERABAD,2025-02-01,2025,2,1,1,1,,True,0.0,54.0,0.0,0
MEDCHAL_PETBASHEERABAD,initial greater-Hyderabad study area,TGSPDCL,MEDCHAL,MEDCHAL,QUTBULLAPUR,PETBASHEERABAD,2025-03-01,2025,3,2,1,2,1.0,True,11.0,108.0,5.5,0
MEDCHAL_PETBASHEERABAD,initial greater-Hyderabad study area,TGSPDCL,MEDCHAL,MEDCHAL,QUTBULLAPUR,PETBASHEERABAD,2025-04-01,2025,4,2,1,2,2.0,False,3.0,108.0,1.5,0
MEDCHAL_PETBASHEERABAD,initial greater-Hyderabad study area,TGSPDCL,MEDCHAL,MEDCHAL,QUTBULLAPUR,PETBASHEERABAD,2025-05-01,2025,5,2,1,2,2.0,False,40.0,108.0,20.0,0
MEDCHAL_PETBASHEERABAD,initial greater-Hyderabad study area,TGSPDCL,MEDCHAL,MEDCHAL,QUTBULLAPUR,PETBASHEERABAD,2025-06-01,2025,6,2,2,2,2.0,False,0.0,108.0,0.0,0
MEDCHAL_PETBASHEERABAD,initial greater-Hyderabad study area,TGSPDCL,MEDCHAL,MEDCHAL,QUTBULLAPUR,PETBASHEERABAD,2025-07-01,2025,7,2,2,3,2.0,False,0.0,162.0,0.0,0
MEDCHAL_PETBASHEERABAD,initial greater-Hyderabad study area,TGSPDCL,MEDCHAL,MEDCHAL,QUTBULLAPUR,PETBASHEERABAD,2025-08-01,2025,8,2,1,3,3.0,False,6180.0,162.0,2060.0,0
MEDCHAL_PETBASHEERABAD,initial greater-Hyderabad study area,TGSPDCL,MEDCHAL,MEDCHAL,QUTBULLAPUR,PETBASHEERABAD,2025-09-01,2025,9,2,1,3,3.0,False,6431.0,162.0,2143.67,0
MEDCHAL_PETBASHEERABAD,initial greater-Hyderabad study area,TGSPDCL,MEDCHAL,MEDCHAL,QUTBULLAPUR,PETBASHEERABAD,2025-10-01,2025,10,2,1,3,3.0,False,7438.0,162.0,2479.33,0
MEDCHAL_PETBASHEERABAD,initial greater-Hyderabad study area,TGSPDCL,MEDCHAL,MEDCHAL,QUTBULLAPUR,PETBASHEERABAD,2025-11-01,2025,11,2,1,3,3.0,False,8040.0,162.0,2680.0,0
MEDCHAL_PETBASHEERABAD,initial greater-Hyderabad study area,TGSPDCL,MEDCHAL,MEDCHAL,QUTBULLAPUR,PETBASHEERABAD,2025-12-01,2025,12,2,1,3,3.0,False,7385.0,162.0,2461.67,0
MEDCHAL_PETBASHEERABAD,initial greater-Hyderabad study area,TGSPDCL,MEDCHAL,MEDCHAL,QUTBULLAPUR,PETBASHEERABAD,2026-01-01,2026,1,2,1,3,3.0,False,4944.0,162.0,1648.0,0
MEDCHAL_PETBASHEERABAD,initial greater-Hyderabad study area,TGSPDCL,MEDCHAL,MEDCHAL,QUTBULLAPUR,PETBASHEERABAD,2026-02-01,2026,2,2,1,3,3.0,False,3969.0,162.0,1323.0,0
MEDCHAL_PETBASHEERABAD,initial greater-Hyderabad study area,TGSPDCL,MEDCHAL,MEDCHAL,QUTBULLAPUR,PETBASHEERABAD,2026-03-01,2026,3,2,1,3,3.0,False,3048.0,162.0,1016.0,0
MEDCHAL_PETBASHEERABAD,initial greater-Hyderabad study area,TGSPDCL,MEDCHAL,MEDCHAL,QUTBULLAPUR,PETBASHEERABAD,2026-04-01,2026,4,2,1,3,3.0,False,6303.0,162.0,2101.0,0
MEDCHAL_PETBASHEERABAD,initial greater-Hyderabad study area,TGSPDCL,MEDCHAL,MEDCHAL,QUTBULLAPUR,PETBASHEERABAD,2026-05-01,2026,5,2,1,3,3.0,False,6834.0,162.0,2278.0,0
MEDCHAL_PETBASHEERABAD,initial greater-Hyderabad study area,TGSPDCL,MEDCHAL,MEDCHAL,QUTBULLAPUR,PETBASHEERABAD,2026-06-01,2026,6,2,1,3,3.0,False,8842.0,162.0,2947.33,0
MEDCHAL_PETBASHEERABAD,initial greater-Hyderabad study area,TGSPDCL,MEDCHAL,MEDCHAL,QUTBULLAPUR,PETBASHEERABAD,2026-07-01,2026,7,2,1,3,3.0,False,7585.0,162.0,2528.33,0
MEDCHAL_PETBASHEERABAD,initial greater-Hyderabad study area,TGSPDCL,MEDCHAL,MEDCHAL,QUTBULLAPUR,PETBASHEERABAD,2026-08-01,2026,8,2,1,3,3.0,False,9523.0,162.0,3174.33,0
MEDCHAL_PRAGATHI_NAGAR,initial greater-Hyderabad study area,TGSPDCL,MEDCHAL,JEEDIMETLA,JEEDIMETLA,PRAGATHI NAGAR,2025-11-01,2025,11,1,0,1,1.0,False,2288.0,74.0,2288.0,0
MEDCHAL_PRAGATHI_NAGAR,initial greater-Hyderabad study area,TGSPDCL,MEDCHAL,JEEDIMETLA,JEEDIMETLA,PRAGATHI NAGAR,2025-12-01,2025,12,1,0,1,1.0,False,3793.0,74.0,3793.0,0
MEDCHAL_PRAGATHI_NAGAR,initial greater-Hyderabad study area,TGSPDCL,MEDCHAL,JEEDIMETLA,JEEDIMETLA,PRAGATHI NAGAR,2026-01-01,2026,1,1,0,1,1.0,False,4289.0,74.0,4289.0,0
MEDCHAL_PRAGATHI_NAGAR,initial greater-Hyderabad study area,TGSPDCL,MEDCHAL,JEEDIMETLA,JEEDIMETLA,PRAGATHI NAGAR,2026-02-01,2026,2,1,0,1,1.0,False,3917.0,74.0,3917.0,0
MEDCHAL_PRAGATHI_NAGAR,initial greater-Hyderabad study area,TGSPDCL,MEDCHAL,JEEDIMETLA,JEEDIMETLA,PRAGATHI NAGAR,2026-03-01,2026,3,1,0,1,1.0,False,4239.0,74.0,4239.0,0
MEDCHAL_PRAGATHI_NAGAR,initial greater-Hyderabad study area,TGSPDCL,MEDCHAL,JEEDIMETLA,JEEDIMETLA,PRAGATHI NAGAR,2026-04-01,2026,4,1,0,1,1.0,False,5529.0,74.0,5529.0,0
MEDCHAL_PRAGATHI_NAGAR,initial greater-Hyderabad study area,TGSPDCL,MEDCHAL,JEEDIMETLA,JEEDIMETLA,PRAGATHI NAGAR,2026-05-01,2026,5,1,1,1,1.0,False,0.0,74.0,0.0,0
MEDCHAL_PRAGATHI_NAGAR,initial greater-Hyderabad study area,TGSPDCL,MEDCHAL,JEEDIMETLA,JEEDIMETLA,PRAGATHI NAGAR,2026-06-01,2026,6,1,1,1,1.0,False,0.0,74.0,0.0,0
MEDCHAL_PRAGATHI_NAGAR,initial greater-Hyderabad study area,TGSPDCL,MEDCHAL,JEEDIMETLA,JEEDIMETLA,PRAGATHI NAGAR,2026-07-01,2026,7,1,1,1,1.0,False,0.0,74.0,0.0,0
MEDCHAL_PRAGATHI_NAGAR,initial greater-Hyderabad study area,TGSPDCL,MEDCHAL,JEEDIMETLA,JEEDIMETLA,PRAGATHI NAGAR,2026-08-01,2026,8,1,1,1,1.0,False,0.0,74.0,0.0,0
MEDCHAL_QUTHBULLAPUR,initial greater-Hyderabad study area,TGSPDCL,MEDCHAL,MEDCHAL,QUTBULLAPUR,QUTHBULLAPUR,2023-01-01,2023,1,2,1,2,2.0,False,2.0,4.0,1.0,0
MEDCHAL_QUTHBULLAPUR,initial greater-Hyderabad study area,TGSPDCL,MEDCHAL,MEDCHAL,QUTBULLAPUR,QUTHBULLAPUR,2023-02-01,2023,2,2,1,2,2.0,False,3.0,4.0,1.5,0
MEDCHAL_QUTHBULLAPUR,initial greater-Hyderabad study area,TGSPDCL,MEDCHAL,MEDCHAL,QUTBULLAPUR,QUTHBULLAPUR,2023-03-01,2023,3,2,1,2,2.0,False,2.0,4.0,1.0,0
MEDCHAL_QUTHBULLAPUR,initial greater-Hyderabad study area,TGSPDCL,MEDCHAL,MEDCHAL,QUTBULLAPUR,QUTHBULLAPUR,2023-04-01,2023,4,2,1,2,2.0,False,2.0,4.0,1.0,0
MEDCHAL_QUTHBULLAPUR,initial greater-Hyderabad study area,TGSPDCL,MEDCHAL,MEDCHAL,QUTBULLAPUR,QUTHBULLAPUR,2023-05-01,2023,5,2,1,2,2.0,False,3.0,4.0,1.5,0
MEDCHAL_QUTHBULLAPUR,initial greater-Hyderabad study area,TGSPDCL,MEDCHAL,MEDCHAL,QUTBULLAPUR,QUTHBULLAPUR,2023-06-01,2023,6,2,1,2,2.0,False,2.0,4.0,1.0,0
MEDCHAL_QUTHBULLAPUR,initial greater-Hyderabad study area,TGSPDCL,MEDCHAL,MEDCHAL,QUTBULLAPUR,QUTHBULLAPUR,2023-07-01,2023,7,2,1,2,2.0,False,2.0,4.0,1.0,0
MEDCHAL_QUTHBULLAPUR,initial greater-Hyderabad study area,TGSPDCL,MEDCHAL,MEDCHAL,QUTBULLAPUR,QUTHBULLAPUR,2023-08-01,2023,8,2,1,2,2.0,False,3.0,4.0,1.5,0
MEDCHAL_QUTHBULLAPUR,initial greater-Hyderabad study area,TGSPDCL,MEDCHAL,MEDCHAL,QUTBULLAPUR,QUTHBULLAPUR,2023-09-01,2023,9,2,1,2,2.0,False,2.0,4.0,1.0,0
MEDCHAL_QUTHBULLAPUR,initial greater-Hyderabad study area,TGSPDCL,MEDCHAL,MEDCHAL,QUTBULLAPUR,QUTHBULLAPUR,2023-10-01,2023,10,2,2,2,2.0,False,0.0,4.0,0.0,0
MEDCHAL_QUTHBULLAPUR,initial greater-Hyderabad study area,TGSPDCL,MEDCHAL,MEDCHAL,QUTBULLAPUR,QUTHBULLAPUR,2023-11-01,2023,11,2,2,2,2.0,False,0.0,4.0,0.0,0
MEDCHAL_QUTHBULLAPUR,initial greater-Hyderabad study area,TGSPDCL,MEDCHAL,MEDCHAL,QUTBULLAPUR,QUTHBULLAPUR,2023-12-01,2023,12,2,1,2,2.0,False,18.0,4.0,9.0,0
MEDCHAL_QUTHBULLAPUR,initial greater-Hyderabad study area,TGSPDCL,MEDCHAL,MEDCHAL,QUTBULLAPUR,QUTHBULLAPUR,2024-01-01,2024,1,3,1,3,3.0,False,22.0,58.0,7.33,0
MEDCHAL_QUTHBULLAPUR,initial greater-Hyderabad study area,TGSPDCL,MEDCHAL,MEDCHAL,QUTBULLAPUR,QUTHBULLAPUR,2024-02-01,2024,2,2,1,2,2.0,False,296.0,56.0,148.0,0
MEDCHAL_QUTHBULLAPUR,initial greater-Hyderabad study area,TGSPDCL,MEDCHAL,MEDCHAL,QUTBULLAPUR,QUTHBULLAPUR,2024-03-01,2024,3,2,1,2,2.0,False,1272.0,56.0,636.0,0
MEDCHAL_QUTHBULLAPUR,initial greater-Hyderabad study area,TGSPDCL,MEDCHAL,MEDCHAL,QUTBULLAPUR,QUTHBULLAPUR,2024-04-01,2024,4,2,1,2,2.0,False,1708.0,56.0,854.0,0
MEDCHAL_QUTHBULLAPUR,initial greater-Hyderabad study area,TGSPDCL,MEDCHAL,MEDCHAL,QUTBULLAPUR,QUTHBULLAPUR,2024-05-01,2024,5,2,1,2,2.0,False,3339.0,56.0,1669.5,0
MEDCHAL_QUTHBULLAPUR,initial greater-Hyderabad study area,TGSPDCL,MEDCHAL,MEDCHAL,QUTBULLAPUR,QUTHBULLAPUR,2024-06-01,2024,6,2,1,2,2.0,False,5673.0,56.0,2836.5,0
MEDCHAL_QUTHBULLAPUR,initial greater-Hyderabad study area,TGSPDCL,MEDCHAL,MEDCHAL,QUTBULLAPUR,QUTHBULLAPUR,2024-07-01,2024,7,2,1,2,2.0,False,6594.0,56.0,3297.0,0
MEDCHAL_QUTHBULLAPUR,initial greater-Hyderabad study area,TGSPDCL,MEDCHAL,MEDCHAL,QUTBULLAPUR,QUTHBULLAPUR,2024-08-01,2024,8,2,1,2,2.0,False,7420.0,56.0,3710.0,0
MEDCHAL_QUTHBULLAPUR,initial greater-Hyderabad study area,TGSPDCL,MEDCHAL,MEDCHAL,QUTBULLAPUR,QUTHBULLAPUR,2024-09-01,2024,9,2,1,2,2.0,False,5680.0,56.0,2840.0,0
MEDCHAL_QUTHBULLAPUR,initial greater-Hyderabad study area,TGSPDCL,MEDCHAL,MEDCHAL,QUTBULLAPUR,QUTHBULLAPUR,2024-10-01,2024,10,2,1,2,2.0,False,1755.0,56.0,877.5,0
MEDCHAL_QUTHBULLAPUR,initial greater-Hyderabad study area,TGSPDCL,MEDCHAL,MEDCHAL,QUTBULLAPUR,QUTHBULLAPUR,2024-11-01,2024,11,2,1,2,2.0,False,3123.0,56.0,1561.5,0
MEDCHAL_QUTHBULLAPUR,initial greater-Hyderabad study area,TGSPDCL,MEDCHAL,MEDCHAL,QUTBULLAPUR,QUTHBULLAPUR,2024-12-01,2024,12,2,1,2,2.0,False,882.0,56.0,441.0,0
MEDCHAL_QUTHBULLAPUR,initial greater-Hyderabad study area,TGSPDCL,MEDCHAL,MEDCHAL,QUTBULLAPUR,QUTHBULLAPUR,2025-01-01,2025,1,2,2,2,2.0,False,0.0,56.0,0.0,0
MEDCHAL_QUTHBULLAPUR,initial greater-Hyderabad study area,TGSPDCL,MEDCHAL,MEDCHAL,QUTBULLAPUR,QUTHBULLAPUR,2025-02-01,2025,2,2,1,2,2.0,False,707.0,56.0,353.5,0
MEDCHAL_QUTHBULLAPUR,initial greater-Hyderabad study area,TGSPDCL,MEDCHAL,MEDCHAL,QUTBULLAPUR,QUTHBULLAPUR,2025-03-01,2025,3,2,1,2,2.0,False,2537.0,56.0,1268.5,0
MEDCHAL_QUTHBULLAPUR,initial greater-Hyderabad study area,TGSPDCL,MEDCHAL,MEDCHAL,QUTBULLAPUR,QUTHBULLAPUR,2025-04-01,2025,4,2,1,2,2.0,False,5152.0,56.0,2576.0,0
MEDCHAL_QUTHBULLAPUR,initial greater-Hyderabad study area,TGSPDCL,MEDCHAL,MEDCHAL,QUTBULLAPUR,QUTHBULLAPUR,2025-05-01,2025,5,2,1,2,2.0,False,6111.0,56.0,3055.5,0
MEDCHAL_QUTHBULLAPUR,initial greater-Hyderabad study area,TGSPDCL,MEDCHAL,MEDCHAL,QUTBULLAPUR,QUTHBULLAPUR,2025-06-01,2025,6,2,1,2,1.0,True,7166.0,56.0,3583.0,0
MEDCHAL_QUTHBULLAPUR,initial greater-Hyderabad study area,TGSPDCL,MEDCHAL,MEDCHAL,QUTBULLAPUR,QUTHBULLAPUR,2025-07-01,2025,7,2,1,2,1.0,True,9136.0,56.0,4568.0,0
MEDCHAL_QUTHBULLAPUR,initial greater-Hyderabad study area,TGSPDCL,MEDCHAL,MEDCHAL,QUTBULLAPUR,QUTHBULLAPUR,2025-08-01,2025,8,2,1,2,1.0,True,7450.0,56.0,3725.0,0
MEDCHAL_QUTHBULLAPUR,initial greater-Hyderabad study area,TGSPDCL,MEDCHAL,MEDCHAL,QUTBULLAPUR,QUTHBULLAPUR,2025-09-01,2025,9,2,1,2,1.0,True,9101.0,56.0,4550.5,0
MEDCHAL_QUTHBULLAPUR,initial greater-Hyderabad study area,TGSPDCL,MEDCHAL,MEDCHAL,QUTBULLAPUR,QUTHBULLAPUR,2025-10-01,2025,10,2,1,2,1.0,True,6041.0,56.0,3020.5,0
MEDCHAL_QUTHBULLAPUR,initial greater-Hyderabad study area,TGSPDCL,MEDCHAL,MEDCHAL,QUTBULLAPUR,QUTHBULLAPUR,2025-11-01,2025,11,2,1,2,1.0,True,5010.0,56.0,2505.0,0
MEDCHAL_QUTHBULLAPUR,initial greater-Hyderabad study area,TGSPDCL,MEDCHAL,MEDCHAL,QUTBULLAPUR,QUTHBULLAPUR,2025-12-01,2025,12,2,1,2,1.0,True,4382.0,56.0,2191.0,0
MEDCHAL_QUTHBULLAPUR,initial greater-Hyderabad study area,TGSPDCL,MEDCHAL,MEDCHAL,QUTBULLAPUR,QUTHBULLAPUR,2026-01-01,2026,1,2,1,2,1.0,True,5683.0,56.0,2841.5,0
MEDCHAL_QUTHBULLAPUR,initial greater-Hyderabad study area,TGSPDCL,MEDCHAL,MEDCHAL,QUTBULLAPUR,QUTHBULLAPUR,2026-02-01,2026,2,2,1,2,1.0,True,4102.0,56.0,2051.0,0
MEDCHAL_QUTHBULLAPUR,initial greater-Hyderabad study area,TGSPDCL,MEDCHAL,MEDCHAL,QUTBULLAPUR,QUTHBULLAPUR,2026-03-01,2026,3,2,1,2,1.0,True,5067.0,56.0,2533.5,0
MEDCHAL_QUTHBULLAPUR,initial greater-Hyderabad study area,TGSPDCL,MEDCHAL,MEDCHAL,QUTBULLAPUR,QUTHBULLAPUR,2026-04-01,2026,4,2,1,2,1.0,True,5598.0,56.0,2799.0,0
MEDCHAL_QUTHBULLAPUR,initial greater-Hyderabad study area,TGSPDCL,MEDCHAL,MEDCHAL,QUTBULLAPUR,QUTHBULLAPUR,2026-05-01,2026,5,2,1,2,1.0,True,1444.0,56.0,722.0,0
MEDCHAL_QUTHBULLAPUR,initial greater-Hyderabad study area,TGSPDCL,MEDCHAL,MEDCHAL,QUTBULLAPUR,QUTHBULLAPUR,2026-06-01,2026,6,2,1,2,1.0,True,7428.0,56.0,3714.0,0
MEDCHAL_QUTHBULLAPUR,initial greater-Hyderabad study area,TGSPDCL,MEDCHAL,MEDCHAL,QUTBULLAPUR,QUTHBULLAPUR,2026-07-01,2026,7,2,1,2,1.0,True,8646.0,56.0,4323.0,0
MEDCHAL_QUTHBULLAPUR,initial greater-Hyderabad study area,TGSPDCL,MEDCHAL,MEDCHAL,QUTBULLAPUR,QUTHBULLAPUR,2026-08-01,2026,8,2,1,2,1.0,True,7202.0,56.0,3601.0,0
MEDCHAL_SHAMEERPET,initial greater-Hyderabad study area,TGSPDCL,MEDCHAL,MEDCHAL,SHAMEERPET,SHAMEERPET,2023-01-01,2023,1,2,0,2,2.0,False,330.0,38.0,165.0,0
MEDCHAL_SHAMEERPET,initial greater-Hyderabad study area,TGSPDCL,MEDCHAL,MEDCHAL,SHAMEERPET,SHAMEERPET,2023-02-01,2023,2,2,0,2,2.0,False,349.0,38.0,174.5,0
MEDCHAL_SHAMEERPET,initial greater-Hyderabad study area,TGSPDCL,MEDCHAL,MEDCHAL,SHAMEERPET,SHAMEERPET,2023-03-01,2023,3,2,0,2,2.0,False,377.0,38.0,188.5,0
MEDCHAL_SHAMEERPET,initial greater-Hyderabad study area,TGSPDCL,MEDCHAL,MEDCHAL,SHAMEERPET,SHAMEERPET,2023-04-01,2023,4,2,0,2,2.0,False,496.0,38.0,248.0,0
MEDCHAL_SHAMEERPET,initial greater-Hyderabad study area,TGSPDCL,MEDCHAL,MEDCHAL,SHAMEERPET,SHAMEERPET,2023-05-01,2023,5,2,0,2,2.0,False,379.0,38.0,189.5,0
MEDCHAL_SHAMEERPET,initial greater-Hyderabad study area,TGSPDCL,MEDCHAL,MEDCHAL,SHAMEERPET,SHAMEERPET,2023-06-01,2023,6,2,0,2,2.0,False,296.0,38.0,148.0,0
MEDCHAL_SHAMEERPET,initial greater-Hyderabad study area,TGSPDCL,MEDCHAL,MEDCHAL,SHAMEERPET,SHAMEERPET,2023-07-01,2023,7,2,0,2,2.0,False,413.0,38.0,206.5,0
MEDCHAL_SHAMEERPET,initial greater-Hyderabad study area,TGSPDCL,MEDCHAL,MEDCHAL,SHAMEERPET,SHAMEERPET,2023-08-01,2023,8,2,0,2,2.0,False,389.0,38.0,194.5,0
MEDCHAL_SHAMEERPET,initial greater-Hyderabad study area,TGSPDCL,MEDCHAL,MEDCHAL,SHAMEERPET,SHAMEERPET,2023-09-01,2023,9,2,0,2,2.0,False,440.0,38.0,220.0,0
MEDCHAL_SHAMEERPET,initial greater-Hyderabad study area,TGSPDCL,MEDCHAL,MEDCHAL,SHAMEERPET,SHAMEERPET,2023-10-01,2023,10,2,0,2,2.0,False,267.0,38.0,133.5,0
MEDCHAL_SHAMEERPET,initial greater-Hyderabad study area,TGSPDCL,MEDCHAL,MEDCHAL,SHAMEERPET,SHAMEERPET,2023-11-01,2023,11,2,0,2,2.0,False,328.0,38.0,164.0,0
MEDCHAL_SHAMEERPET,initial greater-Hyderabad study area,TGSPDCL,MEDCHAL,MEDCHAL,SHAMEERPET,SHAMEERPET,2023-12-01,2023,12,2,1,2,2.0,False,150.0,38.0,75.0,0
MEDCHAL_SHAMEERPET,initial greater-Hyderabad study area,TGSPDCL,MEDCHAL,MEDCHAL,SHAMEERPET,SHAMEERPET,2024-01-01,2024,1,2,1,2,2.0,False,166.0,38.0,83.0,0
MEDCHAL_SHAMEERPET,initial greater-Hyderabad study area,TGSPDCL,MEDCHAL,MEDCHAL,SHAMEERPET,SHAMEERPET,2024-02-01,2024,2,2,0,2,2.0,False,294.0,38.0,147.0,0
MEDCHAL_SHAMEERPET,initial greater-Hyderabad study area,TGSPDCL,MEDCHAL,MEDCHAL,SHAMEERPET,SHAMEERPET,2024-03-01,2024,3,2,0,2,2.0,False,384.0,38.0,192.0,0
MEDCHAL_SHAMEERPET,initial greater-Hyderabad study area,TGSPDCL,MEDCHAL,MEDCHAL,SHAMEERPET,SHAMEERPET,2024-04-01,2024,4,2,0,2,2.0,False,268.0,38.0,134.0,0
MEDCHAL_SHAMEERPET,initial greater-Hyderabad study area,TGSPDCL,MEDCHAL,MEDCHAL,SHAMEERPET,SHAMEERPET,2024-05-01,2024,5,2,0,2,2.0,False,390.0,38.0,195.0,0
MEDCHAL_SHAMEERPET,initial greater-Hyderabad study area,TGSPDCL,MEDCHAL,MEDCHAL,SHAMEERPET,SHAMEERPET,2024-06-01,2024,6,2,0,2,2.0,False,345.0,38.0,172.5,0
MEDCHAL_SHAMEERPET,initial greater-Hyderabad study area,TGSPDCL,MEDCHAL,MEDCHAL,SHAMEERPET,SHAMEERPET,2024-07-01,2024,7,2,0,2,2.0,False,298.0,38.0,149.0,0
MEDCHAL_SHAMEERPET,initial greater-Hyderabad study area,TGSPDCL,MEDCHAL,MEDCHAL,SHAMEERPET,SHAMEERPET,2024-08-01,2024,8,2,0,2,2.0,False,339.0,38.0,169.5,0
MEDCHAL_SHAMEERPET,initial greater-Hyderabad study area,TGSPDCL,MEDCHAL,MEDCHAL,SHAMEERPET,SHAMEERPET,2024-09-01,2024,9,2,0,2,2.0,False,376.0,38.0,188.0,0
MEDCHAL_SHAMEERPET,initial greater-Hyderabad study area,TGSPDCL,MEDCHAL,MEDCHAL,SHAMEERPET,SHAMEERPET,2024-10-01,2024,10,2,0,2,2.0,False,328.0,38.0,164.0,0
MEDCHAL_SHAMEERPET,initial greater-Hyderabad study area,TGSPDCL,MEDCHAL,MEDCHAL,SHAMEERPET,SHAMEERPET,2024-11-01,2024,11,2,0,2,2.0,False,269.0,38.0,134.5,0
MEDCHAL_SHAMEERPET,initial greater-Hyderabad study area,TGSPDCL,MEDCHAL,MEDCHAL,SHAMEERPET,SHAMEERPET,2024-12-01,2024,12,2,0,2,2.0,False,313.0,38.0,156.5,0
MEDCHAL_SHAMEERPET,initial greater-Hyderabad study area,TGSPDCL,MEDCHAL,MEDCHAL,SHAMEERPET,SHAMEERPET,2025-01-01,2025,1,2,0,2,2.0,False,245.0,38.0,122.5,0
MEDCHAL_SHAMEERPET,initial greater-Hyderabad study area,TGSPDCL,MEDCHAL,MEDCHAL,SHAMEERPET,SHAMEERPET,2025-02-01,2025,2,2,0,2,2.0,False,442.0,38.0,221.0,0
MEDCHAL_SHAMEERPET,initial greater-Hyderabad study area,TGSPDCL,MEDCHAL,MEDCHAL,SHAMEERPET,SHAMEERPET,2025-03-01,2025,3,3,1,4,2.0,True,387.0,146.0,96.75,0
MEDCHAL_SHAMEERPET,initial greater-Hyderabad study area,TGSPDCL,MEDCHAL,MEDCHAL,SHAMEERPET,SHAMEERPET,2025-04-01,2025,4,3,1,4,4.0,False,325.0,146.0,81.25,0
MEDCHAL_SHAMEERPET,initial greater-Hyderabad study area,TGSPDCL,MEDCHAL,MEDCHAL,SHAMEERPET,SHAMEERPET,2025-05-01,2025,5,3,1,4,4.0,False,364.0,146.0,91.0,0
MEDCHAL_SHAMEERPET,initial greater-Hyderabad study area,TGSPDCL,MEDCHAL,MEDCHAL,SHAMEERPET,SHAMEERPET,2025-06-01,2025,6,3,2,4,4.0,False,246.0,146.0,61.5,0
MEDCHAL_SHAMEERPET,initial greater-Hyderabad study area,TGSPDCL,MEDCHAL,MEDCHAL,SHAMEERPET,SHAMEERPET,2025-07-01,2025,7,3,1,4,4.0,False,1622.0,146.0,405.5,0
MEDCHAL_SHAMEERPET,initial greater-Hyderabad study area,TGSPDCL,MEDCHAL,MEDCHAL,SHAMEERPET,SHAMEERPET,2025-08-01,2025,8,3,0,4,4.0,False,3081.0,146.0,770.25,0
MEDCHAL_SHAMEERPET,initial greater-Hyderabad study area,TGSPDCL,MEDCHAL,MEDCHAL,SHAMEERPET,SHAMEERPET,2025-09-01,2025,9,3,0,4,4.0,False,2343.0,146.0,585.75,0
MEDCHAL_SHAMEERPET,initial greater-Hyderabad study area,TGSPDCL,MEDCHAL,MEDCHAL,SHAMEERPET,SHAMEERPET,2025-10-01,2025,10,3,0,4,4.0,False,3391.0,146.0,847.75,0
MEDCHAL_SHAMEERPET,initial greater-Hyderabad study area,TGSPDCL,MEDCHAL,MEDCHAL,SHAMEERPET,SHAMEERPET,2025-11-01,2025,11,3,1,4,4.0,False,3209.0,146.0,802.25,0
MEDCHAL_SHAMEERPET,initial greater-Hyderabad study area,TGSPDCL,MEDCHAL,MEDCHAL,SHAMEERPET,SHAMEERPET,2025-12-01,2025,12,3,0,4,4.0,False,4647.0,146.0,1161.75,0
MEDCHAL_SHAMEERPET,initial greater-Hyderabad study area,TGSPDCL,MEDCHAL,MEDCHAL,SHAMEERPET,SHAMEERPET,2026-01-01,2026,1,3,1,4,4.0,False,8673.0,146.0,2168.25,0
MEDCHAL_SHAMEERPET,initial greater-Hyderabad study area,TGSPDCL,MEDCHAL,MEDCHAL,SHAMEERPET,SHAMEERPET,2026-02-01,2026,2,3,0,4,4.0,False,10626.0,146.0,2656.5,0
MEDCHAL_SHAMEERPET,initial greater-Hyderabad study area,TGSPDCL,MEDCHAL,MEDCHAL,SHAMEERPET,SHAMEERPET,2026-03-01,2026,3,3,1,4,4.0,False,17049.0,146.0,4262.25,0
MEDCHAL_SHAMEERPET,initial greater-Hyderabad study area,TGSPDCL,MEDCHAL,MEDCHAL,SHAMEERPET,SHAMEERPET,2026-04-01,2026,4,3,0,4,4.0,False,14847.0,146.0,3711.75,0
MEDCHAL_SHAMEERPET,initial greater-Hyderabad study area,TGSPDCL,MEDCHAL,MEDCHAL,SHAMEERPET,SHAMEERPET,2026-05-01,2026,5,2,0,4,4.0,False,1279.0,146.0,319.75,0
MEDCHAL_SHAMEERPET,initial greater-Hyderabad study area,TGSPDCL,MEDCHAL,MEDCHAL,SHAMEERPET,SHAMEERPET,2026-06-01,2026,6,2,0,4,4.0,False,5400.0,156.0,1350.0,0
MEDCHAL_SHAMEERPET,initial greater-Hyderabad study area,TGSPDCL,MEDCHAL,MEDCHAL,SHAMEERPET,SHAMEERPET,2026-07-01,2026,7,2,0,4,4.0,False,10494.0,156.0,2623.5,0
MEDCHAL_SHAMEERPET,initial greater-Hyderabad study area,TGSPDCL,MEDCHAL,MEDCHAL,SHAMEERPET,SHAMEERPET,2026-08-01,2026,8,2,0,4,4.0,False,5570.0,156.0,1392.5,0
MEDCHAL_SHAPURNAGAR,initial greater-Hyderabad study area,TGSPDCL,MEDCHAL,JEEDIMETLA,SHAPUR NAGAR,SHAPURNAGAR,2024-07-01,2024,7,2,2,2,,True,0.0,108.0,0.0,0
MEDCHAL_SHAPURNAGAR,initial greater-Hyderabad study area,TGSPDCL,MEDCHAL,JEEDIMETLA,SHAPUR NAGAR,SHAPURNAGAR,2024-08-01,2024,8,2,1,2,2.0,False,17.0,108.0,8.5,0
MEDCHAL_SHAPURNAGAR,initial greater-Hyderabad study area,TGSPDCL,MEDCHAL,JEEDIMETLA,SHAPUR NAGAR,SHAPURNAGAR,2024-09-01,2024,9,2,0,2,2.0,False,588.0,108.0,294.0,0
MEDCHAL_SHAPURNAGAR,initial greater-Hyderabad study area,TGSPDCL,MEDCHAL,JEEDIMETLA,SHAPUR NAGAR,SHAPURNAGAR,2024-10-01,2024,10,2,0,2,2.0,False,2128.0,108.0,1064.0,0
MEDCHAL_SHAPURNAGAR,initial greater-Hyderabad study area,TGSPDCL,MEDCHAL,JEEDIMETLA,SHAPUR NAGAR,SHAPURNAGAR,2024-11-01,2024,11,2,0,2,2.0,False,1533.0,108.0,766.5,0
MEDCHAL_SHAPURNAGAR,initial greater-Hyderabad study area,TGSPDCL,MEDCHAL,JEEDIMETLA,SHAPUR NAGAR,SHAPURNAGAR,2024-12-01,2024,12,2,0,2,2.0,False,3312.0,108.0,1656.0,0
MEDCHAL_SHAPURNAGAR,initial greater-Hyderabad study area,TGSPDCL,MEDCHAL,JEEDIMETLA,SHAPUR NAGAR,SHAPURNAGAR,2025-01-01,2025,1,2,0,2,2.0,False,3767.0,108.0,1883.5,0
MEDCHAL_SHAPURNAGAR,initial greater-Hyderabad study area,TGSPDCL,MEDCHAL,JEEDIMETLA,SHAPUR NAGAR,SHAPURNAGAR,2025-02-01,2025,2,2,0,2,2.0,False,3656.0,108.0,1828.0,0
MEDCHAL_SHAPURNAGAR,initial greater-Hyderabad study area,TGSPDCL,MEDCHAL,JEEDIMETLA,SHAPUR NAGAR,SHAPURNAGAR,2025-03-01,2025,3,2,0,2,2.0,False,4521.0,108.0,2260.5,0
MEDCHAL_SHAPURNAGAR,initial greater-Hyderabad study area,TGSPDCL,MEDCHAL,JEEDIMETLA,SHAPUR NAGAR,SHAPURNAGAR,2025-04-01,2025,4,2,0,2,2.0,False,3967.0,108.0,1983.5,0
MEDCHAL_SHAPURNAGAR,initial greater-Hyderabad study area,TGSPDCL,MEDCHAL,JEEDIMETLA,SHAPUR NAGAR,SHAPURNAGAR,2025-05-01,2025,5,2,0,2,2.0,False,7476.0,108.0,3738.0,0
MEDCHAL_SHAPURNAGAR,initial greater-Hyderabad study area,TGSPDCL,MEDCHAL,JEEDIMETLA,SHAPUR NAGAR,SHAPURNAGAR,2025-06-01,2025,6,2,0,2,2.0,False,7112.0,108.0,3556.0,0
MEDCHAL_SHAPURNAGAR,initial greater-Hyderabad study area,TGSPDCL,MEDCHAL,JEEDIMETLA,SHAPUR NAGAR,SHAPURNAGAR,2025-07-01,2025,7,2,0,2,2.0,False,4521.0,108.0,2260.5,0
MEDCHAL_SHAPURNAGAR,initial greater-Hyderabad study area,TGSPDCL,MEDCHAL,JEEDIMETLA,SHAPUR NAGAR,SHAPURNAGAR,2025-08-01,2025,8,2,1,2,2.0,False,3324.0,108.0,1662.0,0
MEDCHAL_SHAPURNAGAR,initial greater-Hyderabad study area,TGSPDCL,MEDCHAL,JEEDIMETLA,SHAPUR NAGAR,SHAPURNAGAR,2025-09-01,2025,9,2,1,2,2.0,False,2013.0,108.0,1006.5,0
MEDCHAL_SHAPURNAGAR,initial greater-Hyderabad study area,TGSPDCL,MEDCHAL,JEEDIMETLA,SHAPUR NAGAR,SHAPURNAGAR,2025-10-01,2025,10,2,0,2,2.0,False,2797.0,108.0,1398.5,0
MEDCHAL_SHAPURNAGAR,initial greater-Hyderabad study area,TGSPDCL,MEDCHAL,JEEDIMETLA,SHAPUR NAGAR,SHAPURNAGAR,2025-11-01,2025,11,2,0,2,2.0,False,4304.0,108.0,2152.0,0
MEDCHAL_SHAPURNAGAR,initial greater-Hyderabad study area,TGSPDCL,MEDCHAL,JEEDIMETLA,SHAPUR NAGAR,SHAPURNAGAR,2025-12-01,2025,12,2,0,2,2.0,False,4751.0,108.0,2375.5,0
MEDCHAL_SHAPURNAGAR,initial greater-Hyderabad study area,TGSPDCL,MEDCHAL,JEEDIMETLA,SHAPUR NAGAR,SHAPURNAGAR,2026-01-01,2026,1,2,0,2,2.0,False,6617.0,108.0,3308.5,0
MEDCHAL_SHAPURNAGAR,initial greater-Hyderabad study area,TGSPDCL,MEDCHAL,JEEDIMETLA,SHAPUR NAGAR,SHAPURNAGAR,2026-02-01,2026,2,2,0,2,2.0,False,5879.0,108.0,2939.5,0
MEDCHAL_SHAPURNAGAR,initial greater-Hyderabad study area,TGSPDCL,MEDCHAL,JEEDIMETLA,SHAPUR NAGAR,SHAPURNAGAR,2026-03-01,2026,3,2,0,2,2.0,False,5429.0,108.0,2714.5,0
MEDCHAL_SHAPURNAGAR,initial greater-Hyderabad study area,TGSPDCL,MEDCHAL,JEEDIMETLA,SHAPUR NAGAR,SHAPURNAGAR,2026-04-01,2026,4,2,0,2,2.0,False,7953.0,108.0,3976.5,0
MEDCHAL_SHAPURNAGAR,initial greater-Hyderabad study area,TGSPDCL,MEDCHAL,JEEDIMETLA,SHAPUR NAGAR,SHAPURNAGAR,2026-05-01,2026,5,2,0,2,2.0,False,11538.0,108.0,5769.0,0
MEDCHAL_SHAPURNAGAR,initial greater-Hyderabad study area,TGSPDCL,MEDCHAL,JEEDIMETLA,SHAPUR NAGAR,SHAPURNAGAR,2026-06-01,2026,6,3,1,3,2.0,True,11952.0,162.0,3984.0,0
MEDCHAL_SHAPURNAGAR,initial greater-Hyderabad study area,TGSPDCL,MEDCHAL,JEEDIMETLA,SHAPUR NAGAR,SHAPURNAGAR,2026-07-01,2026,7,3,0,3,3.0,False,11240.0,162.0,3746.67,0
MEDCHAL_SHAPURNAGAR,initial greater-Hyderabad study area,TGSPDCL,MEDCHAL,JEEDIMETLA,SHAPUR NAGAR,SHAPURNAGAR,2026-08-01,2026,8,3,1,3,3.0,False,13019.0,162.0,4339.67,0
MEDCHAL_VEMANA_COLONY,initial greater-Hyderabad study area,TGSPDCL,MEDCHAL,KUKATPALLY,MIYAPUR,VEMANA COLONY,2023-11-01,2023,11,1,0,1,1.0,False,2700.0,20.0,2700.0,0
MEDCHAL_VEMANA_COLONY,initial greater-Hyderabad study area,TGSPDCL,MEDCHAL,KUKATPALLY,MIYAPUR,VEMANA COLONY,2023-12-01,2023,12,1,0,1,1.0,False,1604.0,20.0,1604.0,0
MEDCHAL_VEMANA_COLONY,initial greater-Hyderabad study area,TGSPDCL,MEDCHAL,KUKATPALLY,MIYAPUR,VEMANA COLONY,2024-01-01,2024,1,1,0,1,1.0,False,2444.0,20.0,2444.0,0
MEDCHAL_VEMANA_COLONY,initial greater-Hyderabad study area,TGSPDCL,MEDCHAL,KUKATPALLY,MIYAPUR,VEMANA COLONY,2024-02-01,2024,2,1,0,1,1.0,False,3055.0,20.0,3055.0,0
MEDCHAL_VEMANA_COLONY,initial greater-Hyderabad study area,TGSPDCL,MEDCHAL,KUKATPALLY,MIYAPUR,VEMANA COLONY,2024-03-01,2024,3,1,0,1,1.0,False,3417.0,20.0,3417.0,0
MEDCHAL_VEMANA_COLONY,initial greater-Hyderabad study area,TGSPDCL,MEDCHAL,KUKATPALLY,MIYAPUR,VEMANA COLONY,2024-04-01,2024,4,1,0,1,1.0,False,2345.0,20.0,2345.0,0
MEDCHAL_VEMANA_COLONY,initial greater-Hyderabad study area,TGSPDCL,MEDCHAL,KUKATPALLY,MIYAPUR,VEMANA COLONY,2024-05-01,2024,5,1,0,1,1.0,False,2337.0,20.0,2337.0,0
MEDCHAL_VEMANA_COLONY,initial greater-Hyderabad study area,TGSPDCL,MEDCHAL,KUKATPALLY,MIYAPUR,VEMANA COLONY,2024-06-01,2024,6,1,0,1,1.0,False,2863.0,20.0,2863.0,0
MEDCHAL_VEMANA_COLONY,initial greater-Hyderabad study area,TGSPDCL,MEDCHAL,KUKATPALLY,MIYAPUR,VEMANA COLONY,2024-07-01,2024,7,1,0,1,1.0,False,2861.0,20.0,2861.0,0
MEDCHAL_VEMANA_COLONY,initial greater-Hyderabad study area,TGSPDCL,MEDCHAL,KUKATPALLY,MIYAPUR,VEMANA COLONY,2024-08-01,2024,8,1,0,1,1.0,False,3020.0,20.0,3020.0,0
MEDCHAL_VEMANA_COLONY,initial greater-Hyderabad study area,TGSPDCL,MEDCHAL,KUKATPALLY,MIYAPUR,VEMANA COLONY,2024-09-01,2024,9,1,0,1,1.0,False,2507.0,20.0,2507.0,0
MEDCHAL_VEMANA_COLONY,initial greater-Hyderabad study area,TGSPDCL,MEDCHAL,KUKATPALLY,MIYAPUR,VEMANA COLONY,2024-10-01,2024,10,1,0,1,1.0,False,2521.0,20.0,2521.0,0
MEDCHAL_VEMANA_COLONY,initial greater-Hyderabad study area,TGSPDCL,MEDCHAL,KUKATPALLY,MIYAPUR,VEMANA COLONY,2024-11-01,2024,11,1,0,1,1.0,False,3853.0,20.0,3853.0,0
MEDCHAL_VEMANA_COLONY,initial greater-Hyderabad study area,TGSPDCL,MEDCHAL,KUKATPALLY,MIYAPUR,VEMANA COLONY,2024-12-01,2024,12,1,0,1,1.0,False,3423.0,20.0,3423.0,0
MEDCHAL_VEMANA_COLONY,initial greater-Hyderabad study area,TGSPDCL,MEDCHAL,KUKATPALLY,MIYAPUR,VEMANA COLONY,2025-01-01,2025,1,1,0,1,1.0,False,2934.0,20.0,2934.0,0
MEDCHAL_VEMANA_COLONY,initial greater-Hyderabad study area,TGSPDCL,MEDCHAL,KUKATPALLY,MIYAPUR,VEMANA COLONY,2025-02-01,2025,2,1,0,1,1.0,False,3076.0,20.0,3076.0,0
MEDCHAL_VEMANA_COLONY,initial greater-Hyderabad study area,TGSPDCL,MEDCHAL,KUKATPALLY,MIYAPUR,VEMANA COLONY,2025-03-01,2025,3,1,0,1,1.0,False,2685.0,20.0,2685.0,0
MEDCHAL_VEMANA_COLONY,initial greater-Hyderabad study area,TGSPDCL,MEDCHAL,KUKATPALLY,MIYAPUR,VEMANA COLONY,2025-04-01,2025,4,1,0,1,1.0,False,2799.0,20.0,2799.0,0
MEDCHAL_VEMANA_COLONY,initial greater-Hyderabad study area,TGSPDCL,MEDCHAL,KUKATPALLY,MIYAPUR,VEMANA COLONY,2025-05-01,2025,5,1,0,1,1.0,False,3124.0,20.0,3124.0,0
MEDCHAL_VEMANA_COLONY,initial greater-Hyderabad study area,TGSPDCL,MEDCHAL,KUKATPALLY,MIYAPUR,VEMANA COLONY,2025-06-01,2025,6,1,0,1,1.0,False,1747.0,20.0,1747.0,0
MEDCHAL_VEMANA_COLONY,initial greater-Hyderabad study area,TGSPDCL,MEDCHAL,KUKATPALLY,MIYAPUR,VEMANA COLONY,2025-07-01,2025,7,1,0,1,1.0,False,913.0,20.0,913.0,0
MEDCHAL_VEMANA_COLONY,initial greater-Hyderabad study area,TGSPDCL,MEDCHAL,KUKATPALLY,MIYAPUR,VEMANA COLONY,2025-08-01,2025,8,1,0,1,1.0,False,798.0,20.0,798.0,0
MEDCHAL_VEMANA_COLONY,initial greater-Hyderabad study area,TGSPDCL,MEDCHAL,KUKATPALLY,MIYAPUR,VEMANA COLONY,2025-09-01,2025,9,1,0,1,1.0,False,635.0,20.0,635.0,0
MEDCHAL_VEMANA_COLONY,initial greater-Hyderabad study area,TGSPDCL,MEDCHAL,KUKATPALLY,MIYAPUR,VEMANA COLONY,2025-10-01,2025,10,1,0,1,1.0,False,675.0,20.0,675.0,0
MEDCHAL_VEMANA_COLONY,initial greater-Hyderabad study area,TGSPDCL,MEDCHAL,KUKATPALLY,MIYAPUR,VEMANA COLONY,2025-11-01,2025,11,1,0,1,1.0,False,28.0,20.0,28.0,0
MEDCHAL_VEMANA_COLONY,initial greater-Hyderabad study area,TGSPDCL,MEDCHAL,KUKATPALLY,MIYAPUR,VEMANA COLONY,2025-12-01,2025,12,1,1,1,1.0,False,0.0,20.0,0.0,0
MEDCHAL_VEMANA_COLONY,initial greater-Hyderabad study area,TGSPDCL,MEDCHAL,KUKATPALLY,MIYAPUR,VEMANA COLONY,2026-01-01,2026,1,1,1,1,1.0,False,0.0,20.0,0.0,0
MEDCHAL_VEMANA_COLONY,initial greater-Hyderabad study area,TGSPDCL,MEDCHAL,KUKATPALLY,MIYAPUR,VEMANA COLONY,2026-02-01,2026,2,1,1,1,1.0,False,0.0,20.0,0.0,0
MEDCHAL_VEMANA_COLONY,initial greater-Hyderabad study area,TGSPDCL,MEDCHAL,KUKATPALLY,MIYAPUR,VEMANA COLONY,2026-03-01,2026,3,1,1,1,1.0,False,0.0,20.0,0.0,0
MEDCHAL_VEMANA_COLONY,initial greater-Hyderabad study area,TGSPDCL,MEDCHAL,KUKATPALLY,MIYAPUR,VEMANA COLONY,2026-04-01,2026,4,1,1,1,1.0,False,0.0,20.0,0.0,0
MEDCHAL_VEMANA_COLONY,initial greater-Hyderabad study area,TGSPDCL,MEDCHAL,KUKATPALLY,MIYAPUR,VEMANA COLONY,2026-05-01,2026,5,1,1,1,1.0,False,0.0,20.0,0.0,0
MEDCHAL_VEMANA_COLONY,initial greater-Hyderabad study area,TGSPDCL,MEDCHAL,KUKATPALLY,MIYAPUR,VEMANA COLONY,2026-06-01,2026,6,1,1,1,1.0,False,0.0,20.0,0.0,0
MEDCHAL_VEMANA_COLONY,initial greater-Hyderabad study area,TGSPDCL,MEDCHAL,KUKATPALLY,MIYAPUR,VEMANA COLONY,2026-07-01,2026,7,1,1,1,1.0,False,0.0,20.0,0.0,0
MEDCHAL_VEMANA_COLONY,initial greater-Hyderabad study area,TGSPDCL,MEDCHAL,KUKATPALLY,MIYAPUR,VEMANA COLONY,2026-08-01,2026,8,1,1,1,1.0,False,0.0,20.0,0.0,0
RAJENDRA_NAGAR_AMANGAL,initial greater-Hyderabad study area,TGSPDCL,RAJENDRA NAGAR,KANDUKUR,AMANGAL,AMANGAL,2023-10-01,2023,10,1,1,1,,True,0.0,40.0,0.0,0
RAJENDRA_NAGAR_AMANGAL,initial greater-Hyderabad study area,TGSPDCL,RAJENDRA NAGAR,KANDUKUR,AMANGAL,AMANGAL,2023-11-01,2023,11,1,0,1,1.0,False,684.0,40.0,684.0,0
RAJENDRA_NAGAR_AMANGAL,initial greater-Hyderabad study area,TGSPDCL,RAJENDRA NAGAR,KANDUKUR,AMANGAL,AMANGAL,2023-12-01,2023,12,1,0,1,1.0,False,1797.0,40.0,1797.0,0
RAJENDRA_NAGAR_AMANGAL,initial greater-Hyderabad study area,TGSPDCL,RAJENDRA NAGAR,KANDUKUR,AMANGAL,AMANGAL,2024-01-01,2024,1,1,0,1,1.0,False,1857.0,40.0,1857.0,0
RAJENDRA_NAGAR_AMANGAL,initial greater-Hyderabad study area,TGSPDCL,RAJENDRA NAGAR,KANDUKUR,AMANGAL,AMANGAL,2024-02-01,2024,2,1,0,1,1.0,False,1338.0,40.0,1338.0,0
RAJENDRA_NAGAR_AMANGAL,initial greater-Hyderabad study area,TGSPDCL,RAJENDRA NAGAR,KANDUKUR,AMANGAL,AMANGAL,2024-03-01,2024,3,1,0,1,1.0,False,1313.0,40.0,1313.0,0
RAJENDRA_NAGAR_AMANGAL,initial greater-Hyderabad study area,TGSPDCL,RAJENDRA NAGAR,KANDUKUR,AMANGAL,AMANGAL,2024-04-01,2024,4,1,0,1,1.0,False,1186.0,40.0,1186.0,0
RAJENDRA_NAGAR_AMANGAL,initial greater-Hyderabad study area,TGSPDCL,RAJENDRA NAGAR,KANDUKUR,AMANGAL,AMANGAL,2024-05-01,2024,5,1,0,1,1.0,False,1450.0,40.0,1450.0,0
RAJENDRA_NAGAR_AMANGAL,initial greater-Hyderabad study area,TGSPDCL,RAJENDRA NAGAR,KANDUKUR,AMANGAL,AMANGAL,2024-06-01,2024,6,1,0,1,1.0,False,1723.0,40.0,1723.0,0
RAJENDRA_NAGAR_AMANGAL,initial greater-Hyderabad study area,TGSPDCL,RAJENDRA NAGAR,KANDUKUR,AMANGAL,AMANGAL,2024-07-01,2024,7,1,0,1,1.0,False,1354.0,40.0,1354.0,0
RAJENDRA_NAGAR_AMANGAL,initial greater-Hyderabad study area,TGSPDCL,RAJENDRA NAGAR,KANDUKUR,AMANGAL,AMANGAL,2024-08-01,2024,8,1,0,1,1.0,False,1276.0,40.0,1276.0,0
RAJENDRA_NAGAR_AMANGAL,initial greater-Hyderabad study area,TGSPDCL,RAJENDRA NAGAR,KANDUKUR,AMANGAL,AMANGAL,2024-09-01,2024,9,1,0,1,1.0,False,1421.0,40.0,1421.0,0
RAJENDRA_NAGAR_AMANGAL,initial greater-Hyderabad study area,TGSPDCL,RAJENDRA NAGAR,KANDUKUR,AMANGAL,AMANGAL,2024-10-01,2024,10,1,0,1,1.0,False,929.0,59.0,929.0,0
RAJENDRA_NAGAR_AMANGAL,initial greater-Hyderabad study area,TGSPDCL,RAJENDRA NAGAR,KANDUKUR,AMANGAL,AMANGAL,2024-11-01,2024,11,1,0,1,1.0,False,1523.0,59.0,1523.0,0
RAJENDRA_NAGAR_AMANGAL,initial greater-Hyderabad study area,TGSPDCL,RAJENDRA NAGAR,KANDUKUR,AMANGAL,AMANGAL,2024-12-01,2024,12,1,0,1,1.0,False,1506.0,59.0,1506.0,0
RAJENDRA_NAGAR_AMANGAL,initial greater-Hyderabad study area,TGSPDCL,RAJENDRA NAGAR,KANDUKUR,AMANGAL,AMANGAL,2025-01-01,2025,1,1,0,1,1.0,False,1642.0,59.0,1642.0,0
RAJENDRA_NAGAR_AMANGAL,initial greater-Hyderabad study area,TGSPDCL,RAJENDRA NAGAR,KANDUKUR,AMANGAL,AMANGAL,2025-02-01,2025,2,1,0,1,1.0,False,1442.0,59.0,1442.0,0
RAJENDRA_NAGAR_AMANGAL,initial greater-Hyderabad study area,TGSPDCL,RAJENDRA NAGAR,KANDUKUR,AMANGAL,AMANGAL,2025-03-01,2025,3,1,0,1,1.0,False,1326.0,59.0,1326.0,0
RAJENDRA_NAGAR_AMANGAL,initial greater-Hyderabad study area,TGSPDCL,RAJENDRA NAGAR,KANDUKUR,AMANGAL,AMANGAL,2025-04-01,2025,4,1,0,1,1.0,False,1302.0,59.0,1302.0,0
RAJENDRA_NAGAR_AMANGAL,initial greater-Hyderabad study area,TGSPDCL,RAJENDRA NAGAR,KANDUKUR,AMANGAL,AMANGAL,2025-05-01,2025,5,1,0,1,1.0,False,3214.0,59.0,3214.0,0
RAJENDRA_NAGAR_AMANGAL,initial greater-Hyderabad study area,TGSPDCL,RAJENDRA NAGAR,KANDUKUR,AMANGAL,AMANGAL,2025-06-01,2025,6,1,0,1,1.0,False,2229.0,59.0,2229.0,0
RAJENDRA_NAGAR_AMANGAL,initial greater-Hyderabad study area,TGSPDCL,RAJENDRA NAGAR,KANDUKUR,AMANGAL,AMANGAL,2025-07-01,2025,7,1,0,2,1.0,False,2324.0,113.0,1162.0,0
RAJENDRA_NAGAR_AMANGAL,initial greater-Hyderabad study area,TGSPDCL,RAJENDRA NAGAR,KANDUKUR,AMANGAL,AMANGAL,2025-08-01,2025,8,1,0,2,2.0,False,2524.0,113.0,1262.0,0
RAJENDRA_NAGAR_AMANGAL,initial greater-Hyderabad study area,TGSPDCL,RAJENDRA NAGAR,KANDUKUR,AMANGAL,AMANGAL,2025-09-01,2025,9,1,0,2,2.0,False,2318.0,113.0,1159.0,0
RAJENDRA_NAGAR_AMANGAL,initial greater-Hyderabad study area,TGSPDCL,RAJENDRA NAGAR,KANDUKUR,AMANGAL,AMANGAL,2025-10-01,2025,10,1,0,2,2.0,False,2785.0,113.0,1392.5,0
RAJENDRA_NAGAR_AMANGAL,initial greater-Hyderabad study area,TGSPDCL,RAJENDRA NAGAR,KANDUKUR,AMANGAL,AMANGAL,2025-11-01,2025,11,1,0,2,2.0,False,3223.0,113.0,1611.5,0
RAJENDRA_NAGAR_AMANGAL,initial greater-Hyderabad study area,TGSPDCL,RAJENDRA NAGAR,KANDUKUR,AMANGAL,AMANGAL,2025-12-01,2025,12,1,0,2,2.0,False,2906.0,113.0,1453.0,0
RAJENDRA_NAGAR_AMANGAL,initial greater-Hyderabad study area,TGSPDCL,RAJENDRA NAGAR,KANDUKUR,AMANGAL,AMANGAL,2026-01-01,2026,1,1,0,2,2.0,False,2658.0,113.0,1329.0,0
RAJENDRA_NAGAR_AMANGAL,initial greater-Hyderabad study area,TGSPDCL,RAJENDRA NAGAR,KANDUKUR,AMANGAL,AMANGAL,2026-02-01,2026,2,1,0,2,2.0,False,2986.0,113.0,1493.0,0
RAJENDRA_NAGAR_AMANGAL,initial greater-Hyderabad study area,TGSPDCL,RAJENDRA NAGAR,KANDUKUR,AMANGAL,AMANGAL,2026-03-01,2026,3,1,0,2,2.0,False,2373.0,113.0,1186.5,0
RAJENDRA_NAGAR_AMANGAL,initial greater-Hyderabad study area,TGSPDCL,RAJENDRA NAGAR,KANDUKUR,AMANGAL,AMANGAL,2026-04-01,2026,4,1,0,2,2.0,False,2692.0,113.0,1346.0,0
RAJENDRA_NAGAR_AMANGAL,initial greater-Hyderabad study area,TGSPDCL,RAJENDRA NAGAR,KANDUKUR,AMANGAL,AMANGAL,2026-05-01,2026,5,1,0,3,2.0,False,2581.0,167.0,860.33,0
RAJENDRA_NAGAR_AMANGAL,initial greater-Hyderabad study area,TGSPDCL,RAJENDRA NAGAR,KANDUKUR,AMANGAL,AMANGAL,2026-06-01,2026,6,1,0,3,3.0,False,2373.0,167.0,791.0,0
RAJENDRA_NAGAR_AMANGAL,initial greater-Hyderabad study area,TGSPDCL,RAJENDRA NAGAR,KANDUKUR,AMANGAL,AMANGAL,2026-07-01,2026,7,1,0,3,3.0,False,2776.0,167.0,925.33,0
RAJENDRA_NAGAR_AMANGAL,initial greater-Hyderabad study area,TGSPDCL,RAJENDRA NAGAR,KANDUKUR,AMANGAL,AMANGAL,2026-08-01,2026,8,2,1,4,3.0,True,2770.0,287.0,692.5,0
RAJENDRA_NAGAR_BALAPUR,initial greater-Hyderabad study area,TGSPDCL,RAJENDRA NAGAR,KANDUKUR,MAMIDIPALLY,BALAPUR,2023-09-01,2023,9,1,0,1,1.0,False,22.0,15.0,22.0,0
RAJENDRA_NAGAR_BALAPUR,initial greater-Hyderabad study area,TGSPDCL,RAJENDRA NAGAR,KANDUKUR,MAMIDIPALLY,BALAPUR,2023-10-01,2023,10,1,0,1,1.0,False,18.0,15.0,18.0,0
RAJENDRA_NAGAR_BALAPUR,initial greater-Hyderabad study area,TGSPDCL,RAJENDRA NAGAR,KANDUKUR,MAMIDIPALLY,BALAPUR,2023-11-01,2023,11,1,0,1,1.0,False,11.0,15.0,11.0,0
RAJENDRA_NAGAR_BALAPUR,initial greater-Hyderabad study area,TGSPDCL,RAJENDRA NAGAR,KANDUKUR,MAMIDIPALLY,BALAPUR,2023-12-01,2023,12,1,0,1,1.0,False,18.0,15.0,18.0,0
RAJENDRA_NAGAR_BALAPUR,initial greater-Hyderabad study area,TGSPDCL,RAJENDRA NAGAR,KANDUKUR,MAMIDIPALLY,BALAPUR,2024-01-01,2024,1,1,0,1,1.0,False,16.0,15.0,16.0,0
RAJENDRA_NAGAR_BALAPUR,initial greater-Hyderabad study area,TGSPDCL,RAJENDRA NAGAR,KANDUKUR,MAMIDIPALLY,BALAPUR,2024-02-01,2024,2,1,0,1,1.0,False,20.0,15.0,20.0,0
RAJENDRA_NAGAR_BALAPUR,initial greater-Hyderabad study area,TGSPDCL,RAJENDRA NAGAR,KANDUKUR,MAMIDIPALLY,BALAPUR,2024-03-01,2024,3,1,0,1,1.0,False,18.0,15.0,18.0,0
RAJENDRA_NAGAR_BALAPUR,initial greater-Hyderabad study area,TGSPDCL,RAJENDRA NAGAR,KANDUKUR,MAMIDIPALLY,BALAPUR,2024-04-01,2024,4,1,0,1,1.0,False,19.0,15.0,19.0,0
RAJENDRA_NAGAR_BALAPUR,initial greater-Hyderabad study area,TGSPDCL,RAJENDRA NAGAR,KANDUKUR,MAMIDIPALLY,BALAPUR,2024-05-01,2024,5,1,0,1,1.0,False,18.0,15.0,18.0,0
RAJENDRA_NAGAR_BALAPUR,initial greater-Hyderabad study area,TGSPDCL,RAJENDRA NAGAR,KANDUKUR,MAMIDIPALLY,BALAPUR,2024-06-01,2024,6,1,0,1,1.0,False,2.0,15.0,2.0,0
RAJENDRA_NAGAR_BALAPUR,initial greater-Hyderabad study area,TGSPDCL,RAJENDRA NAGAR,KANDUKUR,MAMIDIPALLY,BALAPUR,2024-07-01,2024,7,1,0,1,1.0,False,1.0,15.0,1.0,0
RAJENDRA_NAGAR_BALAPUR,initial greater-Hyderabad study area,TGSPDCL,RAJENDRA NAGAR,KANDUKUR,MAMIDIPALLY,BALAPUR,2024-08-01,2024,8,1,0,1,1.0,False,2.0,15.0,2.0,0
RAJENDRA_NAGAR_BALAPUR,initial greater-Hyderabad study area,TGSPDCL,RAJENDRA NAGAR,KANDUKUR,MAMIDIPALLY,BALAPUR,2024-09-01,2024,9,1,1,1,1.0,False,0.0,15.0,0.0,0
RAJENDRA_NAGAR_BALAPUR,initial greater-Hyderabad study area,TGSPDCL,RAJENDRA NAGAR,KANDUKUR,MAMIDIPALLY,BALAPUR,2024-10-01,2024,10,1,1,1,1.0,False,0.0,15.0,0.0,0
RAJENDRA_NAGAR_BALAPUR,initial greater-Hyderabad study area,TGSPDCL,RAJENDRA NAGAR,KANDUKUR,MAMIDIPALLY,BALAPUR,2024-11-01,2024,11,1,1,1,1.0,False,0.0,15.0,0.0,0
RAJENDRA_NAGAR_BALAPUR,initial greater-Hyderabad study area,TGSPDCL,RAJENDRA NAGAR,KANDUKUR,MAMIDIPALLY,BALAPUR,2024-12-01,2024,12,1,1,1,1.0,False,0.0,15.0,0.0,0
RAJENDRA_NAGAR_BALAPUR,initial greater-Hyderabad study area,TGSPDCL,RAJENDRA NAGAR,KANDUKUR,MAMIDIPALLY,BALAPUR,2025-01-01,2025,1,1,1,1,1.0,False,0.0,15.0,0.0,0
RAJENDRA_NAGAR_BALAPUR,initial greater-Hyderabad study area,TGSPDCL,RAJENDRA NAGAR,KANDUKUR,MAMIDIPALLY,BALAPUR,2025-02-01,2025,2,1,1,1,1.0,False,0.0,15.0,0.0,0
RAJENDRA_NAGAR_BALAPUR,initial greater-Hyderabad study area,TGSPDCL,RAJENDRA NAGAR,KANDUKUR,MAMIDIPALLY,BALAPUR,2025-03-01,2025,3,1,1,1,1.0,False,0.0,15.0,0.0,0
RAJENDRA_NAGAR_BALAPUR,initial greater-Hyderabad study area,TGSPDCL,RAJENDRA NAGAR,KANDUKUR,MAMIDIPALLY,BALAPUR,2025-04-01,2025,4,1,1,1,1.0,False,0.0,15.0,0.0,0
RAJENDRA_NAGAR_BALAPUR,initial greater-Hyderabad study area,TGSPDCL,RAJENDRA NAGAR,KANDUKUR,MAMIDIPALLY,BALAPUR,2025-05-01,2025,5,1,1,1,1.0,False,0.0,15.0,0.0,0
RAJENDRA_NAGAR_BALAPUR,initial greater-Hyderabad study area,TGSPDCL,RAJENDRA NAGAR,KANDUKUR,MAMIDIPALLY,BALAPUR,2025-06-01,2025,6,1,1,1,1.0,False,0.0,15.0,0.0,0
RAJENDRA_NAGAR_BALAPUR,initial greater-Hyderabad study area,TGSPDCL,RAJENDRA NAGAR,KANDUKUR,MAMIDIPALLY,BALAPUR,2025-07-01,2025,7,1,1,1,1.0,False,0.0,15.0,0.0,0
RAJENDRA_NAGAR_BALAPUR,initial greater-Hyderabad study area,TGSPDCL,RAJENDRA NAGAR,KANDUKUR,MAMIDIPALLY,BALAPUR,2025-08-01,2025,8,1,1,1,1.0,False,0.0,15.0,0.0,0
RAJENDRA_NAGAR_BALAPUR,initial greater-Hyderabad study area,TGSPDCL,RAJENDRA NAGAR,KANDUKUR,MAMIDIPALLY,BALAPUR,2025-09-01,2025,9,1,0,1,1.0,False,1.0,15.0,1.0,0
RAJENDRA_NAGAR_BALAPUR,initial greater-Hyderabad study area,TGSPDCL,RAJENDRA NAGAR,KANDUKUR,MAMIDIPALLY,BALAPUR,2025-10-01,2025,10,2,2,2,1.0,True,0.0,69.0,0.0,0
RAJENDRA_NAGAR_BALAPUR,initial greater-Hyderabad study area,TGSPDCL,RAJENDRA NAGAR,KANDUKUR,MAMIDIPALLY,BALAPUR,2025-11-01,2025,11,2,1,2,2.0,False,6.0,69.0,3.0,0
RAJENDRA_NAGAR_BALAPUR,initial greater-Hyderabad study area,TGSPDCL,RAJENDRA NAGAR,KANDUKUR,MAMIDIPALLY,BALAPUR,2025-12-01,2025,12,2,1,2,2.0,False,34.0,69.0,17.0,0
RAJENDRA_NAGAR_BALAPUR,initial greater-Hyderabad study area,TGSPDCL,RAJENDRA NAGAR,KANDUKUR,MAMIDIPALLY,BALAPUR,2026-01-01,2026,1,2,2,2,2.0,False,0.0,69.0,0.0,0
RAJENDRA_NAGAR_BALAPUR,initial greater-Hyderabad study area,TGSPDCL,RAJENDRA NAGAR,KANDUKUR,MAMIDIPALLY,BALAPUR,2026-02-01,2026,2,2,1,2,2.0,False,1.0,69.0,0.5,0
RAJENDRA_NAGAR_BALAPUR,initial greater-Hyderabad study area,TGSPDCL,RAJENDRA NAGAR,KANDUKUR,MAMIDIPALLY,BALAPUR,2026-03-01,2026,3,2,2,2,2.0,False,0.0,69.0,0.0,0
RAJENDRA_NAGAR_BALAPUR,initial greater-Hyderabad study area,TGSPDCL,RAJENDRA NAGAR,KANDUKUR,MAMIDIPALLY,BALAPUR,2026-04-01,2026,4,2,1,2,2.0,False,17.0,69.0,8.5,0
RAJENDRA_NAGAR_BALAPUR,initial greater-Hyderabad study area,TGSPDCL,RAJENDRA NAGAR,KANDUKUR,MAMIDIPALLY,BALAPUR,2026-05-01,2026,5,2,1,2,2.0,False,9.0,69.0,4.5,0
RAJENDRA_NAGAR_BALAPUR,initial greater-Hyderabad study area,TGSPDCL,RAJENDRA NAGAR,KANDUKUR,MAMIDIPALLY,BALAPUR,2026-06-01,2026,6,2,2,2,2.0,False,0.0,69.0,0.0,0
RAJENDRA_NAGAR_BALAPUR,initial greater-Hyderabad study area,TGSPDCL,RAJENDRA NAGAR,KANDUKUR,MAMIDIPALLY,BALAPUR,2026-07-01,2026,7,2,1,2,2.0,False,4553.0,69.0,2276.5,0
RAJENDRA_NAGAR_BALAPUR,initial greater-Hyderabad study area,TGSPDCL,RAJENDRA NAGAR,KANDUKUR,MAMIDIPALLY,BALAPUR,2026-08-01,2026,8,2,1,2,2.0,False,5062.0,69.0,2531.0,0
RAJENDRA_NAGAR_GAGANPAHAD,initial greater-Hyderabad study area,TGSPDCL,RAJENDRA NAGAR,RAJENDRA NAGAR,GAGANPAHAD,GAGANPAHAD,2023-01-01,2023,1,1,0,1,1.0,False,202.0,22.0,202.0,0
RAJENDRA_NAGAR_GAGANPAHAD,initial greater-Hyderabad study area,TGSPDCL,RAJENDRA NAGAR,RAJENDRA NAGAR,GAGANPAHAD,GAGANPAHAD,2023-02-01,2023,2,1,0,1,1.0,False,161.0,22.0,161.0,0
RAJENDRA_NAGAR_GAGANPAHAD,initial greater-Hyderabad study area,TGSPDCL,RAJENDRA NAGAR,RAJENDRA NAGAR,GAGANPAHAD,GAGANPAHAD,2023-03-01,2023,3,1,0,1,1.0,False,3777.0,22.0,3777.0,0
RAJENDRA_NAGAR_GAGANPAHAD,initial greater-Hyderabad study area,TGSPDCL,RAJENDRA NAGAR,RAJENDRA NAGAR,GAGANPAHAD,GAGANPAHAD,2023-04-01,2023,4,1,0,1,1.0,False,2193.0,22.0,2193.0,0
RAJENDRA_NAGAR_GAGANPAHAD,initial greater-Hyderabad study area,TGSPDCL,RAJENDRA NAGAR,RAJENDRA NAGAR,GAGANPAHAD,GAGANPAHAD,2023-05-01,2023,5,1,0,1,1.0,False,2803.0,22.0,2803.0,0
RAJENDRA_NAGAR_GAGANPAHAD,initial greater-Hyderabad study area,TGSPDCL,RAJENDRA NAGAR,RAJENDRA NAGAR,GAGANPAHAD,GAGANPAHAD,2023-06-01,2023,6,1,0,1,1.0,False,6848.0,22.0,6848.0,0
RAJENDRA_NAGAR_GAGANPAHAD,initial greater-Hyderabad study area,TGSPDCL,RAJENDRA NAGAR,RAJENDRA NAGAR,GAGANPAHAD,GAGANPAHAD,2023-07-01,2023,7,1,0,1,1.0,False,4375.0,22.0,4375.0,0
RAJENDRA_NAGAR_GAGANPAHAD,initial greater-Hyderabad study area,TGSPDCL,RAJENDRA NAGAR,RAJENDRA NAGAR,GAGANPAHAD,GAGANPAHAD,2023-08-01,2023,8,1,0,1,1.0,False,7384.0,22.0,7384.0,0
RAJENDRA_NAGAR_GAGANPAHAD,initial greater-Hyderabad study area,TGSPDCL,RAJENDRA NAGAR,RAJENDRA NAGAR,GAGANPAHAD,GAGANPAHAD,2023-09-01,2023,9,1,0,1,1.0,False,8845.0,22.0,8845.0,0
RAJENDRA_NAGAR_GAGANPAHAD,initial greater-Hyderabad study area,TGSPDCL,RAJENDRA NAGAR,RAJENDRA NAGAR,GAGANPAHAD,GAGANPAHAD,2023-10-01,2023,10,1,0,1,1.0,False,7704.0,22.0,7704.0,0
RAJENDRA_NAGAR_GAGANPAHAD,initial greater-Hyderabad study area,TGSPDCL,RAJENDRA NAGAR,RAJENDRA NAGAR,GAGANPAHAD,GAGANPAHAD,2023-11-01,2023,11,1,0,1,1.0,False,6779.0,22.0,6779.0,0
RAJENDRA_NAGAR_GAGANPAHAD,initial greater-Hyderabad study area,TGSPDCL,RAJENDRA NAGAR,RAJENDRA NAGAR,GAGANPAHAD,GAGANPAHAD,2023-12-01,2023,12,1,0,1,1.0,False,6645.0,22.0,6645.0,0
RAJENDRA_NAGAR_GAGANPAHAD,initial greater-Hyderabad study area,TGSPDCL,RAJENDRA NAGAR,RAJENDRA NAGAR,GAGANPAHAD,GAGANPAHAD,2024-01-01,2024,1,1,0,1,1.0,False,5164.0,22.0,5164.0,0
RAJENDRA_NAGAR_GAGANPAHAD,initial greater-Hyderabad study area,TGSPDCL,RAJENDRA NAGAR,RAJENDRA NAGAR,GAGANPAHAD,GAGANPAHAD,2024-02-01,2024,2,1,0,1,1.0,False,8070.0,22.0,8070.0,0
RAJENDRA_NAGAR_GAGANPAHAD,initial greater-Hyderabad study area,TGSPDCL,RAJENDRA NAGAR,RAJENDRA NAGAR,GAGANPAHAD,GAGANPAHAD,2024-03-01,2024,3,1,0,1,1.0,False,7339.0,22.0,7339.0,0
RAJENDRA_NAGAR_GAGANPAHAD,initial greater-Hyderabad study area,TGSPDCL,RAJENDRA NAGAR,RAJENDRA NAGAR,GAGANPAHAD,GAGANPAHAD,2024-04-01,2024,4,1,0,1,1.0,False,3028.0,22.0,3028.0,0
RAJENDRA_NAGAR_GAGANPAHAD,initial greater-Hyderabad study area,TGSPDCL,RAJENDRA NAGAR,RAJENDRA NAGAR,GAGANPAHAD,GAGANPAHAD,2024-05-01,2024,5,1,0,1,1.0,False,3785.0,22.0,3785.0,0
RAJENDRA_NAGAR_GAGANPAHAD,initial greater-Hyderabad study area,TGSPDCL,RAJENDRA NAGAR,RAJENDRA NAGAR,GAGANPAHAD,GAGANPAHAD,2024-06-01,2024,6,1,0,1,1.0,False,1237.0,22.0,1237.0,0
RAJENDRA_NAGAR_GAGANPAHAD,initial greater-Hyderabad study area,TGSPDCL,RAJENDRA NAGAR,RAJENDRA NAGAR,GAGANPAHAD,GAGANPAHAD,2024-07-01,2024,7,1,0,1,1.0,False,1106.0,22.0,1106.0,0
RAJENDRA_NAGAR_GAGANPAHAD,initial greater-Hyderabad study area,TGSPDCL,RAJENDRA NAGAR,RAJENDRA NAGAR,GAGANPAHAD,GAGANPAHAD,2024-08-01,2024,8,1,0,1,1.0,False,856.0,22.0,856.0,0
RAJENDRA_NAGAR_GAGANPAHAD,initial greater-Hyderabad study area,TGSPDCL,RAJENDRA NAGAR,RAJENDRA NAGAR,GAGANPAHAD,GAGANPAHAD,2024-09-01,2024,9,1,0,1,1.0,False,1049.0,22.0,1049.0,0
RAJENDRA_NAGAR_GAGANPAHAD,initial greater-Hyderabad study area,TGSPDCL,RAJENDRA NAGAR,RAJENDRA NAGAR,GAGANPAHAD,GAGANPAHAD,2024-10-01,2024,10,1,0,1,1.0,False,2154.0,22.0,2154.0,0
RAJENDRA_NAGAR_GAGANPAHAD,initial greater-Hyderabad study area,TGSPDCL,RAJENDRA NAGAR,RAJENDRA NAGAR,GAGANPAHAD,GAGANPAHAD,2024-11-01,2024,11,1,0,1,1.0,False,10610.0,22.0,10610.0,0
RAJENDRA_NAGAR_GAGANPAHAD,initial greater-Hyderabad study area,TGSPDCL,RAJENDRA NAGAR,RAJENDRA NAGAR,GAGANPAHAD,GAGANPAHAD,2024-12-01,2024,12,1,0,1,1.0,False,2265.0,22.0,2265.0,0
RAJENDRA_NAGAR_GAGANPAHAD,initial greater-Hyderabad study area,TGSPDCL,RAJENDRA NAGAR,RAJENDRA NAGAR,GAGANPAHAD,GAGANPAHAD,2025-01-01,2025,1,1,0,1,1.0,False,811.0,22.0,811.0,0
RAJENDRA_NAGAR_GAGANPAHAD,initial greater-Hyderabad study area,TGSPDCL,RAJENDRA NAGAR,RAJENDRA NAGAR,GAGANPAHAD,GAGANPAHAD,2025-02-01,2025,2,1,0,1,1.0,False,516.0,22.0,516.0,0
RAJENDRA_NAGAR_GAGANPAHAD,initial greater-Hyderabad study area,TGSPDCL,RAJENDRA NAGAR,RAJENDRA NAGAR,GAGANPAHAD,GAGANPAHAD,2025-03-01,2025,3,1,0,1,1.0,False,148.0,22.0,148.0,0
RAJENDRA_NAGAR_GAGANPAHAD,initial greater-Hyderabad study area,TGSPDCL,RAJENDRA NAGAR,RAJENDRA NAGAR,GAGANPAHAD,GAGANPAHAD,2025-04-01,2025,4,1,0,1,1.0,False,201.0,22.0,201.0,0
RAJENDRA_NAGAR_GAGANPAHAD,initial greater-Hyderabad study area,TGSPDCL,RAJENDRA NAGAR,RAJENDRA NAGAR,GAGANPAHAD,GAGANPAHAD,2025-05-01,2025,5,1,0,2,1.0,False,73.0,76.0,36.5,0
RAJENDRA_NAGAR_GAGANPAHAD,initial greater-Hyderabad study area,TGSPDCL,RAJENDRA NAGAR,RAJENDRA NAGAR,GAGANPAHAD,GAGANPAHAD,2025-06-01,2025,6,1,0,2,2.0,False,289.0,76.0,144.5,0
RAJENDRA_NAGAR_GAGANPAHAD,initial greater-Hyderabad study area,TGSPDCL,RAJENDRA NAGAR,RAJENDRA NAGAR,GAGANPAHAD,GAGANPAHAD,2025-07-01,2025,7,1,0,2,2.0,False,1433.0,76.0,716.5,0
RAJENDRA_NAGAR_GAGANPAHAD,initial greater-Hyderabad study area,TGSPDCL,RAJENDRA NAGAR,RAJENDRA NAGAR,GAGANPAHAD,GAGANPAHAD,2025-08-01,2025,8,1,0,2,2.0,False,1405.0,76.0,702.5,0
RAJENDRA_NAGAR_GAGANPAHAD,initial greater-Hyderabad study area,TGSPDCL,RAJENDRA NAGAR,RAJENDRA NAGAR,GAGANPAHAD,GAGANPAHAD,2025-09-01,2025,9,2,0,3,3.0,False,739.0,130.0,246.33,0
RAJENDRA_NAGAR_GAGANPAHAD,initial greater-Hyderabad study area,TGSPDCL,RAJENDRA NAGAR,RAJENDRA NAGAR,GAGANPAHAD,GAGANPAHAD,2025-10-01,2025,10,2,1,3,3.0,False,1406.0,130.0,468.67,0
RAJENDRA_NAGAR_GAGANPAHAD,initial greater-Hyderabad study area,TGSPDCL,RAJENDRA NAGAR,RAJENDRA NAGAR,GAGANPAHAD,GAGANPAHAD,2025-11-01,2025,11,2,1,3,3.0,False,1904.0,130.0,634.67,0
RAJENDRA_NAGAR_GAGANPAHAD,initial greater-Hyderabad study area,TGSPDCL,RAJENDRA NAGAR,RAJENDRA NAGAR,GAGANPAHAD,GAGANPAHAD,2025-12-01,2025,12,2,1,3,3.0,False,1449.0,130.0,483.0,0
RAJENDRA_NAGAR_GAGANPAHAD,initial greater-Hyderabad study area,TGSPDCL,RAJENDRA NAGAR,RAJENDRA NAGAR,GAGANPAHAD,GAGANPAHAD,2026-01-01,2026,1,2,1,3,3.0,False,2128.0,130.0,709.33,0
RAJENDRA_NAGAR_GAGANPAHAD,initial greater-Hyderabad study area,TGSPDCL,RAJENDRA NAGAR,RAJENDRA NAGAR,GAGANPAHAD,GAGANPAHAD,2026-02-01,2026,2,2,1,4,3.0,False,1256.0,184.0,314.0,0
RAJENDRA_NAGAR_GAGANPAHAD,initial greater-Hyderabad study area,TGSPDCL,RAJENDRA NAGAR,RAJENDRA NAGAR,GAGANPAHAD,GAGANPAHAD,2026-03-01,2026,3,2,1,4,4.0,False,1476.0,184.0,369.0,0
RAJENDRA_NAGAR_GAGANPAHAD,initial greater-Hyderabad study area,TGSPDCL,RAJENDRA NAGAR,RAJENDRA NAGAR,GAGANPAHAD,GAGANPAHAD,2026-04-01,2026,4,2,1,4,4.0,False,9760.0,184.0,2440.0,0
RAJENDRA_NAGAR_GAGANPAHAD,initial greater-Hyderabad study area,TGSPDCL,RAJENDRA NAGAR,RAJENDRA NAGAR,GAGANPAHAD,GAGANPAHAD,2026-05-01,2026,5,2,1,4,4.0,False,14174.0,184.0,3543.5,0
RAJENDRA_NAGAR_GAGANPAHAD,initial greater-Hyderabad study area,TGSPDCL,RAJENDRA NAGAR,RAJENDRA NAGAR,GAGANPAHAD,GAGANPAHAD,2026-06-01,2026,6,2,0,4,4.0,False,2410.0,184.0,602.5,0
RAJENDRA_NAGAR_GAGANPAHAD,initial greater-Hyderabad study area,TGSPDCL,RAJENDRA NAGAR,RAJENDRA NAGAR,GAGANPAHAD,GAGANPAHAD,2026-07-01,2026,7,2,0,4,4.0,False,3068.0,184.0,767.0,0
RAJENDRA_NAGAR_GAGANPAHAD,initial greater-Hyderabad study area,TGSPDCL,RAJENDRA NAGAR,RAJENDRA NAGAR,GAGANPAHAD,GAGANPAHAD,2026-08-01,2026,8,2,0,4,4.0,False,3194.0,184.0,798.5,0
RAJENDRA_NAGAR_HIMAYAT_SAGAR,initial greater-Hyderabad study area,TGSPDCL,RAJENDRA NAGAR,RAJENDRA NAGAR,RAJENDRANAGAR,HIMAYAT SAGAR,2026-06-01,2026,6,1,1,1,,True,0.0,54.0,0.0,0
RAJENDRA_NAGAR_HIMAYAT_SAGAR,initial greater-Hyderabad study area,TGSPDCL,RAJENDRA NAGAR,RAJENDRA NAGAR,RAJENDRANAGAR,HIMAYAT SAGAR,2026-07-01,2026,7,1,1,1,1.0,False,0.0,54.0,0.0,0
RAJENDRA_NAGAR_HIMAYAT_SAGAR,initial greater-Hyderabad study area,TGSPDCL,RAJENDRA NAGAR,RAJENDRA NAGAR,RAJENDRANAGAR,HIMAYAT SAGAR,2026-08-01,2026,8,1,1,1,1.0,False,0.0,54.0,0.0,0
RAJENDRA_NAGAR_KADTHAL,initial greater-Hyderabad study area,TGSPDCL,RAJENDRA NAGAR,KANDUKUR,AMANGAL,KADTHAL,2025-08-01,2025,8,1,1,1,,True,0.0,54.0,0.0,0
RAJENDRA_NAGAR_KADTHAL,initial greater-Hyderabad study area,TGSPDCL,RAJENDRA NAGAR,KANDUKUR,AMANGAL,KADTHAL,2025-09-01,2025,9,1,0,1,1.0,False,21.0,54.0,21.0,0
RAJENDRA_NAGAR_KADTHAL,initial greater-Hyderabad study area,TGSPDCL,RAJENDRA NAGAR,KANDUKUR,AMANGAL,KADTHAL,2025-10-01,2025,10,1,1,1,1.0,False,0.0,54.0,0.0,0
RAJENDRA_NAGAR_KADTHAL,initial greater-Hyderabad study area,TGSPDCL,RAJENDRA NAGAR,KANDUKUR,AMANGAL,KADTHAL,2025-11-01,2025,11,1,1,1,1.0,False,0.0,54.0,0.0,0
RAJENDRA_NAGAR_KADTHAL,initial greater-Hyderabad study area,TGSPDCL,RAJENDRA NAGAR,KANDUKUR,AMANGAL,KADTHAL,2025-12-01,2025,12,1,1,1,1.0,False,0.0,54.0,0.0,0
RAJENDRA_NAGAR_KADTHAL,initial greater-Hyderabad study area,TGSPDCL,RAJENDRA NAGAR,KANDUKUR,AMANGAL,KADTHAL,2026-01-01,2026,1,1,1,1,1.0,False,0.0,54.0,0.0,0
RAJENDRA_NAGAR_KADTHAL,initial greater-Hyderabad study area,TGSPDCL,RAJENDRA NAGAR,KANDUKUR,AMANGAL,KADTHAL,2026-02-01,2026,2,1,1,1,1.0,False,0.0,54.0,0.0,0
RAJENDRA_NAGAR_KADTHAL,initial greater-Hyderabad study area,TGSPDCL,RAJENDRA NAGAR,KANDUKUR,AMANGAL,KADTHAL,2026-03-01,2026,3,1,1,1,1.0,False,0.0,54.0,0.0,0
RAJENDRA_NAGAR_KADTHAL,initial greater-Hyderabad study area,TGSPDCL,RAJENDRA NAGAR,KANDUKUR,AMANGAL,KADTHAL,2026-04-01,2026,4,1,1,1,1.0,False,0.0,54.0,0.0,0
RAJENDRA_NAGAR_KADTHAL,initial greater-Hyderabad study area,TGSPDCL,RAJENDRA NAGAR,KANDUKUR,AMANGAL,KADTHAL,2026-05-01,2026,5,1,1,1,1.0,False,0.0,54.0,0.0,0
RAJENDRA_NAGAR_KADTHAL,initial greater-Hyderabad study area,TGSPDCL,RAJENDRA NAGAR,KANDUKUR,AMANGAL,KADTHAL,2026-06-01,2026,6,1,1,1,1.0,False,0.0,54.0,0.0,0
RAJENDRA_NAGAR_KADTHAL,initial greater-Hyderabad study area,TGSPDCL,RAJENDRA NAGAR,KANDUKUR,AMANGAL,KADTHAL,2026-07-01,2026,7,1,1,1,1.0,False,0.0,54.0,0.0,0
RAJENDRA_NAGAR_KADTHAL,initial greater-Hyderabad study area,TGSPDCL,RAJENDRA NAGAR,KANDUKUR,AMANGAL,KADTHAL,2026-08-01,2026,8,1,0,1,1.0,False,270.0,54.0,270.0,0
RAJENDRA_NAGAR_KANDUKUR,initial greater-Hyderabad study area,TGSPDCL,RAJENDRA NAGAR,KANDUKUR,MAMIDIPALLY,KANDUKUR,2023-06-01,2023,6,1,1,1,1.0,False,0.0,15.0,0.0,0
RAJENDRA_NAGAR_KANDUKUR,initial greater-Hyderabad study area,TGSPDCL,RAJENDRA NAGAR,KANDUKUR,MAMIDIPALLY,KANDUKUR,2023-07-01,2023,7,1,0,1,1.0,False,229.0,15.0,229.0,0
RAJENDRA_NAGAR_KANDUKUR,initial greater-Hyderabad study area,TGSPDCL,RAJENDRA NAGAR,KANDUKUR,MAMIDIPALLY,KANDUKUR,2023-08-01,2023,8,1,0,1,1.0,False,335.0,15.0,335.0,0
RAJENDRA_NAGAR_KANDUKUR,initial greater-Hyderabad study area,TGSPDCL,RAJENDRA NAGAR,KANDUKUR,MAMIDIPALLY,KANDUKUR,2023-09-01,2023,9,1,0,1,1.0,False,344.0,15.0,344.0,0
RAJENDRA_NAGAR_KANDUKUR,initial greater-Hyderabad study area,TGSPDCL,RAJENDRA NAGAR,KANDUKUR,MAMIDIPALLY,KANDUKUR,2023-10-01,2023,10,1,0,1,1.0,False,84.0,15.0,84.0,0
RAJENDRA_NAGAR_KANDUKUR,initial greater-Hyderabad study area,TGSPDCL,RAJENDRA NAGAR,KANDUKUR,MAMIDIPALLY,KANDUKUR,2023-11-01,2023,11,1,0,1,1.0,False,90.0,15.0,90.0,0
RAJENDRA_NAGAR_KANDUKUR,initial greater-Hyderabad study area,TGSPDCL,RAJENDRA NAGAR,KANDUKUR,MAMIDIPALLY,KANDUKUR,2023-12-01,2023,12,1,0,1,1.0,False,97.0,15.0,97.0,0
RAJENDRA_NAGAR_KANDUKUR,initial greater-Hyderabad study area,TGSPDCL,RAJENDRA NAGAR,KANDUKUR,MAMIDIPALLY,KANDUKUR,2024-01-01,2024,1,1,0,1,1.0,False,61.0,15.0,61.0,0
RAJENDRA_NAGAR_KANDUKUR,initial greater-Hyderabad study area,TGSPDCL,RAJENDRA NAGAR,KANDUKUR,MAMIDIPALLY,KANDUKUR,2024-02-01,2024,2,1,0,1,1.0,False,36.0,15.0,36.0,0
RAJENDRA_NAGAR_KANDUKUR,initial greater-Hyderabad study area,TGSPDCL,RAJENDRA NAGAR,KANDUKUR,MAMIDIPALLY,KANDUKUR,2024-03-01,2024,3,1,0,1,1.0,False,85.0,15.0,85.0,0
RAJENDRA_NAGAR_KANDUKUR,initial greater-Hyderabad study area,TGSPDCL,RAJENDRA NAGAR,KANDUKUR,MAMIDIPALLY,KANDUKUR,2024-04-01,2024,4,1,0,1,1.0,False,82.0,15.0,82.0,0
RAJENDRA_NAGAR_KANDUKUR,initial greater-Hyderabad study area,TGSPDCL,RAJENDRA NAGAR,KANDUKUR,MAMIDIPALLY,KANDUKUR,2024-05-01,2024,5,1,0,1,1.0,False,22.0,15.0,22.0,0
RAJENDRA_NAGAR_KANDUKUR,initial greater-Hyderabad study area,TGSPDCL,RAJENDRA NAGAR,KANDUKUR,MAMIDIPALLY,KANDUKUR,2024-06-01,2024,6,1,0,1,1.0,False,74.0,15.0,74.0,0
RAJENDRA_NAGAR_KANDUKUR,initial greater-Hyderabad study area,TGSPDCL,RAJENDRA NAGAR,KANDUKUR,MAMIDIPALLY,KANDUKUR,2024-07-01,2024,7,1,0,1,1.0,False,151.0,15.0,151.0,0
RAJENDRA_NAGAR_KANDUKUR,initial greater-Hyderabad study area,TGSPDCL,RAJENDRA NAGAR,KANDUKUR,MAMIDIPALLY,KANDUKUR,2024-08-01,2024,8,1,0,1,1.0,False,105.0,15.0,105.0,0
RAJENDRA_NAGAR_KANDUKUR,initial greater-Hyderabad study area,TGSPDCL,RAJENDRA NAGAR,KANDUKUR,MAMIDIPALLY,KANDUKUR,2024-09-01,2024,9,1,0,1,1.0,False,60.0,15.0,60.0,0
RAJENDRA_NAGAR_KANDUKUR,initial greater-Hyderabad study area,TGSPDCL,RAJENDRA NAGAR,KANDUKUR,MAMIDIPALLY,KANDUKUR,2024-10-01,2024,10,1,1,1,1.0,False,0.0,15.0,0.0,0
RAJENDRA_NAGAR_KANDUKUR,initial greater-Hyderabad study area,TGSPDCL,RAJENDRA NAGAR,KANDUKUR,MAMIDIPALLY,KANDUKUR,2024-11-01,2024,11,1,0,1,1.0,False,47.0,15.0,47.0,0
RAJENDRA_NAGAR_KANDUKUR,initial greater-Hyderabad study area,TGSPDCL,RAJENDRA NAGAR,KANDUKUR,MAMIDIPALLY,KANDUKUR,2024-12-01,2024,12,1,0,1,1.0,False,57.0,15.0,57.0,0
RAJENDRA_NAGAR_KANDUKUR,initial greater-Hyderabad study area,TGSPDCL,RAJENDRA NAGAR,KANDUKUR,MAMIDIPALLY,KANDUKUR,2025-01-01,2025,1,1,0,1,1.0,False,19.0,15.0,19.0,0
RAJENDRA_NAGAR_KANDUKUR,initial greater-Hyderabad study area,TGSPDCL,RAJENDRA NAGAR,KANDUKUR,MAMIDIPALLY,KANDUKUR,2025-02-01,2025,2,1,0,1,1.0,False,43.0,15.0,43.0,0
RAJENDRA_NAGAR_KANDUKUR,initial greater-Hyderabad study area,TGSPDCL,RAJENDRA NAGAR,KANDUKUR,MAMIDIPALLY,KANDUKUR,2025-03-01,2025,3,1,0,1,1.0,False,36.0,15.0,36.0,0
RAJENDRA_NAGAR_KANDUKUR,initial greater-Hyderabad study area,TGSPDCL,RAJENDRA NAGAR,KANDUKUR,MAMIDIPALLY,KANDUKUR,2025-04-01,2025,4,2,0,3,2.0,False,44.0,123.0,14.67,0
RAJENDRA_NAGAR_KANDUKUR,initial greater-Hyderabad study area,TGSPDCL,RAJENDRA NAGAR,KANDUKUR,MAMIDIPALLY,KANDUKUR,2025-05-01,2025,5,2,1,3,3.0,False,67.0,123.0,22.33,0
RAJENDRA_NAGAR_KANDUKUR,initial greater-Hyderabad study area,TGSPDCL,RAJENDRA NAGAR,KANDUKUR,MAMIDIPALLY,KANDUKUR,2025-06-01,2025,6,2,0,3,3.0,False,235.0,123.0,78.33,0
RAJENDRA_NAGAR_KANDUKUR,initial greater-Hyderabad study area,TGSPDCL,RAJENDRA NAGAR,KANDUKUR,MAMIDIPALLY,KANDUKUR,2025-07-01,2025,7,2,0,3,3.0,False,480.0,123.0,160.0,0
RAJENDRA_NAGAR_KANDUKUR,initial greater-Hyderabad study area,TGSPDCL,RAJENDRA NAGAR,KANDUKUR,MAMIDIPALLY,KANDUKUR,2025-08-01,2025,8,2,0,3,3.0,False,566.0,123.0,188.67,0
RAJENDRA_NAGAR_KANDUKUR,initial greater-Hyderabad study area,TGSPDCL,RAJENDRA NAGAR,KANDUKUR,MAMIDIPALLY,KANDUKUR,2025-09-01,2025,9,2,0,3,3.0,False,1187.0,123.0,395.67,0
RAJENDRA_NAGAR_KANDUKUR,initial greater-Hyderabad study area,TGSPDCL,RAJENDRA NAGAR,KANDUKUR,MAMIDIPALLY,KANDUKUR,2025-10-01,2025,10,2,0,3,3.0,False,5062.0,123.0,1687.33,0
RAJENDRA_NAGAR_KANDUKUR,initial greater-Hyderabad study area,TGSPDCL,RAJENDRA NAGAR,KANDUKUR,MAMIDIPALLY,KANDUKUR,2025-11-01,2025,11,2,0,3,3.0,False,1530.0,123.0,510.0,0
RAJENDRA_NAGAR_KANDUKUR,initial greater-Hyderabad study area,TGSPDCL,RAJENDRA NAGAR,KANDUKUR,MAMIDIPALLY,KANDUKUR,2025-12-01,2025,12,2,0,3,3.0,False,1063.0,123.0,354.33,0
RAJENDRA_NAGAR_KANDUKUR,initial greater-Hyderabad study area,TGSPDCL,RAJENDRA NAGAR,KANDUKUR,MAMIDIPALLY,KANDUKUR,2026-01-01,2026,1,2,1,3,3.0,False,145.0,123.0,48.33,0
RAJENDRA_NAGAR_KANDUKUR,initial greater-Hyderabad study area,TGSPDCL,RAJENDRA NAGAR,KANDUKUR,MAMIDIPALLY,KANDUKUR,2026-02-01,2026,2,2,0,3,3.0,False,665.0,123.0,221.67,0
RAJENDRA_NAGAR_KANDUKUR,initial greater-Hyderabad study area,TGSPDCL,RAJENDRA NAGAR,KANDUKUR,MAMIDIPALLY,KANDUKUR,2026-03-01,2026,3,2,0,3,3.0,False,1274.0,123.0,424.67,0
RAJENDRA_NAGAR_KANDUKUR,initial greater-Hyderabad study area,TGSPDCL,RAJENDRA NAGAR,KANDUKUR,MAMIDIPALLY,KANDUKUR,2026-04-01,2026,4,2,0,3,3.0,False,2229.0,123.0,743.0,0
RAJENDRA_NAGAR_KANDUKUR,initial greater-Hyderabad study area,TGSPDCL,RAJENDRA NAGAR,KANDUKUR,MAMIDIPALLY,KANDUKUR,2026-05-01,2026,5,2,0,3,3.0,False,3076.0,123.0,1025.33,0
RAJENDRA_NAGAR_KANDUKUR,initial greater-Hyderabad study area,TGSPDCL,RAJENDRA NAGAR,KANDUKUR,MAMIDIPALLY,KANDUKUR,2026-06-01,2026,6,2,0,3,3.0,False,4157.0,123.0,1385.67,0
RAJENDRA_NAGAR_KANDUKUR,initial greater-Hyderabad study area,TGSPDCL,RAJENDRA NAGAR,KANDUKUR,MAMIDIPALLY,KANDUKUR,2026-07-01,2026,7,2,0,3,3.0,False,3139.0,123.0,1046.33,0
RAJENDRA_NAGAR_KANDUKUR,initial greater-Hyderabad study area,TGSPDCL,RAJENDRA NAGAR,KANDUKUR,MAMIDIPALLY,KANDUKUR,2026-08-01,2026,8,2,0,3,3.0,False,4127.0,123.0,1375.67,0
RAJENDRA_NAGAR_KATEDAN,initial greater-Hyderabad study area,TGSPDCL,RAJENDRA NAGAR,RAJENDRA NAGAR,GAGANPAHAD,KATEDAN,2023-01-01,2023,1,1,1,1,,True,0.0,5.0,0.0,0
RAJENDRA_NAGAR_KATEDAN,initial greater-Hyderabad study area,TGSPDCL,RAJENDRA NAGAR,RAJENDRA NAGAR,GAGANPAHAD,KATEDAN,2023-02-01,2023,2,1,0,1,1.0,False,22.0,5.0,22.0,0
RAJENDRA_NAGAR_KATEDAN,initial greater-Hyderabad study area,TGSPDCL,RAJENDRA NAGAR,RAJENDRA NAGAR,GAGANPAHAD,KATEDAN,2023-03-01,2023,3,1,0,1,1.0,False,44.0,5.0,44.0,0
RAJENDRA_NAGAR_KATEDAN,initial greater-Hyderabad study area,TGSPDCL,RAJENDRA NAGAR,RAJENDRA NAGAR,GAGANPAHAD,KATEDAN,2023-04-01,2023,4,1,0,1,1.0,False,293.0,5.0,293.0,0
RAJENDRA_NAGAR_KATEDAN,initial greater-Hyderabad study area,TGSPDCL,RAJENDRA NAGAR,RAJENDRA NAGAR,GAGANPAHAD,KATEDAN,2023-05-01,2023,5,1,0,1,1.0,False,1134.0,5.0,1134.0,0
RAJENDRA_NAGAR_KATEDAN,initial greater-Hyderabad study area,TGSPDCL,RAJENDRA NAGAR,RAJENDRA NAGAR,GAGANPAHAD,KATEDAN,2023-06-01,2023,6,1,0,1,1.0,False,1202.0,5.0,1202.0,0
RAJENDRA_NAGAR_KATEDAN,initial greater-Hyderabad study area,TGSPDCL,RAJENDRA NAGAR,RAJENDRA NAGAR,GAGANPAHAD,KATEDAN,2023-07-01,2023,7,1,0,1,1.0,False,1849.0,5.0,1849.0,0
RAJENDRA_NAGAR_KATEDAN,initial greater-Hyderabad study area,TGSPDCL,RAJENDRA NAGAR,RAJENDRA NAGAR,GAGANPAHAD,KATEDAN,2023-08-01,2023,8,1,0,1,1.0,False,1494.0,5.0,1494.0,0
RAJENDRA_NAGAR_KATEDAN,initial greater-Hyderabad study area,TGSPDCL,RAJENDRA NAGAR,RAJENDRA NAGAR,GAGANPAHAD,KATEDAN,2023-09-01,2023,9,1,0,1,1.0,False,2479.0,5.0,2479.0,0
RAJENDRA_NAGAR_KATEDAN,initial greater-Hyderabad study area,TGSPDCL,RAJENDRA NAGAR,RAJENDRA NAGAR,GAGANPAHAD,KATEDAN,2023-10-01,2023,10,1,0,1,1.0,False,3022.0,5.0,3022.0,0
RAJENDRA_NAGAR_KATEDAN,initial greater-Hyderabad study area,TGSPDCL,RAJENDRA NAGAR,RAJENDRA NAGAR,GAGANPAHAD,KATEDAN,2023-11-01,2023,11,1,0,1,1.0,False,1125.0,5.0,1125.0,0
RAJENDRA_NAGAR_KATEDAN,initial greater-Hyderabad study area,TGSPDCL,RAJENDRA NAGAR,RAJENDRA NAGAR,GAGANPAHAD,KATEDAN,2023-12-01,2023,12,1,0,1,1.0,False,6091.0,5.0,6091.0,0
RAJENDRA_NAGAR_KATEDAN,initial greater-Hyderabad study area,TGSPDCL,RAJENDRA NAGAR,RAJENDRA NAGAR,GAGANPAHAD,KATEDAN,2024-01-01,2024,1,1,0,1,1.0,False,3190.0,5.0,3190.0,0
RAJENDRA_NAGAR_KATEDAN,initial greater-Hyderabad study area,TGSPDCL,RAJENDRA NAGAR,RAJENDRA NAGAR,GAGANPAHAD,KATEDAN,2024-02-01,2024,2,1,0,1,1.0,False,2382.0,5.0,2382.0,0
RAJENDRA_NAGAR_KATEDAN,initial greater-Hyderabad study area,TGSPDCL,RAJENDRA NAGAR,RAJENDRA NAGAR,GAGANPAHAD,KATEDAN,2024-03-01,2024,3,1,0,1,1.0,False,2268.0,5.0,2268.0,0
RAJENDRA_NAGAR_KATEDAN,initial greater-Hyderabad study area,TGSPDCL,RAJENDRA NAGAR,RAJENDRA NAGAR,GAGANPAHAD,KATEDAN,2024-04-01,2024,4,1,0,1,1.0,False,2493.0,5.0,2493.0,0
RAJENDRA_NAGAR_KATEDAN,initial greater-Hyderabad study area,TGSPDCL,RAJENDRA NAGAR,RAJENDRA NAGAR,GAGANPAHAD,KATEDAN,2024-05-01,2024,5,1,0,1,1.0,False,2307.0,5.0,2307.0,0
RAJENDRA_NAGAR_KATEDAN,initial greater-Hyderabad study area,TGSPDCL,RAJENDRA NAGAR,RAJENDRA NAGAR,GAGANPAHAD,KATEDAN,2024-06-01,2024,6,1,0,1,1.0,False,2048.0,5.0,2048.0,0
RAJENDRA_NAGAR_KISMATPUR,initial greater-Hyderabad study area,TGSPDCL,RAJENDRA NAGAR,RAJENDRA NAGAR,RAJENDRANAGAR,KISMATPUR,2025-11-01,2025,11,1,1,1,,True,0.0,10.0,0.0,0
RAJENDRA_NAGAR_KISMATPUR,initial greater-Hyderabad study area,TGSPDCL,RAJENDRA NAGAR,RAJENDRA NAGAR,RAJENDRANAGAR,KISMATPUR,2025-12-01,2025,12,1,0,1,1.0,False,339.0,10.0,339.0,0
RAJENDRA_NAGAR_KISMATPUR,initial greater-Hyderabad study area,TGSPDCL,RAJENDRA NAGAR,RAJENDRA NAGAR,RAJENDRANAGAR,KISMATPUR,2026-01-01,2026,1,1,0,1,1.0,False,586.0,10.0,586.0,0
RAJENDRA_NAGAR_KISMATPUR,initial greater-Hyderabad study area,TGSPDCL,RAJENDRA NAGAR,RAJENDRA NAGAR,RAJENDRANAGAR,KISMATPUR,2026-02-01,2026,2,1,0,1,1.0,False,542.0,10.0,542.0,0
RAJENDRA_NAGAR_KISMATPUR,initial greater-Hyderabad study area,TGSPDCL,RAJENDRA NAGAR,RAJENDRA NAGAR,RAJENDRANAGAR,KISMATPUR,2026-03-01,2026,3,1,0,1,1.0,False,636.0,10.0,636.0,0
RAJENDRA_NAGAR_KISMATPUR,initial greater-Hyderabad study area,TGSPDCL,RAJENDRA NAGAR,RAJENDRA NAGAR,RAJENDRANAGAR,KISMATPUR,2026-04-01,2026,4,1,0,1,1.0,False,939.0,10.0,939.0,0
RAJENDRA_NAGAR_KISMATPUR,initial greater-Hyderabad study area,TGSPDCL,RAJENDRA NAGAR,RAJENDRA NAGAR,RAJENDRANAGAR,KISMATPUR,2026-05-01,2026,5,1,0,1,1.0,False,1720.0,10.0,1720.0,0
RAJENDRA_NAGAR_KISMATPUR,initial greater-Hyderabad study area,TGSPDCL,RAJENDRA NAGAR,RAJENDRA NAGAR,RAJENDRANAGAR,KISMATPUR,2026-06-01,2026,6,1,0,1,1.0,False,1694.0,10.0,1694.0,0
RAJENDRA_NAGAR_KISMATPUR,initial greater-Hyderabad study area,TGSPDCL,RAJENDRA NAGAR,RAJENDRA NAGAR,RAJENDRANAGAR,KISMATPUR,2026-07-01,2026,7,1,0,1,1.0,False,2205.0,10.0,2205.0,0
RAJENDRA_NAGAR_KISMATPUR,initial greater-Hyderabad study area,TGSPDCL,RAJENDRA NAGAR,RAJENDRA NAGAR,RAJENDRANAGAR,KISMATPUR,2026-08-01,2026,8,1,0,1,1.0,False,1783.0,10.0,1783.0,0
RAJENDRA_NAGAR_KOTHUR,initial greater-Hyderabad study area,TGSPDCL,RAJENDRA NAGAR,SHADNAGAR,KOTHUR,KOTHUR,2025-05-01,2025,5,1,1,1,,True,0.0,54.0,0.0,0
RAJENDRA_NAGAR_KOTHUR,initial greater-Hyderabad study area,TGSPDCL,RAJENDRA NAGAR,SHADNAGAR,KOTHUR,KOTHUR,2025-06-01,2025,6,1,1,1,1.0,False,0.0,54.0,0.0,0
RAJENDRA_NAGAR_KOTHUR,initial greater-Hyderabad study area,TGSPDCL,RAJENDRA NAGAR,SHADNAGAR,KOTHUR,KOTHUR,2025-07-01,2025,7,1,1,1,1.0,False,0.0,54.0,0.0,0
RAJENDRA_NAGAR_KOTHUR,initial greater-Hyderabad study area,TGSPDCL,RAJENDRA NAGAR,SHADNAGAR,KOTHUR,KOTHUR,2025-08-01,2025,8,1,1,1,1.0,False,0.0,54.0,0.0,0
RAJENDRA_NAGAR_KOTHUR,initial greater-Hyderabad study area,TGSPDCL,RAJENDRA NAGAR,SHADNAGAR,KOTHUR,KOTHUR,2025-09-01,2025,9,1,1,1,1.0,False,0.0,54.0,0.0,0
RAJENDRA_NAGAR_KOTHUR,initial greater-Hyderabad study area,TGSPDCL,RAJENDRA NAGAR,SHADNAGAR,KOTHUR,KOTHUR,2025-10-01,2025,10,1,1,1,1.0,False,0.0,54.0,0.0,0
RAJENDRA_NAGAR_KOTHUR,initial greater-Hyderabad study area,TGSPDCL,RAJENDRA NAGAR,SHADNAGAR,KOTHUR,KOTHUR,2025-11-01,2025,11,1,1,1,1.0,False,0.0,54.0,0.0,0
RAJENDRA_NAGAR_KOTHUR,initial greater-Hyderabad study area,TGSPDCL,RAJENDRA NAGAR,SHADNAGAR,KOTHUR,KOTHUR,2025-12-01,2025,12,1,1,1,1.0,False,0.0,54.0,0.0,0
RAJENDRA_NAGAR_KOTHUR,initial greater-Hyderabad study area,TGSPDCL,RAJENDRA NAGAR,SHADNAGAR,KOTHUR,KOTHUR,2026-01-01,2026,1,1,1,1,1.0,False,0.0,54.0,0.0,0
RAJENDRA_NAGAR_KOTHUR,initial greater-Hyderabad study area,TGSPDCL,RAJENDRA NAGAR,SHADNAGAR,KOTHUR,KOTHUR,2026-02-01,2026,2,1,1,1,1.0,False,0.0,54.0,0.0,0
RAJENDRA_NAGAR_KOTHUR,initial greater-Hyderabad study area,TGSPDCL,RAJENDRA NAGAR,SHADNAGAR,KOTHUR,KOTHUR,2026-03-01,2026,3,1,1,1,1.0,False,0.0,54.0,0.0,0
RAJENDRA_NAGAR_KOTHUR,initial greater-Hyderabad study area,TGSPDCL,RAJENDRA NAGAR,SHADNAGAR,KOTHUR,KOTHUR,2026-04-01,2026,4,1,1,1,1.0,False,0.0,54.0,0.0,0
RAJENDRA_NAGAR_KOTHUR,initial greater-Hyderabad study area,TGSPDCL,RAJENDRA NAGAR,SHADNAGAR,KOTHUR,KOTHUR,2026-05-01,2026,5,1,1,1,1.0,False,0.0,54.0,0.0,0
RAJENDRA_NAGAR_KOTHUR,initial greater-Hyderabad study area,TGSPDCL,RAJENDRA NAGAR,SHADNAGAR,KOTHUR,KOTHUR,2026-06-01,2026,6,1,0,1,1.0,False,33.0,54.0,33.0,0
RAJENDRA_NAGAR_KOTHUR,initial greater-Hyderabad study area,TGSPDCL,RAJENDRA NAGAR,SHADNAGAR,KOTHUR,KOTHUR,2026-07-01,2026,7,1,0,1,1.0,False,47.0,54.0,47.0,0
RAJENDRA_NAGAR_KOTHUR,initial greater-Hyderabad study area,TGSPDCL,RAJENDRA NAGAR,SHADNAGAR,KOTHUR,KOTHUR,2026-08-01,2026,8,1,0,1,1.0,False,55.0,54.0,55.0,0
RAJENDRA_NAGAR_MAHESHWARAM,initial greater-Hyderabad study area,TGSPDCL,RAJENDRA NAGAR,KANDUKUR,MAMIDIPALLY,MAHESHWARAM,2023-01-01,2023,1,1,0,1,1.0,False,56.0,15.0,56.0,0
RAJENDRA_NAGAR_MAHESHWARAM,initial greater-Hyderabad study area,TGSPDCL,RAJENDRA NAGAR,KANDUKUR,MAMIDIPALLY,MAHESHWARAM,2023-02-01,2023,2,1,0,1,1.0,False,52.0,15.0,52.0,0
RAJENDRA_NAGAR_MAHESHWARAM,initial greater-Hyderabad study area,TGSPDCL,RAJENDRA NAGAR,KANDUKUR,MAMIDIPALLY,MAHESHWARAM,2023-03-01,2023,3,1,0,1,1.0,False,35.0,15.0,35.0,0
RAJENDRA_NAGAR_MAHESHWARAM,initial greater-Hyderabad study area,TGSPDCL,RAJENDRA NAGAR,KANDUKUR,MAMIDIPALLY,MAHESHWARAM,2023-04-01,2023,4,1,0,1,1.0,False,16.0,15.0,16.0,0
RAJENDRA_NAGAR_MAHESHWARAM,initial greater-Hyderabad study area,TGSPDCL,RAJENDRA NAGAR,KANDUKUR,MAMIDIPALLY,MAHESHWARAM,2023-05-01,2023,5,1,0,1,1.0,False,17.0,15.0,17.0,0
RAJENDRA_NAGAR_MAHESHWARAM,initial greater-Hyderabad study area,TGSPDCL,RAJENDRA NAGAR,KANDUKUR,MAMIDIPALLY,MAHESHWARAM,2023-06-01,2023,6,1,0,1,1.0,False,80.0,15.0,80.0,0
RAJENDRA_NAGAR_MAHESHWARAM,initial greater-Hyderabad study area,TGSPDCL,RAJENDRA NAGAR,KANDUKUR,MAMIDIPALLY,MAHESHWARAM,2023-07-01,2023,7,1,0,1,1.0,False,745.0,15.0,745.0,0
RAJENDRA_NAGAR_MAHESHWARAM,initial greater-Hyderabad study area,TGSPDCL,RAJENDRA NAGAR,KANDUKUR,MAMIDIPALLY,MAHESHWARAM,2023-08-01,2023,8,1,0,1,1.0,False,2623.0,15.0,2623.0,0
RAJENDRA_NAGAR_MAHESHWARAM,initial greater-Hyderabad study area,TGSPDCL,RAJENDRA NAGAR,KANDUKUR,MAMIDIPALLY,MAHESHWARAM,2023-09-01,2023,9,1,0,1,1.0,False,1671.0,15.0,1671.0,0
RAJENDRA_NAGAR_MAHESHWARAM,initial greater-Hyderabad study area,TGSPDCL,RAJENDRA NAGAR,KANDUKUR,MAMIDIPALLY,MAHESHWARAM,2023-10-01,2023,10,1,0,1,1.0,False,1191.0,15.0,1191.0,0
RAJENDRA_NAGAR_MAHESHWARAM,initial greater-Hyderabad study area,TGSPDCL,RAJENDRA NAGAR,KANDUKUR,MAMIDIPALLY,MAHESHWARAM,2023-11-01,2023,11,1,0,1,1.0,False,199.0,15.0,199.0,0
RAJENDRA_NAGAR_MAHESHWARAM,initial greater-Hyderabad study area,TGSPDCL,RAJENDRA NAGAR,KANDUKUR,MAMIDIPALLY,MAHESHWARAM,2023-12-01,2023,12,1,0,1,1.0,False,386.0,15.0,386.0,0
RAJENDRA_NAGAR_MAHESHWARAM,initial greater-Hyderabad study area,TGSPDCL,RAJENDRA NAGAR,KANDUKUR,MAMIDIPALLY,MAHESHWARAM,2024-01-01,2024,1,1,0,1,1.0,False,113.0,15.0,113.0,0
RAJENDRA_NAGAR_MAHESHWARAM,initial greater-Hyderabad study area,TGSPDCL,RAJENDRA NAGAR,KANDUKUR,MAMIDIPALLY,MAHESHWARAM,2024-02-01,2024,2,2,1,2,2.0,False,397.0,45.0,198.5,0
RAJENDRA_NAGAR_MAHESHWARAM,initial greater-Hyderabad study area,TGSPDCL,RAJENDRA NAGAR,KANDUKUR,MAMIDIPALLY,MAHESHWARAM,2024-03-01,2024,3,2,0,2,2.0,False,947.0,45.0,473.5,0
RAJENDRA_NAGAR_MAHESHWARAM,initial greater-Hyderabad study area,TGSPDCL,RAJENDRA NAGAR,KANDUKUR,MAMIDIPALLY,MAHESHWARAM,2024-04-01,2024,4,2,0,3,3.0,False,1552.0,99.0,517.33,0
RAJENDRA_NAGAR_MAHESHWARAM,initial greater-Hyderabad study area,TGSPDCL,RAJENDRA NAGAR,KANDUKUR,MAMIDIPALLY,MAHESHWARAM,2024-05-01,2024,5,3,1,4,3.0,True,2369.0,153.0,592.25,0
RAJENDRA_NAGAR_MAHESHWARAM,initial greater-Hyderabad study area,TGSPDCL,RAJENDRA NAGAR,KANDUKUR,MAMIDIPALLY,MAHESHWARAM,2024-06-01,2024,6,3,1,4,4.0,False,1491.0,153.0,372.75,0
RAJENDRA_NAGAR_MAHESHWARAM,initial greater-Hyderabad study area,TGSPDCL,RAJENDRA NAGAR,KANDUKUR,MAMIDIPALLY,MAHESHWARAM,2024-07-01,2024,7,3,0,4,4.0,False,4636.0,153.0,1159.0,0
RAJENDRA_NAGAR_MAHESHWARAM,initial greater-Hyderabad study area,TGSPDCL,RAJENDRA NAGAR,KANDUKUR,MAMIDIPALLY,MAHESHWARAM,2024-08-01,2024,8,3,0,4,4.0,False,9838.0,153.0,2459.5,0
RAJENDRA_NAGAR_MAHESHWARAM,initial greater-Hyderabad study area,TGSPDCL,RAJENDRA NAGAR,KANDUKUR,MAMIDIPALLY,MAHESHWARAM,2024-09-01,2024,9,3,0,4,4.0,False,8367.0,153.0,2091.75,0
RAJENDRA_NAGAR_MAHESHWARAM,initial greater-Hyderabad study area,TGSPDCL,RAJENDRA NAGAR,KANDUKUR,MAMIDIPALLY,MAHESHWARAM,2024-10-01,2024,10,3,0,5,4.0,False,2178.0,207.0,435.6,0
RAJENDRA_NAGAR_MAHESHWARAM,initial greater-Hyderabad study area,TGSPDCL,RAJENDRA NAGAR,KANDUKUR,MAMIDIPALLY,MAHESHWARAM,2024-11-01,2024,11,3,0,5,5.0,False,3971.0,207.0,794.2,0
RAJENDRA_NAGAR_MAHESHWARAM,initial greater-Hyderabad study area,TGSPDCL,RAJENDRA NAGAR,KANDUKUR,MAMIDIPALLY,MAHESHWARAM,2024-12-01,2024,12,3,0,5,5.0,False,3818.0,207.0,763.6,0
RAJENDRA_NAGAR_MAHESHWARAM,initial greater-Hyderabad study area,TGSPDCL,RAJENDRA NAGAR,KANDUKUR,MAMIDIPALLY,MAHESHWARAM,2025-01-01,2025,1,3,0,5,5.0,False,6424.0,207.0,1284.8,0
RAJENDRA_NAGAR_MAHESHWARAM,initial greater-Hyderabad study area,TGSPDCL,RAJENDRA NAGAR,KANDUKUR,MAMIDIPALLY,MAHESHWARAM,2025-02-01,2025,2,3,0,6,5.0,False,5530.0,222.0,921.67,0
RAJENDRA_NAGAR_MAHESHWARAM,initial greater-Hyderabad study area,TGSPDCL,RAJENDRA NAGAR,KANDUKUR,MAMIDIPALLY,MAHESHWARAM,2025-03-01,2025,3,3,0,6,6.0,False,6688.0,222.0,1114.67,0
RAJENDRA_NAGAR_MAHESHWARAM,initial greater-Hyderabad study area,TGSPDCL,RAJENDRA NAGAR,KANDUKUR,MAMIDIPALLY,MAHESHWARAM,2025-04-01,2025,4,3,0,6,6.0,False,8332.0,222.0,1388.67,0
RAJENDRA_NAGAR_MAHESHWARAM,initial greater-Hyderabad study area,TGSPDCL,RAJENDRA NAGAR,KANDUKUR,MAMIDIPALLY,MAHESHWARAM,2025-05-01,2025,5,3,0,6,6.0,False,8473.0,222.0,1412.17,0
RAJENDRA_NAGAR_MAHESHWARAM,initial greater-Hyderabad study area,TGSPDCL,RAJENDRA NAGAR,KANDUKUR,MAMIDIPALLY,MAHESHWARAM,2025-06-01,2025,6,3,0,6,6.0,False,10296.0,222.0,1716.0,0
RAJENDRA_NAGAR_MAHESHWARAM,initial greater-Hyderabad study area,TGSPDCL,RAJENDRA NAGAR,KANDUKUR,MAMIDIPALLY,MAHESHWARAM,2025-07-01,2025,7,3,0,6,6.0,False,9733.0,222.0,1622.17,0
RAJENDRA_NAGAR_MAHESHWARAM,initial greater-Hyderabad study area,TGSPDCL,RAJENDRA NAGAR,KANDUKUR,MAMIDIPALLY,MAHESHWARAM,2025-08-01,2025,8,3,0,6,6.0,False,9404.0,222.0,1567.33,0
RAJENDRA_NAGAR_MAHESHWARAM,initial greater-Hyderabad study area,TGSPDCL,RAJENDRA NAGAR,KANDUKUR,MAMIDIPALLY,MAHESHWARAM,2025-09-01,2025,9,3,0,6,6.0,False,8701.0,222.0,1450.17,0
RAJENDRA_NAGAR_MAHESHWARAM,initial greater-Hyderabad study area,TGSPDCL,RAJENDRA NAGAR,KANDUKUR,MAMIDIPALLY,MAHESHWARAM,2025-10-01,2025,10,3,0,6,6.0,False,4557.0,222.0,759.5,0
RAJENDRA_NAGAR_MAHESHWARAM,initial greater-Hyderabad study area,TGSPDCL,RAJENDRA NAGAR,KANDUKUR,MAMIDIPALLY,MAHESHWARAM,2025-11-01,2025,11,3,0,6,6.0,False,3732.0,222.0,622.0,0
RAJENDRA_NAGAR_MAHESHWARAM,initial greater-Hyderabad study area,TGSPDCL,RAJENDRA NAGAR,KANDUKUR,MAMIDIPALLY,MAHESHWARAM,2025-12-01,2025,12,3,0,6,6.0,False,6437.0,222.0,1072.83,0
RAJENDRA_NAGAR_MAHESHWARAM,initial greater-Hyderabad study area,TGSPDCL,RAJENDRA NAGAR,KANDUKUR,MAMIDIPALLY,MAHESHWARAM,2026-01-01,2026,1,3,0,6,6.0,False,6762.0,222.0,1127.0,0
RAJENDRA_NAGAR_MAHESHWARAM,initial greater-Hyderabad study area,TGSPDCL,RAJENDRA NAGAR,KANDUKUR,MAMIDIPALLY,MAHESHWARAM,2026-02-01,2026,2,3,0,6,6.0,False,7594.0,222.0,1265.67,0
RAJENDRA_NAGAR_MAHESHWARAM,initial greater-Hyderabad study area,TGSPDCL,RAJENDRA NAGAR,KANDUKUR,MAMIDIPALLY,MAHESHWARAM,2026-03-01,2026,3,3,0,6,6.0,False,9277.0,222.0,1546.17,0
RAJENDRA_NAGAR_MAHESHWARAM,initial greater-Hyderabad study area,TGSPDCL,RAJENDRA NAGAR,KANDUKUR,MAMIDIPALLY,MAHESHWARAM,2026-04-01,2026,4,3,0,6,6.0,False,8835.0,222.0,1472.5,0
RAJENDRA_NAGAR_MAHESHWARAM,initial greater-Hyderabad study area,TGSPDCL,RAJENDRA NAGAR,KANDUKUR,MAMIDIPALLY,MAHESHWARAM,2026-05-01,2026,5,3,0,6,6.0,False,9769.0,222.0,1628.17,0
RAJENDRA_NAGAR_MAHESHWARAM,initial greater-Hyderabad study area,TGSPDCL,RAJENDRA NAGAR,KANDUKUR,MAMIDIPALLY,MAHESHWARAM,2026-06-01,2026,6,3,0,6,6.0,False,5922.0,222.0,987.0,0
RAJENDRA_NAGAR_MAHESHWARAM,initial greater-Hyderabad study area,TGSPDCL,RAJENDRA NAGAR,KANDUKUR,MAMIDIPALLY,MAHESHWARAM,2026-07-01,2026,7,3,0,6,6.0,False,25491.0,222.0,4248.5,0
RAJENDRA_NAGAR_MAHESHWARAM,initial greater-Hyderabad study area,TGSPDCL,RAJENDRA NAGAR,KANDUKUR,MAMIDIPALLY,MAHESHWARAM,2026-08-01,2026,8,3,0,6,6.0,False,16861.0,222.0,2810.17,0
RAJENDRA_NAGAR_MD_PALLY,initial greater-Hyderabad study area,TGSPDCL,RAJENDRA NAGAR,RAJENDRA NAGAR,GAGANPAHAD,MD PALLY,2023-01-01,2023,1,2,0,2,2.0,False,2290.0,10.0,1145.0,0
RAJENDRA_NAGAR_MD_PALLY,initial greater-Hyderabad study area,TGSPDCL,RAJENDRA NAGAR,RAJENDRA NAGAR,GAGANPAHAD,MD PALLY,2023-02-01,2023,2,2,0,2,2.0,False,3204.0,10.0,1602.0,0
RAJENDRA_NAGAR_MD_PALLY,initial greater-Hyderabad study area,TGSPDCL,RAJENDRA NAGAR,RAJENDRA NAGAR,GAGANPAHAD,MD PALLY,2023-03-01,2023,3,1,0,1,1.0,False,3091.0,5.0,3091.0,1
RAJENDRA_NAGAR_MD_PALLY,initial greater-Hyderabad study area,TGSPDCL,RAJENDRA NAGAR,RAJENDRA NAGAR,GAGANPAHAD,MD PALLY,2023-04-01,2023,4,2,0,2,2.0,False,2319.0,10.0,1159.5,0
RAJENDRA_NAGAR_MD_PALLY,initial greater-Hyderabad study area,TGSPDCL,RAJENDRA NAGAR,RAJENDRA NAGAR,GAGANPAHAD,MD PALLY,2023-05-01,2023,5,3,0,3,3.0,False,4917.0,59.0,1639.0,0
RAJENDRA_NAGAR_MD_PALLY,initial greater-Hyderabad study area,TGSPDCL,RAJENDRA NAGAR,RAJENDRA NAGAR,GAGANPAHAD,MD PALLY,2023-06-01,2023,6,3,0,3,3.0,False,5448.0,59.0,1816.0,0
RAJENDRA_NAGAR_MD_PALLY,initial greater-Hyderabad study area,TGSPDCL,RAJENDRA NAGAR,RAJENDRA NAGAR,GAGANPAHAD,MD PALLY,2023-07-01,2023,7,3,0,3,3.0,False,4806.0,59.0,1602.0,0
RAJENDRA_NAGAR_MD_PALLY,initial greater-Hyderabad study area,TGSPDCL,RAJENDRA NAGAR,RAJENDRA NAGAR,GAGANPAHAD,MD PALLY,2023-08-01,2023,8,3,0,3,3.0,False,7458.0,59.0,2486.0,0
RAJENDRA_NAGAR_MD_PALLY,initial greater-Hyderabad study area,TGSPDCL,RAJENDRA NAGAR,RAJENDRA NAGAR,GAGANPAHAD,MD PALLY,2023-09-01,2023,9,3,0,3,3.0,False,6330.0,59.0,2110.0,0
RAJENDRA_NAGAR_MD_PALLY,initial greater-Hyderabad study area,TGSPDCL,RAJENDRA NAGAR,RAJENDRA NAGAR,GAGANPAHAD,MD PALLY,2023-10-01,2023,10,3,0,3,3.0,False,6594.0,59.0,2198.0,0
RAJENDRA_NAGAR_MD_PALLY,initial greater-Hyderabad study area,TGSPDCL,RAJENDRA NAGAR,RAJENDRA NAGAR,GAGANPAHAD,MD PALLY,2023-11-01,2023,11,3,0,3,3.0,False,6641.0,59.0,2213.67,0
RAJENDRA_NAGAR_MD_PALLY,initial greater-Hyderabad study area,TGSPDCL,RAJENDRA NAGAR,RAJENDRA NAGAR,GAGANPAHAD,MD PALLY,2023-12-01,2023,12,3,0,3,3.0,False,4918.0,59.0,1639.33,0
RAJENDRA_NAGAR_MD_PALLY,initial greater-Hyderabad study area,TGSPDCL,RAJENDRA NAGAR,RAJENDRA NAGAR,GAGANPAHAD,MD PALLY,2024-01-01,2024,1,3,0,3,3.0,False,5074.0,59.0,1691.33,0
RAJENDRA_NAGAR_MD_PALLY,initial greater-Hyderabad study area,TGSPDCL,RAJENDRA NAGAR,RAJENDRA NAGAR,GAGANPAHAD,MD PALLY,2024-02-01,2024,2,3,0,4,3.0,False,5171.0,99.0,1292.75,0
RAJENDRA_NAGAR_MD_PALLY,initial greater-Hyderabad study area,TGSPDCL,RAJENDRA NAGAR,RAJENDRA NAGAR,GAGANPAHAD,MD PALLY,2024-03-01,2024,3,2,0,4,4.0,False,7185.0,99.0,1796.25,0
RAJENDRA_NAGAR_MD_PALLY,initial greater-Hyderabad study area,TGSPDCL,RAJENDRA NAGAR,RAJENDRA NAGAR,GAGANPAHAD,MD PALLY,2024-04-01,2024,4,2,0,4,4.0,False,7041.0,99.0,1760.25,0
RAJENDRA_NAGAR_MD_PALLY,initial greater-Hyderabad study area,TGSPDCL,RAJENDRA NAGAR,RAJENDRA NAGAR,GAGANPAHAD,MD PALLY,2024-05-01,2024,5,2,0,4,4.0,False,7771.0,99.0,1942.75,0
RAJENDRA_NAGAR_MD_PALLY,initial greater-Hyderabad study area,TGSPDCL,RAJENDRA NAGAR,RAJENDRA NAGAR,GAGANPAHAD,MD PALLY,2024-06-01,2024,6,2,0,4,4.0,False,12274.0,99.0,3068.5,0
RAJENDRA_NAGAR_MD_PALLY,initial greater-Hyderabad study area,TGSPDCL,RAJENDRA NAGAR,RAJENDRA NAGAR,GAGANPAHAD,MD PALLY,2024-07-01,2024,7,2,0,4,4.0,False,7428.0,99.0,1857.0,0
RAJENDRA_NAGAR_MD_PALLY,initial greater-Hyderabad study area,TGSPDCL,RAJENDRA NAGAR,RAJENDRA NAGAR,GAGANPAHAD,MD PALLY,2024-08-01,2024,8,2,0,4,4.0,False,10634.0,99.0,2658.5,0
RAJENDRA_NAGAR_MD_PALLY,initial greater-Hyderabad study area,TGSPDCL,RAJENDRA NAGAR,RAJENDRA NAGAR,GAGANPAHAD,MD PALLY,2024-09-01,2024,9,2,0,4,4.0,False,13262.0,99.0,3315.5,0
RAJENDRA_NAGAR_MD_PALLY,initial greater-Hyderabad study area,TGSPDCL,RAJENDRA NAGAR,RAJENDRA NAGAR,GAGANPAHAD,MD PALLY,2024-10-01,2024,10,3,0,4,4.0,False,14414.0,99.0,3603.5,0
RAJENDRA_NAGAR_MD_PALLY,initial greater-Hyderabad study area,TGSPDCL,RAJENDRA NAGAR,RAJENDRA NAGAR,GAGANPAHAD,MD PALLY,2024-11-01,2024,11,3,0,4,3.0,False,12710.0,99.0,3177.5,0
RAJENDRA_NAGAR_MD_PALLY,initial greater-Hyderabad study area,TGSPDCL,RAJENDRA NAGAR,RAJENDRA NAGAR,GAGANPAHAD,MD PALLY,2024-12-01,2024,12,3,0,3,3.0,False,12118.0,94.0,4039.33,0
RAJENDRA_NAGAR_MD_PALLY,initial greater-Hyderabad study area,TGSPDCL,RAJENDRA NAGAR,RAJENDRA NAGAR,GAGANPAHAD,MD PALLY,2025-01-01,2025,1,3,0,3,3.0,False,14090.0,94.0,4696.67,0
RAJENDRA_NAGAR_MD_PALLY,initial greater-Hyderabad study area,TGSPDCL,RAJENDRA NAGAR,RAJENDRA NAGAR,GAGANPAHAD,MD PALLY,2025-02-01,2025,2,3,0,3,3.0,False,14420.0,94.0,4806.67,0
RAJENDRA_NAGAR_MD_PALLY,initial greater-Hyderabad study area,TGSPDCL,RAJENDRA NAGAR,RAJENDRA NAGAR,GAGANPAHAD,MD PALLY,2025-03-01,2025,3,3,0,3,3.0,False,14008.0,94.0,4669.33,0
RAJENDRA_NAGAR_MD_PALLY,initial greater-Hyderabad study area,TGSPDCL,RAJENDRA NAGAR,RAJENDRA NAGAR,GAGANPAHAD,MD PALLY,2025-04-01,2025,4,3,0,3,3.0,False,15440.0,94.0,5146.67,0
RAJENDRA_NAGAR_MD_PALLY,initial greater-Hyderabad study area,TGSPDCL,RAJENDRA NAGAR,RAJENDRA NAGAR,GAGANPAHAD,MD PALLY,2025-05-01,2025,5,3,0,3,3.0,False,14349.0,94.0,4783.0,0
RAJENDRA_NAGAR_MD_PALLY,initial greater-Hyderabad study area,TGSPDCL,RAJENDRA NAGAR,RAJENDRA NAGAR,GAGANPAHAD,MD PALLY,2025-06-01,2025,6,3,0,3,3.0,False,12856.0,94.0,4285.33,0
RAJENDRA_NAGAR_MD_PALLY,initial greater-Hyderabad study area,TGSPDCL,RAJENDRA NAGAR,RAJENDRA NAGAR,GAGANPAHAD,MD PALLY,2025-07-01,2025,7,3,0,3,3.0,False,11264.0,94.0,3754.67,0
RAJENDRA_NAGAR_MD_PALLY,initial greater-Hyderabad study area,TGSPDCL,RAJENDRA NAGAR,RAJENDRA NAGAR,GAGANPAHAD,MD PALLY,2025-08-01,2025,8,3,0,3,3.0,False,13976.0,94.0,4658.67,0
RAJENDRA_NAGAR_MD_PALLY,initial greater-Hyderabad study area,TGSPDCL,RAJENDRA NAGAR,RAJENDRA NAGAR,GAGANPAHAD,MD PALLY,2025-09-01,2025,9,3,0,3,3.0,False,11183.0,94.0,3727.67,0
RAJENDRA_NAGAR_MD_PALLY,initial greater-Hyderabad study area,TGSPDCL,RAJENDRA NAGAR,RAJENDRA NAGAR,GAGANPAHAD,MD PALLY,2025-10-01,2025,10,3,0,3,3.0,False,11073.0,94.0,3691.0,0
RAJENDRA_NAGAR_MD_PALLY,initial greater-Hyderabad study area,TGSPDCL,RAJENDRA NAGAR,RAJENDRA NAGAR,GAGANPAHAD,MD PALLY,2025-11-01,2025,11,3,0,4,3.0,False,11327.0,148.0,2831.75,0
RAJENDRA_NAGAR_MD_PALLY,initial greater-Hyderabad study area,TGSPDCL,RAJENDRA NAGAR,RAJENDRA NAGAR,GAGANPAHAD,MD PALLY,2025-12-01,2025,12,3,0,4,4.0,False,9894.0,148.0,2473.5,0
RAJENDRA_NAGAR_MD_PALLY,initial greater-Hyderabad study area,TGSPDCL,RAJENDRA NAGAR,RAJENDRA NAGAR,GAGANPAHAD,MD PALLY,2026-01-01,2026,1,3,0,4,4.0,False,12881.0,148.0,3220.25,0
RAJENDRA_NAGAR_MD_PALLY,initial greater-Hyderabad study area,TGSPDCL,RAJENDRA NAGAR,RAJENDRA NAGAR,GAGANPAHAD,MD PALLY,2026-02-01,2026,2,3,0,4,4.0,False,9596.0,148.0,2399.0,0
RAJENDRA_NAGAR_MD_PALLY,initial greater-Hyderabad study area,TGSPDCL,RAJENDRA NAGAR,RAJENDRA NAGAR,GAGANPAHAD,MD PALLY,2026-03-01,2026,3,3,1,4,4.0,False,7435.0,148.0,1858.75,0
RAJENDRA_NAGAR_MD_PALLY,initial greater-Hyderabad study area,TGSPDCL,RAJENDRA NAGAR,RAJENDRA NAGAR,GAGANPAHAD,MD PALLY,2026-04-01,2026,4,3,1,4,4.0,False,3326.0,148.0,831.5,0
RAJENDRA_NAGAR_MD_PALLY,initial greater-Hyderabad study area,TGSPDCL,RAJENDRA NAGAR,RAJENDRA NAGAR,GAGANPAHAD,MD PALLY,2026-05-01,2026,5,3,1,4,4.0,False,5553.0,148.0,1388.25,0
RAJENDRA_NAGAR_MD_PALLY,initial greater-Hyderabad study area,TGSPDCL,RAJENDRA NAGAR,RAJENDRA NAGAR,GAGANPAHAD,MD PALLY,2026-06-01,2026,6,3,0,4,4.0,False,5838.0,148.0,1459.5,0
RAJENDRA_NAGAR_MD_PALLY,initial greater-Hyderabad study area,TGSPDCL,RAJENDRA NAGAR,RAJENDRA NAGAR,GAGANPAHAD,MD PALLY,2026-07-01,2026,7,3,0,4,4.0,False,5375.0,148.0,1343.75,0
RAJENDRA_NAGAR_MD_PALLY,initial greater-Hyderabad study area,TGSPDCL,RAJENDRA NAGAR,RAJENDRA NAGAR,GAGANPAHAD,MD PALLY,2026-08-01,2026,8,2,0,4,4.0,False,7343.0,148.0,1835.75,0
RAJENDRA_NAGAR_NANDIGAMA,initial greater-Hyderabad study area,TGSPDCL,RAJENDRA NAGAR,SHADNAGAR,KOTHUR,NANDIGAMA,2026-02-01,2026,2,1,1,2,,True,0.0,108.0,0.0,0
RAJENDRA_NAGAR_NANDIGAMA,initial greater-Hyderabad study area,TGSPDCL,RAJENDRA NAGAR,SHADNAGAR,KOTHUR,NANDIGAMA,2026-03-01,2026,3,1,1,2,2.0,False,0.0,108.0,0.0,0
RAJENDRA_NAGAR_NANDIGAMA,initial greater-Hyderabad study area,TGSPDCL,RAJENDRA NAGAR,SHADNAGAR,KOTHUR,NANDIGAMA,2026-04-01,2026,4,1,0,2,2.0,False,8.0,108.0,4.0,0
RAJENDRA_NAGAR_NANDIGAMA,initial greater-Hyderabad study area,TGSPDCL,RAJENDRA NAGAR,SHADNAGAR,KOTHUR,NANDIGAMA,2026-05-01,2026,5,1,1,2,2.0,False,0.0,108.0,0.0,0
RAJENDRA_NAGAR_NANDIGAMA,initial greater-Hyderabad study area,TGSPDCL,RAJENDRA NAGAR,SHADNAGAR,KOTHUR,NANDIGAMA,2026-06-01,2026,6,1,1,2,2.0,False,0.0,108.0,0.0,0
RAJENDRA_NAGAR_NANDIGAMA,initial greater-Hyderabad study area,TGSPDCL,RAJENDRA NAGAR,SHADNAGAR,KOTHUR,NANDIGAMA,2026-07-01,2026,7,1,1,2,2.0,False,0.0,108.0,0.0,0
RAJENDRA_NAGAR_NANDIGAMA,initial greater-Hyderabad study area,TGSPDCL,RAJENDRA NAGAR,SHADNAGAR,KOTHUR,NANDIGAMA,2026-08-01,2026,8,1,1,2,2.0,False,0.0,108.0,0.0,0
RAJENDRA_NAGAR_PAHADISHARIFF,initial greater-Hyderabad study area,TGSPDCL,RAJENDRA NAGAR,KANDUKUR,MAMIDIPALLY,PAHADISHARIFF,2023-01-01,2023,1,1,0,1,1.0,False,19.0,15.0,19.0,0
RAJENDRA_NAGAR_PAHADISHARIFF,initial greater-Hyderabad study area,TGSPDCL,RAJENDRA NAGAR,KANDUKUR,MAMIDIPALLY,PAHADISHARIFF,2023-02-01,2023,2,1,0,1,1.0,False,19.0,15.0,19.0,0
RAJENDRA_NAGAR_PAHADISHARIFF,initial greater-Hyderabad study area,TGSPDCL,RAJENDRA NAGAR,KANDUKUR,MAMIDIPALLY,PAHADISHARIFF,2023-03-01,2023,3,1,0,1,1.0,False,15.0,15.0,15.0,0
RAJENDRA_NAGAR_PAHADISHARIFF,initial greater-Hyderabad study area,TGSPDCL,RAJENDRA NAGAR,KANDUKUR,MAMIDIPALLY,PAHADISHARIFF,2023-04-01,2023,4,1,0,1,1.0,False,18.0,15.0,18.0,0
RAJENDRA_NAGAR_PAHADISHARIFF,initial greater-Hyderabad study area,TGSPDCL,RAJENDRA NAGAR,KANDUKUR,MAMIDIPALLY,PAHADISHARIFF,2023-05-01,2023,5,1,0,1,1.0,False,18.0,15.0,18.0,0
RAJENDRA_NAGAR_PAHADISHARIFF,initial greater-Hyderabad study area,TGSPDCL,RAJENDRA NAGAR,KANDUKUR,MAMIDIPALLY,PAHADISHARIFF,2023-06-01,2023,6,1,0,1,1.0,False,18.0,15.0,18.0,0
RAJENDRA_NAGAR_PAHADISHARIFF,initial greater-Hyderabad study area,TGSPDCL,RAJENDRA NAGAR,KANDUKUR,MAMIDIPALLY,PAHADISHARIFF,2023-07-01,2023,7,1,0,1,1.0,False,17.0,15.0,17.0,0
RAJENDRA_NAGAR_PAHADISHARIFF,initial greater-Hyderabad study area,TGSPDCL,RAJENDRA NAGAR,KANDUKUR,MAMIDIPALLY,PAHADISHARIFF,2023-08-01,2023,8,1,0,1,1.0,False,15.0,15.0,15.0,0
RAJENDRA_NAGAR_PAHADISHARIFF,initial greater-Hyderabad study area,TGSPDCL,RAJENDRA NAGAR,KANDUKUR,MAMIDIPALLY,PAHADISHARIFF,2024-08-01,2024,8,1,1,1,1.0,False,0.0,54.0,0.0,0
RAJENDRA_NAGAR_PAHADISHARIFF,initial greater-Hyderabad study area,TGSPDCL,RAJENDRA NAGAR,KANDUKUR,MAMIDIPALLY,PAHADISHARIFF,2024-09-01,2024,9,1,1,1,1.0,False,0.0,54.0,0.0,0
RAJENDRA_NAGAR_PAHADISHARIFF,initial greater-Hyderabad study area,TGSPDCL,RAJENDRA NAGAR,KANDUKUR,MAMIDIPALLY,PAHADISHARIFF,2024-10-01,2024,10,1,0,1,1.0,False,949.0,54.0,949.0,0
RAJENDRA_NAGAR_PAHADISHARIFF,initial greater-Hyderabad study area,TGSPDCL,RAJENDRA NAGAR,KANDUKUR,MAMIDIPALLY,PAHADISHARIFF,2024-11-01,2024,11,1,0,1,1.0,False,140.0,54.0,140.0,0
RAJENDRA_NAGAR_PAHADISHARIFF,initial greater-Hyderabad study area,TGSPDCL,RAJENDRA NAGAR,KANDUKUR,MAMIDIPALLY,PAHADISHARIFF,2024-12-01,2024,12,1,0,1,1.0,False,221.0,54.0,221.0,0
RAJENDRA_NAGAR_PAHADISHARIFF,initial greater-Hyderabad study area,TGSPDCL,RAJENDRA NAGAR,KANDUKUR,MAMIDIPALLY,PAHADISHARIFF,2025-01-01,2025,1,1,0,1,1.0,False,44.0,54.0,44.0,0
RAJENDRA_NAGAR_PAHADISHARIFF,initial greater-Hyderabad study area,TGSPDCL,RAJENDRA NAGAR,KANDUKUR,MAMIDIPALLY,PAHADISHARIFF,2025-02-01,2025,2,1,0,1,1.0,False,588.0,54.0,588.0,0
RAJENDRA_NAGAR_PAHADISHARIFF,initial greater-Hyderabad study area,TGSPDCL,RAJENDRA NAGAR,KANDUKUR,MAMIDIPALLY,PAHADISHARIFF,2025-03-01,2025,3,1,0,1,1.0,False,2094.0,54.0,2094.0,0
RAJENDRA_NAGAR_PAHADISHARIFF,initial greater-Hyderabad study area,TGSPDCL,RAJENDRA NAGAR,KANDUKUR,MAMIDIPALLY,PAHADISHARIFF,2025-04-01,2025,4,1,0,1,1.0,False,12759.0,54.0,12759.0,0
RAJENDRA_NAGAR_PAHADISHARIFF,initial greater-Hyderabad study area,TGSPDCL,RAJENDRA NAGAR,KANDUKUR,MAMIDIPALLY,PAHADISHARIFF,2025-05-01,2025,5,1,0,1,1.0,False,14717.0,54.0,14717.0,0
RAJENDRA_NAGAR_PAHADISHARIFF,initial greater-Hyderabad study area,TGSPDCL,RAJENDRA NAGAR,KANDUKUR,MAMIDIPALLY,PAHADISHARIFF,2025-06-01,2025,6,1,0,1,1.0,False,409.0,54.0,409.0,0
RAJENDRA_NAGAR_PAHADISHARIFF,initial greater-Hyderabad study area,TGSPDCL,RAJENDRA NAGAR,KANDUKUR,MAMIDIPALLY,PAHADISHARIFF,2025-07-01,2025,7,1,0,1,1.0,False,30.0,54.0,30.0,0
RAJENDRA_NAGAR_PAHADISHARIFF,initial greater-Hyderabad study area,TGSPDCL,RAJENDRA NAGAR,KANDUKUR,MAMIDIPALLY,PAHADISHARIFF,2025-08-01,2025,8,1,0,1,1.0,False,1276.0,54.0,1276.0,0
RAJENDRA_NAGAR_PAHADISHARIFF,initial greater-Hyderabad study area,TGSPDCL,RAJENDRA NAGAR,KANDUKUR,MAMIDIPALLY,PAHADISHARIFF,2025-09-01,2025,9,1,0,2,1.0,False,4166.0,104.0,2083.0,0
RAJENDRA_NAGAR_PAHADISHARIFF,initial greater-Hyderabad study area,TGSPDCL,RAJENDRA NAGAR,KANDUKUR,MAMIDIPALLY,PAHADISHARIFF,2025-10-01,2025,10,1,0,2,2.0,False,959.0,104.0,479.5,0
RAJENDRA_NAGAR_PAHADISHARIFF,initial greater-Hyderabad study area,TGSPDCL,RAJENDRA NAGAR,KANDUKUR,MAMIDIPALLY,PAHADISHARIFF,2025-11-01,2025,11,1,0,2,2.0,False,4748.0,104.0,2374.0,0
RAJENDRA_NAGAR_PAHADISHARIFF,initial greater-Hyderabad study area,TGSPDCL,RAJENDRA NAGAR,KANDUKUR,MAMIDIPALLY,PAHADISHARIFF,2025-12-01,2025,12,1,0,2,2.0,False,8671.0,104.0,4335.5,0
RAJENDRA_NAGAR_PAHADISHARIFF,initial greater-Hyderabad study area,TGSPDCL,RAJENDRA NAGAR,KANDUKUR,MAMIDIPALLY,PAHADISHARIFF,2026-01-01,2026,1,1,0,2,2.0,False,9714.0,104.0,4857.0,0
RAJENDRA_NAGAR_PAHADISHARIFF,initial greater-Hyderabad study area,TGSPDCL,RAJENDRA NAGAR,KANDUKUR,MAMIDIPALLY,PAHADISHARIFF,2026-02-01,2026,2,1,0,2,2.0,False,10426.0,104.0,5213.0,0
RAJENDRA_NAGAR_PAHADISHARIFF,initial greater-Hyderabad study area,TGSPDCL,RAJENDRA NAGAR,KANDUKUR,MAMIDIPALLY,PAHADISHARIFF,2026-03-01,2026,3,1,0,2,2.0,False,3839.0,104.0,1919.5,0
RAJENDRA_NAGAR_PAHADISHARIFF,initial greater-Hyderabad study area,TGSPDCL,RAJENDRA NAGAR,KANDUKUR,MAMIDIPALLY,PAHADISHARIFF,2026-04-01,2026,4,1,0,2,2.0,False,9146.0,104.0,4573.0,0
RAJENDRA_NAGAR_PAHADISHARIFF,initial greater-Hyderabad study area,TGSPDCL,RAJENDRA NAGAR,KANDUKUR,MAMIDIPALLY,PAHADISHARIFF,2026-05-01,2026,5,1,1,2,2.0,False,0.0,104.0,0.0,0
RAJENDRA_NAGAR_PAHADISHARIFF,initial greater-Hyderabad study area,TGSPDCL,RAJENDRA NAGAR,KANDUKUR,MAMIDIPALLY,PAHADISHARIFF,2026-06-01,2026,6,1,1,2,2.0,False,0.0,104.0,0.0,0
RAJENDRA_NAGAR_PAHADISHARIFF,initial greater-Hyderabad study area,TGSPDCL,RAJENDRA NAGAR,KANDUKUR,MAMIDIPALLY,PAHADISHARIFF,2026-07-01,2026,7,1,0,2,2.0,False,3955.0,104.0,1977.5,0
RAJENDRA_NAGAR_PAHADISHARIFF,initial greater-Hyderabad study area,TGSPDCL,RAJENDRA NAGAR,KANDUKUR,MAMIDIPALLY,PAHADISHARIFF,2026-08-01,2026,8,1,0,2,2.0,False,4982.0,104.0,2491.0,0
RAJENDRA_NAGAR_RAJENDERNAGAR,initial greater-Hyderabad study area,TGSPDCL,RAJENDRA NAGAR,RAJENDRA NAGAR,RAJENDRANAGAR,RAJENDERNAGAR,2023-06-01,2023,6,1,1,1,,True,0.0,5.0,0.0,0
RAJENDRA_NAGAR_RAJENDERNAGAR,initial greater-Hyderabad study area,TGSPDCL,RAJENDRA NAGAR,RAJENDRA NAGAR,RAJENDRANAGAR,RAJENDERNAGAR,2023-07-01,2023,7,1,1,1,1.0,False,0.0,5.0,0.0,0
RAJENDRA_NAGAR_RAJENDERNAGAR,initial greater-Hyderabad study area,TGSPDCL,RAJENDRA NAGAR,RAJENDRA NAGAR,RAJENDRANAGAR,RAJENDERNAGAR,2023-08-01,2023,8,1,0,1,1.0,False,7955.0,5.0,7955.0,0
RAJENDRA_NAGAR_RAJENDERNAGAR,initial greater-Hyderabad study area,TGSPDCL,RAJENDRA NAGAR,RAJENDRA NAGAR,RAJENDRANAGAR,RAJENDERNAGAR,2023-09-01,2023,9,1,0,1,1.0,False,2465.0,5.0,2465.0,0
RAJENDRA_NAGAR_RAJENDERNAGAR,initial greater-Hyderabad study area,TGSPDCL,RAJENDRA NAGAR,RAJENDRA NAGAR,RAJENDRANAGAR,RAJENDERNAGAR,2023-10-01,2023,10,1,0,1,1.0,False,1785.0,5.0,1785.0,0
RAJENDRA_NAGAR_RAJENDERNAGAR,initial greater-Hyderabad study area,TGSPDCL,RAJENDRA NAGAR,RAJENDRA NAGAR,RAJENDRANAGAR,RAJENDERNAGAR,2023-11-01,2023,11,1,0,1,1.0,False,2145.0,5.0,2145.0,0
RAJENDRA_NAGAR_RAJENDERNAGAR,initial greater-Hyderabad study area,TGSPDCL,RAJENDRA NAGAR,RAJENDRA NAGAR,RAJENDRANAGAR,RAJENDERNAGAR,2023-12-01,2023,12,1,0,1,1.0,False,2026.0,5.0,2026.0,0
RAJENDRA_NAGAR_RAJENDERNAGAR,initial greater-Hyderabad study area,TGSPDCL,RAJENDRA NAGAR,RAJENDRA NAGAR,RAJENDRANAGAR,RAJENDERNAGAR,2024-01-01,2024,1,1,0,1,1.0,False,2277.0,5.0,2277.0,0
RAJENDRA_NAGAR_RAJENDERNAGAR,initial greater-Hyderabad study area,TGSPDCL,RAJENDRA NAGAR,RAJENDRA NAGAR,RAJENDRANAGAR,RAJENDERNAGAR,2024-02-01,2024,2,1,0,1,1.0,False,2527.0,5.0,2527.0,0
RAJENDRA_NAGAR_RAJENDERNAGAR,initial greater-Hyderabad study area,TGSPDCL,RAJENDRA NAGAR,RAJENDRA NAGAR,RAJENDRANAGAR,RAJENDERNAGAR,2024-03-01,2024,3,1,0,1,1.0,False,2944.0,5.0,2944.0,0
RAJENDRA_NAGAR_RAJENDERNAGAR,initial greater-Hyderabad study area,TGSPDCL,RAJENDRA NAGAR,RAJENDRA NAGAR,RAJENDRANAGAR,RAJENDERNAGAR,2024-04-01,2024,4,1,0,1,1.0,False,2635.0,5.0,2635.0,0
RAJENDRA_NAGAR_RAJENDERNAGAR,initial greater-Hyderabad study area,TGSPDCL,RAJENDRA NAGAR,RAJENDRA NAGAR,RAJENDRANAGAR,RAJENDERNAGAR,2024-05-01,2024,5,1,1,1,1.0,False,0.0,5.0,0.0,0
RAJENDRA_NAGAR_RAJENDERNAGAR,initial greater-Hyderabad study area,TGSPDCL,RAJENDRA NAGAR,RAJENDRA NAGAR,RAJENDRANAGAR,RAJENDERNAGAR,2024-06-01,2024,6,1,1,1,1.0,False,0.0,5.0,0.0,0
RAJENDRA_NAGAR_RAJENDERNAGAR,initial greater-Hyderabad study area,TGSPDCL,RAJENDRA NAGAR,RAJENDRA NAGAR,RAJENDRANAGAR,RAJENDERNAGAR,2024-07-01,2024,7,1,1,1,1.0,False,0.0,5.0,0.0,0
RAJENDRA_NAGAR_RAJENDERNAGAR,initial greater-Hyderabad study area,TGSPDCL,RAJENDRA NAGAR,RAJENDRA NAGAR,RAJENDRANAGAR,RAJENDERNAGAR,2024-08-01,2024,8,1,1,1,1.0,False,0.0,5.0,0.0,0
RAJENDRA_NAGAR_RAJENDERNAGAR,initial greater-Hyderabad study area,TGSPDCL,RAJENDRA NAGAR,RAJENDRA NAGAR,RAJENDRANAGAR,RAJENDERNAGAR,2024-09-01,2024,9,1,1,1,1.0,False,0.0,5.0,0.0,0
RAJENDRA_NAGAR_RAJENDERNAGAR,initial greater-Hyderabad study area,TGSPDCL,RAJENDRA NAGAR,RAJENDRA NAGAR,RAJENDRANAGAR,RAJENDERNAGAR,2024-10-01,2024,10,1,1,1,1.0,False,0.0,5.0,0.0,0
RAJENDRA_NAGAR_RAJENDERNAGAR,initial greater-Hyderabad study area,TGSPDCL,RAJENDRA NAGAR,RAJENDRA NAGAR,RAJENDRANAGAR,RAJENDERNAGAR,2024-11-01,2024,11,1,1,1,1.0,False,0.0,5.0,0.0,0
RAJENDRA_NAGAR_RAJENDERNAGAR,initial greater-Hyderabad study area,TGSPDCL,RAJENDRA NAGAR,RAJENDRA NAGAR,RAJENDRANAGAR,RAJENDERNAGAR,2024-12-01,2024,12,1,1,1,1.0,False,0.0,5.0,0.0,0
RAJENDRA_NAGAR_RAJENDERNAGAR,initial greater-Hyderabad study area,TGSPDCL,RAJENDRA NAGAR,RAJENDRA NAGAR,RAJENDRANAGAR,RAJENDERNAGAR,2025-01-01,2025,1,1,1,1,1.0,False,0.0,5.0,0.0,0
RAJENDRA_NAGAR_RAJENDERNAGAR,initial greater-Hyderabad study area,TGSPDCL,RAJENDRA NAGAR,RAJENDRA NAGAR,RAJENDRANAGAR,RAJENDERNAGAR,2025-02-01,2025,2,1,1,1,1.0,False,0.0,5.0,0.0,0
RAJENDRA_NAGAR_RAJENDERNAGAR,initial greater-Hyderabad study area,TGSPDCL,RAJENDRA NAGAR,RAJENDRA NAGAR,RAJENDRANAGAR,RAJENDERNAGAR,2025-03-01,2025,3,1,1,1,1.0,False,0.0,5.0,0.0,0
RAJENDRA_NAGAR_RAJENDERNAGAR,initial greater-Hyderabad study area,TGSPDCL,RAJENDRA NAGAR,RAJENDRA NAGAR,RAJENDRANAGAR,RAJENDERNAGAR,2025-04-01,2025,4,1,1,1,1.0,False,0.0,5.0,0.0,0
RAJENDRA_NAGAR_RAJENDERNAGAR,initial greater-Hyderabad study area,TGSPDCL,RAJENDRA NAGAR,RAJENDRA NAGAR,RAJENDRANAGAR,RAJENDERNAGAR,2025-05-01,2025,5,1,1,1,1.0,False,0.0,5.0,0.0,0
RAJENDRA_NAGAR_RAJENDERNAGAR,initial greater-Hyderabad study area,TGSPDCL,RAJENDRA NAGAR,RAJENDRA NAGAR,RAJENDRANAGAR,RAJENDERNAGAR,2025-06-01,2025,6,1,1,1,1.0,False,0.0,5.0,0.0,0
RAJENDRA_NAGAR_RAJENDERNAGAR,initial greater-Hyderabad study area,TGSPDCL,RAJENDRA NAGAR,RAJENDRA NAGAR,RAJENDRANAGAR,RAJENDERNAGAR,2025-07-01,2025,7,1,1,1,1.0,False,0.0,5.0,0.0,0
RAJENDRA_NAGAR_RAJENDERNAGAR,initial greater-Hyderabad study area,TGSPDCL,RAJENDRA NAGAR,RAJENDRA NAGAR,RAJENDRANAGAR,RAJENDERNAGAR,2025-08-01,2025,8,1,1,1,1.0,False,0.0,5.0,0.0,0
RAJENDRA_NAGAR_RAJENDERNAGAR,initial greater-Hyderabad study area,TGSPDCL,RAJENDRA NAGAR,RAJENDRA NAGAR,RAJENDRANAGAR,RAJENDERNAGAR,2025-09-01,2025,9,1,1,1,1.0,False,0.0,5.0,0.0,0
RAJENDRA_NAGAR_RAJENDERNAGAR,initial greater-Hyderabad study area,TGSPDCL,RAJENDRA NAGAR,RAJENDRA NAGAR,RAJENDRANAGAR,RAJENDERNAGAR,2025-10-01,2025,10,1,1,1,1.0,False,0.0,5.0,0.0,0
RAJENDRA_NAGAR_RAJENDERNAGAR,initial greater-Hyderabad study area,TGSPDCL,RAJENDRA NAGAR,RAJENDRA NAGAR,RAJENDRANAGAR,RAJENDERNAGAR,2025-11-01,2025,11,1,1,1,1.0,False,0.0,5.0,0.0,0
RAJENDRA_NAGAR_RAJENDERNAGAR,initial greater-Hyderabad study area,TGSPDCL,RAJENDRA NAGAR,RAJENDRA NAGAR,RAJENDRANAGAR,RAJENDERNAGAR,2025-12-01,2025,12,1,1,1,1.0,False,0.0,5.0,0.0,0
RAJENDRA_NAGAR_RAJENDERNAGAR,initial greater-Hyderabad study area,TGSPDCL,RAJENDRA NAGAR,RAJENDRA NAGAR,RAJENDRANAGAR,RAJENDERNAGAR,2026-01-01,2026,1,1,1,1,1.0,False,0.0,5.0,0.0,0
RAJENDRA_NAGAR_RAJENDERNAGAR,initial greater-Hyderabad study area,TGSPDCL,RAJENDRA NAGAR,RAJENDRA NAGAR,RAJENDRANAGAR,RAJENDERNAGAR,2026-02-01,2026,2,1,1,1,1.0,False,0.0,5.0,0.0,0
RAJENDRA_NAGAR_RAJENDERNAGAR,initial greater-Hyderabad study area,TGSPDCL,RAJENDRA NAGAR,RAJENDRA NAGAR,RAJENDRANAGAR,RAJENDERNAGAR,2026-03-01,2026,3,1,1,1,1.0,False,0.0,5.0,0.0,0
RAJENDRA_NAGAR_RAJENDERNAGAR,initial greater-Hyderabad study area,TGSPDCL,RAJENDRA NAGAR,RAJENDRA NAGAR,RAJENDRANAGAR,RAJENDERNAGAR,2026-04-01,2026,4,1,1,1,1.0,False,0.0,5.0,0.0,0
RAJENDRA_NAGAR_RAJENDERNAGAR,initial greater-Hyderabad study area,TGSPDCL,RAJENDRA NAGAR,RAJENDRA NAGAR,RAJENDRANAGAR,RAJENDERNAGAR,2026-05-01,2026,5,1,1,1,1.0,False,0.0,5.0,0.0,0
RAJENDRA_NAGAR_RAJENDERNAGAR,initial greater-Hyderabad study area,TGSPDCL,RAJENDRA NAGAR,RAJENDRA NAGAR,RAJENDRANAGAR,RAJENDERNAGAR,2026-06-01,2026,6,1,1,1,1.0,False,0.0,5.0,0.0,0
RAJENDRA_NAGAR_RAJENDERNAGAR,initial greater-Hyderabad study area,TGSPDCL,RAJENDRA NAGAR,RAJENDRA NAGAR,RAJENDRANAGAR,RAJENDERNAGAR,2026-07-01,2026,7,1,1,1,1.0,False,0.0,5.0,0.0,0
RAJENDRA_NAGAR_RAJENDERNAGAR,initial greater-Hyderabad study area,TGSPDCL,RAJENDRA NAGAR,RAJENDRA NAGAR,RAJENDRANAGAR,RAJENDERNAGAR,2026-08-01,2026,8,1,1,1,1.0,False,0.0,5.0,0.0,0
RAJENDRA_NAGAR_SHADNAGAR_RURAL,initial greater-Hyderabad study area,TGSPDCL,RAJENDRA NAGAR,SHADNAGAR,SHADNAGAR,SHADNAGAR RURAL,2024-03-01,2024,3,1,1,2,,True,0.0,60.0,0.0,0
RAJENDRA_NAGAR_SHADNAGAR_RURAL,initial greater-Hyderabad study area,TGSPDCL,RAJENDRA NAGAR,SHADNAGAR,SHADNAGAR,SHADNAGAR RURAL,2024-04-01,2024,4,1,1,2,2.0,False,0.0,60.0,0.0,0
RAJENDRA_NAGAR_SHADNAGAR_RURAL,initial greater-Hyderabad study area,TGSPDCL,RAJENDRA NAGAR,SHADNAGAR,SHADNAGAR,SHADNAGAR RURAL,2024-05-01,2024,5,1,1,2,2.0,False,0.0,60.0,0.0,0
RAJENDRA_NAGAR_SHADNAGAR_RURAL,initial greater-Hyderabad study area,TGSPDCL,RAJENDRA NAGAR,SHADNAGAR,SHADNAGAR,SHADNAGAR RURAL,2024-06-01,2024,6,1,1,2,2.0,False,0.0,60.0,0.0,0
RAJENDRA_NAGAR_SHADNAGAR_RURAL,initial greater-Hyderabad study area,TGSPDCL,RAJENDRA NAGAR,SHADNAGAR,SHADNAGAR,SHADNAGAR RURAL,2024-07-01,2024,7,1,1,2,2.0,False,0.0,60.0,0.0,0
RAJENDRA_NAGAR_SHADNAGAR_RURAL,initial greater-Hyderabad study area,TGSPDCL,RAJENDRA NAGAR,SHADNAGAR,SHADNAGAR,SHADNAGAR RURAL,2024-08-01,2024,8,1,1,2,2.0,False,0.0,60.0,0.0,0
RAJENDRA_NAGAR_SHADNAGAR_RURAL,initial greater-Hyderabad study area,TGSPDCL,RAJENDRA NAGAR,SHADNAGAR,SHADNAGAR,SHADNAGAR RURAL,2024-09-01,2024,9,1,1,2,2.0,False,0.0,60.0,0.0,0
RAJENDRA_NAGAR_SHADNAGAR_RURAL,initial greater-Hyderabad study area,TGSPDCL,RAJENDRA NAGAR,SHADNAGAR,SHADNAGAR,SHADNAGAR RURAL,2024-10-01,2024,10,1,1,2,2.0,False,0.0,60.0,0.0,0
RAJENDRA_NAGAR_SHADNAGAR_RURAL,initial greater-Hyderabad study area,TGSPDCL,RAJENDRA NAGAR,SHADNAGAR,SHADNAGAR,SHADNAGAR RURAL,2024-11-01,2024,11,1,1,2,2.0,False,0.0,60.0,0.0,0
RAJENDRA_NAGAR_SHADNAGAR_RURAL,initial greater-Hyderabad study area,TGSPDCL,RAJENDRA NAGAR,SHADNAGAR,SHADNAGAR,SHADNAGAR RURAL,2024-12-01,2024,12,1,1,2,2.0,False,0.0,60.0,0.0,0
RAJENDRA_NAGAR_SHADNAGAR_RURAL,initial greater-Hyderabad study area,TGSPDCL,RAJENDRA NAGAR,SHADNAGAR,SHADNAGAR,SHADNAGAR RURAL,2025-01-01,2025,1,2,2,3,2.0,True,0.0,110.0,0.0,0
RAJENDRA_NAGAR_SHADNAGAR_RURAL,initial greater-Hyderabad study area,TGSPDCL,RAJENDRA NAGAR,SHADNAGAR,SHADNAGAR,SHADNAGAR RURAL,2025-02-01,2025,2,1,0,3,3.0,False,103.0,110.0,34.33,0
RAJENDRA_NAGAR_SHADNAGAR_RURAL,initial greater-Hyderabad study area,TGSPDCL,RAJENDRA NAGAR,SHADNAGAR,SHADNAGAR,SHADNAGAR RURAL,2025-03-01,2025,3,1,0,3,3.0,False,1.0,110.0,0.33,0
RAJENDRA_NAGAR_SHADNAGAR_RURAL,initial greater-Hyderabad study area,TGSPDCL,RAJENDRA NAGAR,SHADNAGAR,SHADNAGAR,SHADNAGAR RURAL,2025-04-01,2025,4,1,1,3,3.0,False,0.0,110.0,0.0,0
RAJENDRA_NAGAR_SHADNAGAR_RURAL,initial greater-Hyderabad study area,TGSPDCL,RAJENDRA NAGAR,SHADNAGAR,SHADNAGAR,SHADNAGAR RURAL,2025-05-01,2025,5,1,1,3,3.0,False,0.0,110.0,0.0,0
RAJENDRA_NAGAR_SHADNAGAR_RURAL,initial greater-Hyderabad study area,TGSPDCL,RAJENDRA NAGAR,SHADNAGAR,SHADNAGAR,SHADNAGAR RURAL,2025-06-01,2025,6,1,1,3,3.0,False,0.0,110.0,0.0,0
RAJENDRA_NAGAR_SHADNAGAR_RURAL,initial greater-Hyderabad study area,TGSPDCL,RAJENDRA NAGAR,SHADNAGAR,SHADNAGAR,SHADNAGAR RURAL,2025-07-01,2025,7,1,1,3,3.0,False,0.0,110.0,0.0,0
RAJENDRA_NAGAR_SHADNAGAR_RURAL,initial greater-Hyderabad study area,TGSPDCL,RAJENDRA NAGAR,SHADNAGAR,SHADNAGAR,SHADNAGAR RURAL,2025-08-01,2025,8,1,0,3,3.0,False,198.0,110.0,66.0,0
RAJENDRA_NAGAR_SHADNAGAR_RURAL,initial greater-Hyderabad study area,TGSPDCL,RAJENDRA NAGAR,SHADNAGAR,SHADNAGAR,SHADNAGAR RURAL,2025-09-01,2025,9,1,0,3,3.0,False,1094.0,110.0,364.67,0
RAJENDRA_NAGAR_SHADNAGAR_RURAL,initial greater-Hyderabad study area,TGSPDCL,RAJENDRA NAGAR,SHADNAGAR,SHADNAGAR,SHADNAGAR RURAL,2025-10-01,2025,10,1,0,3,3.0,False,1506.0,110.0,502.0,0
RAJENDRA_NAGAR_SHADNAGAR_RURAL,initial greater-Hyderabad study area,TGSPDCL,RAJENDRA NAGAR,SHADNAGAR,SHADNAGAR,SHADNAGAR RURAL,2025-11-01,2025,11,1,0,3,3.0,False,1244.0,110.0,414.67,0
RAJENDRA_NAGAR_SHADNAGAR_RURAL,initial greater-Hyderabad study area,TGSPDCL,RAJENDRA NAGAR,SHADNAGAR,SHADNAGAR,SHADNAGAR RURAL,2025-12-01,2025,12,1,0,4,4.0,False,2452.0,170.0,613.0,0
RAJENDRA_NAGAR_SHADNAGAR_RURAL,initial greater-Hyderabad study area,TGSPDCL,RAJENDRA NAGAR,SHADNAGAR,SHADNAGAR,SHADNAGAR RURAL,2026-01-01,2026,1,1,0,4,4.0,False,2275.0,170.0,568.75,0
RAJENDRA_NAGAR_SHADNAGAR_RURAL,initial greater-Hyderabad study area,TGSPDCL,RAJENDRA NAGAR,SHADNAGAR,SHADNAGAR,SHADNAGAR RURAL,2026-02-01,2026,2,2,1,5,4.0,True,2647.0,230.0,529.4,0
RAJENDRA_NAGAR_SHADNAGAR_RURAL,initial greater-Hyderabad study area,TGSPDCL,RAJENDRA NAGAR,SHADNAGAR,SHADNAGAR,SHADNAGAR RURAL,2026-03-01,2026,3,2,0,5,5.0,False,3605.0,230.0,721.0,0
RAJENDRA_NAGAR_SHADNAGAR_RURAL,initial greater-Hyderabad study area,TGSPDCL,RAJENDRA NAGAR,SHADNAGAR,SHADNAGAR,SHADNAGAR RURAL,2026-04-01,2026,4,2,0,5,5.0,False,4841.0,230.0,968.2,0
RAJENDRA_NAGAR_SHADNAGAR_RURAL,initial greater-Hyderabad study area,TGSPDCL,RAJENDRA NAGAR,SHADNAGAR,SHADNAGAR,SHADNAGAR RURAL,2026-05-01,2026,5,2,0,5,5.0,False,7291.0,230.0,1458.2,0
RAJENDRA_NAGAR_SHADNAGAR_RURAL,initial greater-Hyderabad study area,TGSPDCL,RAJENDRA NAGAR,SHADNAGAR,SHADNAGAR,SHADNAGAR RURAL,2026-06-01,2026,6,2,0,5,5.0,False,8616.0,230.0,1723.2,0
RAJENDRA_NAGAR_SHADNAGAR_RURAL,initial greater-Hyderabad study area,TGSPDCL,RAJENDRA NAGAR,SHADNAGAR,SHADNAGAR,SHADNAGAR RURAL,2026-07-01,2026,7,2,0,5,5.0,False,8589.0,230.0,1717.8,0
RAJENDRA_NAGAR_SHADNAGAR_RURAL,initial greater-Hyderabad study area,TGSPDCL,RAJENDRA NAGAR,SHADNAGAR,SHADNAGAR,SHADNAGAR RURAL,2026-08-01,2026,8,2,0,6,6.0,False,2724.0,350.0,454.0,0
RAJENDRA_NAGAR_SHAMSHABAD,initial greater-Hyderabad study area,TGSPDCL,RAJENDRA NAGAR,RAJENDRA NAGAR,SHAMSHABAD,SHAMSHABAD,2023-11-01,2023,11,1,1,1,,True,0.0,8.0,0.0,0
RAJENDRA_NAGAR_SHAMSHABAD,initial greater-Hyderabad study area,TGSPDCL,RAJENDRA NAGAR,RAJENDRA NAGAR,SHAMSHABAD,SHAMSHABAD,2023-12-01,2023,12,1,1,1,1.0,False,0.0,8.0,0.0,0
RAJENDRA_NAGAR_SHAMSHABAD,initial greater-Hyderabad study area,TGSPDCL,RAJENDRA NAGAR,RAJENDRA NAGAR,SHAMSHABAD,SHAMSHABAD,2024-01-01,2024,1,1,1,1,1.0,False,0.0,8.0,0.0,0
RAJENDRA_NAGAR_SHAMSHABAD,initial greater-Hyderabad study area,TGSPDCL,RAJENDRA NAGAR,RAJENDRA NAGAR,SHAMSHABAD,SHAMSHABAD,2024-02-01,2024,2,1,1,1,1.0,False,0.0,8.0,0.0,0
RAJENDRA_NAGAR_SHAMSHABAD,initial greater-Hyderabad study area,TGSPDCL,RAJENDRA NAGAR,RAJENDRA NAGAR,SHAMSHABAD,SHAMSHABAD,2024-03-01,2024,3,1,0,1,1.0,False,1.0,8.0,1.0,0
RAJENDRA_NAGAR_SHAMSHABAD,initial greater-Hyderabad study area,TGSPDCL,RAJENDRA NAGAR,RAJENDRA NAGAR,SHAMSHABAD,SHAMSHABAD,2024-04-01,2024,4,1,0,1,1.0,False,600.0,8.0,600.0,0
RAJENDRA_NAGAR_SHAMSHABAD,initial greater-Hyderabad study area,TGSPDCL,RAJENDRA NAGAR,RAJENDRA NAGAR,SHAMSHABAD,SHAMSHABAD,2024-06-01,2024,6,1,0,1,1.0,False,2156.0,49.0,2156.0,0
RAJENDRA_NAGAR_SHAMSHABAD,initial greater-Hyderabad study area,TGSPDCL,RAJENDRA NAGAR,RAJENDRA NAGAR,SHAMSHABAD,SHAMSHABAD,2024-07-01,2024,7,1,0,1,1.0,False,501.0,49.0,501.0,0
RAJENDRA_NAGAR_SHAMSHABAD,initial greater-Hyderabad study area,TGSPDCL,RAJENDRA NAGAR,RAJENDRA NAGAR,SHAMSHABAD,SHAMSHABAD,2024-08-01,2024,8,1,0,1,1.0,False,519.0,49.0,519.0,0
RAJENDRA_NAGAR_SHAMSHABAD,initial greater-Hyderabad study area,TGSPDCL,RAJENDRA NAGAR,RAJENDRA NAGAR,SHAMSHABAD,SHAMSHABAD,2024-09-01,2024,9,1,0,1,1.0,False,882.0,49.0,882.0,0
RAJENDRA_NAGAR_SHAMSHABAD,initial greater-Hyderabad study area,TGSPDCL,RAJENDRA NAGAR,RAJENDRA NAGAR,SHAMSHABAD,SHAMSHABAD,2024-10-01,2024,10,1,0,1,1.0,False,1994.0,49.0,1994.0,0
RAJENDRA_NAGAR_SHAMSHABAD,initial greater-Hyderabad study area,TGSPDCL,RAJENDRA NAGAR,RAJENDRA NAGAR,SHAMSHABAD,SHAMSHABAD,2024-11-01,2024,11,1,0,1,1.0,False,3462.0,49.0,3462.0,0
RAJENDRA_NAGAR_SHAMSHABAD,initial greater-Hyderabad study area,TGSPDCL,RAJENDRA NAGAR,RAJENDRA NAGAR,SHAMSHABAD,SHAMSHABAD,2024-12-01,2024,12,1,0,1,1.0,False,1673.0,49.0,1673.0,0
RAJENDRA_NAGAR_SHAMSHABAD,initial greater-Hyderabad study area,TGSPDCL,RAJENDRA NAGAR,RAJENDRA NAGAR,SHAMSHABAD,SHAMSHABAD,2025-01-01,2025,1,1,0,1,1.0,False,692.0,49.0,692.0,0
RAJENDRA_NAGAR_SHAMSHABAD,initial greater-Hyderabad study area,TGSPDCL,RAJENDRA NAGAR,RAJENDRA NAGAR,SHAMSHABAD,SHAMSHABAD,2025-02-01,2025,2,1,0,1,1.0,False,182.0,49.0,182.0,0
RAJENDRA_NAGAR_SHAMSHABAD,initial greater-Hyderabad study area,TGSPDCL,RAJENDRA NAGAR,RAJENDRA NAGAR,SHAMSHABAD,SHAMSHABAD,2025-03-01,2025,3,1,0,1,1.0,False,1333.0,49.0,1333.0,0
RAJENDRA_NAGAR_SHAMSHABAD,initial greater-Hyderabad study area,TGSPDCL,RAJENDRA NAGAR,RAJENDRA NAGAR,SHAMSHABAD,SHAMSHABAD,2025-04-01,2025,4,2,1,4,4.0,False,731.0,211.0,182.75,0
RAJENDRA_NAGAR_SHAMSHABAD,initial greater-Hyderabad study area,TGSPDCL,RAJENDRA NAGAR,RAJENDRA NAGAR,SHAMSHABAD,SHAMSHABAD,2025-05-01,2025,5,2,0,4,4.0,False,9978.0,211.0,2494.5,0
RAJENDRA_NAGAR_SHAMSHABAD,initial greater-Hyderabad study area,TGSPDCL,RAJENDRA NAGAR,RAJENDRA NAGAR,SHAMSHABAD,SHAMSHABAD,2025-06-01,2025,6,2,0,4,4.0,False,13760.0,211.0,3440.0,0
RAJENDRA_NAGAR_SHAMSHABAD,initial greater-Hyderabad study area,TGSPDCL,RAJENDRA NAGAR,RAJENDRA NAGAR,SHAMSHABAD,SHAMSHABAD,2025-07-01,2025,7,2,0,4,4.0,False,16257.0,211.0,4064.25,0
RAJENDRA_NAGAR_SHAMSHABAD,initial greater-Hyderabad study area,TGSPDCL,RAJENDRA NAGAR,RAJENDRA NAGAR,SHAMSHABAD,SHAMSHABAD,2025-08-01,2025,8,2,0,4,4.0,False,26887.0,211.0,6721.75,0
RAJENDRA_NAGAR_SHAMSHABAD,initial greater-Hyderabad study area,TGSPDCL,RAJENDRA NAGAR,RAJENDRA NAGAR,SHAMSHABAD,SHAMSHABAD,2025-09-01,2025,9,2,0,4,4.0,False,13740.0,211.0,3435.0,0
RAJENDRA_NAGAR_SHAMSHABAD,initial greater-Hyderabad study area,TGSPDCL,RAJENDRA NAGAR,RAJENDRA NAGAR,SHAMSHABAD,SHAMSHABAD,2025-10-01,2025,10,2,0,4,4.0,False,17631.0,211.0,4407.75,0
RAJENDRA_NAGAR_SHAMSHABAD,initial greater-Hyderabad study area,TGSPDCL,RAJENDRA NAGAR,RAJENDRA NAGAR,SHAMSHABAD,SHAMSHABAD,2025-11-01,2025,11,2,0,4,4.0,False,14035.0,211.0,3508.75,0
RAJENDRA_NAGAR_SHAMSHABAD,initial greater-Hyderabad study area,TGSPDCL,RAJENDRA NAGAR,RAJENDRA NAGAR,SHAMSHABAD,SHAMSHABAD,2025-12-01,2025,12,2,0,4,4.0,False,12911.0,211.0,3227.75,0
RAJENDRA_NAGAR_SHAMSHABAD,initial greater-Hyderabad study area,TGSPDCL,RAJENDRA NAGAR,RAJENDRA NAGAR,SHAMSHABAD,SHAMSHABAD,2026-01-01,2026,1,2,0,4,4.0,False,18110.0,211.0,4527.5,0
RAJENDRA_NAGAR_SHAMSHABAD,initial greater-Hyderabad study area,TGSPDCL,RAJENDRA NAGAR,RAJENDRA NAGAR,SHAMSHABAD,SHAMSHABAD,2026-02-01,2026,2,2,0,4,4.0,False,13627.0,211.0,3406.75,0
RAJENDRA_NAGAR_SHAMSHABAD,initial greater-Hyderabad study area,TGSPDCL,RAJENDRA NAGAR,RAJENDRA NAGAR,SHAMSHABAD,SHAMSHABAD,2026-03-01,2026,3,2,0,4,4.0,False,14060.0,211.0,3515.0,0
RAJENDRA_NAGAR_SHAMSHABAD,initial greater-Hyderabad study area,TGSPDCL,RAJENDRA NAGAR,RAJENDRA NAGAR,SHAMSHABAD,SHAMSHABAD,2026-04-01,2026,4,2,0,4,4.0,False,7700.0,211.0,1925.0,0
RAJENDRA_NAGAR_SHAMSHABAD,initial greater-Hyderabad study area,TGSPDCL,RAJENDRA NAGAR,RAJENDRA NAGAR,SHAMSHABAD,SHAMSHABAD,2026-05-01,2026,5,2,0,4,4.0,False,9545.0,211.0,2386.25,0
RAJENDRA_NAGAR_SHAMSHABAD,initial greater-Hyderabad study area,TGSPDCL,RAJENDRA NAGAR,RAJENDRA NAGAR,SHAMSHABAD,SHAMSHABAD,2026-06-01,2026,6,2,0,4,4.0,False,17838.0,211.0,4459.5,0
RAJENDRA_NAGAR_SHAMSHABAD,initial greater-Hyderabad study area,TGSPDCL,RAJENDRA NAGAR,RAJENDRA NAGAR,SHAMSHABAD,SHAMSHABAD,2026-07-01,2026,7,2,0,4,4.0,False,18403.0,211.0,4600.75,0
RAJENDRA_NAGAR_SHAMSHABAD,initial greater-Hyderabad study area,TGSPDCL,RAJENDRA NAGAR,RAJENDRA NAGAR,SHAMSHABAD,SHAMSHABAD,2026-08-01,2026,8,2,0,5,4.0,False,13466.0,265.0,2693.2,0
RAJENDRA_NAGAR_SHAPOOR,initial greater-Hyderabad study area,TGSPDCL,RAJENDRA NAGAR,RAJENDRA NAGAR,SHAMSHABAD,SHAPOOR,2025-04-01,2025,4,2,1,2,2.0,False,21.0,108.0,10.5,0
RAJENDRA_NAGAR_SHAPOOR,initial greater-Hyderabad study area,TGSPDCL,RAJENDRA NAGAR,RAJENDRA NAGAR,SHAMSHABAD,SHAPOOR,2025-05-01,2025,5,2,1,2,2.0,False,2316.0,108.0,1158.0,0
RAJENDRA_NAGAR_SHAPOOR,initial greater-Hyderabad study area,TGSPDCL,RAJENDRA NAGAR,RAJENDRA NAGAR,SHAMSHABAD,SHAPOOR,2025-06-01,2025,6,2,1,2,2.0,False,4306.0,108.0,2153.0,0
RAJENDRA_NAGAR_SHAPOOR,initial greater-Hyderabad study area,TGSPDCL,RAJENDRA NAGAR,RAJENDRA NAGAR,SHAMSHABAD,SHAPOOR,2025-07-01,2025,7,2,1,2,2.0,False,2744.0,108.0,1372.0,0
RAJENDRA_NAGAR_SHAPOOR,initial greater-Hyderabad study area,TGSPDCL,RAJENDRA NAGAR,RAJENDRA NAGAR,SHAMSHABAD,SHAPOOR,2025-08-01,2025,8,2,1,2,2.0,False,3896.0,108.0,1948.0,0
RAJENDRA_NAGAR_SHAPOOR,initial greater-Hyderabad study area,TGSPDCL,RAJENDRA NAGAR,RAJENDRA NAGAR,SHAMSHABAD,SHAPOOR,2025-09-01,2025,9,2,1,2,2.0,False,3950.0,108.0,1975.0,0
RAJENDRA_NAGAR_SHAPOOR,initial greater-Hyderabad study area,TGSPDCL,RAJENDRA NAGAR,RAJENDRA NAGAR,SHAMSHABAD,SHAPOOR,2025-10-01,2025,10,2,1,2,2.0,False,4255.0,108.0,2127.5,0
RAJENDRA_NAGAR_SHAPOOR,initial greater-Hyderabad study area,TGSPDCL,RAJENDRA NAGAR,RAJENDRA NAGAR,SHAMSHABAD,SHAPOOR,2025-11-01,2025,11,2,1,2,2.0,False,3397.0,108.0,1698.5,0
RAJENDRA_NAGAR_SHAPOOR,initial greater-Hyderabad study area,TGSPDCL,RAJENDRA NAGAR,RAJENDRA NAGAR,SHAMSHABAD,SHAPOOR,2025-12-01,2025,12,2,1,2,2.0,False,3388.0,108.0,1694.0,0
RAJENDRA_NAGAR_SHAPOOR,initial greater-Hyderabad study area,TGSPDCL,RAJENDRA NAGAR,RAJENDRA NAGAR,SHAMSHABAD,SHAPOOR,2026-01-01,2026,1,2,1,2,2.0,False,2986.0,108.0,1493.0,0
RAJENDRA_NAGAR_SHAPOOR,initial greater-Hyderabad study area,TGSPDCL,RAJENDRA NAGAR,RAJENDRA NAGAR,SHAMSHABAD,SHAPOOR,2026-02-01,2026,2,2,1,2,2.0,False,3794.0,108.0,1897.0,0
RAJENDRA_NAGAR_SHAPOOR,initial greater-Hyderabad study area,TGSPDCL,RAJENDRA NAGAR,RAJENDRA NAGAR,SHAMSHABAD,SHAPOOR,2026-03-01,2026,3,2,1,2,2.0,False,3808.0,108.0,1904.0,0
RAJENDRA_NAGAR_SHAPOOR,initial greater-Hyderabad study area,TGSPDCL,RAJENDRA NAGAR,RAJENDRA NAGAR,SHAMSHABAD,SHAPOOR,2026-04-01,2026,4,2,1,2,2.0,False,7035.0,108.0,3517.5,0
RAJENDRA_NAGAR_SHAPOOR,initial greater-Hyderabad study area,TGSPDCL,RAJENDRA NAGAR,RAJENDRA NAGAR,SHAMSHABAD,SHAPOOR,2026-05-01,2026,5,2,1,2,2.0,False,8818.0,108.0,4409.0,0
RAJENDRA_NAGAR_SHAPOOR,initial greater-Hyderabad study area,TGSPDCL,RAJENDRA NAGAR,RAJENDRA NAGAR,SHAMSHABAD,SHAPOOR,2026-06-01,2026,6,2,1,2,2.0,False,7880.0,108.0,3940.0,0
RAJENDRA_NAGAR_SHAPOOR,initial greater-Hyderabad study area,TGSPDCL,RAJENDRA NAGAR,RAJENDRA NAGAR,SHAMSHABAD,SHAPOOR,2026-07-01,2026,7,2,1,2,2.0,False,9999.0,108.0,4999.5,0
RAJENDRA_NAGAR_SHAPOOR,initial greater-Hyderabad study area,TGSPDCL,RAJENDRA NAGAR,RAJENDRA NAGAR,SHAMSHABAD,SHAPOOR,2026-08-01,2026,8,2,1,2,2.0,False,7802.0,108.0,3901.0,0
RAJENDRA_NAGAR_SHASTRIPURAM,initial greater-Hyderabad study area,TGSPDCL,RAJENDRA NAGAR,RAJENDRA NAGAR,GAGANPAHAD,SHASTRIPURAM,2024-07-01,2024,7,1,0,1,1.0,False,1745.0,5.0,1745.0,0
RAJENDRA_NAGAR_SHASTRIPURAM,initial greater-Hyderabad study area,TGSPDCL,RAJENDRA NAGAR,RAJENDRA NAGAR,GAGANPAHAD,SHASTRIPURAM,2024-08-01,2024,8,1,0,1,1.0,False,2097.0,5.0,2097.0,0
RAJENDRA_NAGAR_SHASTRIPURAM,initial greater-Hyderabad study area,TGSPDCL,RAJENDRA NAGAR,RAJENDRA NAGAR,GAGANPAHAD,SHASTRIPURAM,2024-09-01,2024,9,1,0,1,1.0,False,2705.0,5.0,2705.0,0
RAJENDRA_NAGAR_SHASTRIPURAM,initial greater-Hyderabad study area,TGSPDCL,RAJENDRA NAGAR,RAJENDRA NAGAR,GAGANPAHAD,SHASTRIPURAM,2024-10-01,2024,10,1,0,1,1.0,False,2406.0,5.0,2406.0,0
RAJENDRA_NAGAR_SHASTRIPURAM,initial greater-Hyderabad study area,TGSPDCL,RAJENDRA NAGAR,RAJENDRA NAGAR,GAGANPAHAD,SHASTRIPURAM,2024-11-01,2024,11,1,0,1,1.0,False,1229.0,5.0,1229.0,0
RAJENDRA_NAGAR_SHASTRIPURAM,initial greater-Hyderabad study area,TGSPDCL,RAJENDRA NAGAR,RAJENDRA NAGAR,GAGANPAHAD,SHASTRIPURAM,2024-12-01,2024,12,1,1,1,1.0,False,0.0,5.0,0.0,0
RAJENDRA_NAGAR_SHASTRIPURAM,initial greater-Hyderabad study area,TGSPDCL,RAJENDRA NAGAR,RAJENDRA NAGAR,GAGANPAHAD,SHASTRIPURAM,2025-01-01,2025,1,1,1,1,1.0,False,0.0,5.0,0.0,0
RAJENDRA_NAGAR_SHASTRIPURAM,initial greater-Hyderabad study area,TGSPDCL,RAJENDRA NAGAR,RAJENDRA NAGAR,GAGANPAHAD,SHASTRIPURAM,2025-02-01,2025,2,1,1,1,1.0,False,0.0,5.0,0.0,0
RAJENDRA_NAGAR_SHASTRIPURAM,initial greater-Hyderabad study area,TGSPDCL,RAJENDRA NAGAR,RAJENDRA NAGAR,GAGANPAHAD,SHASTRIPURAM,2025-03-01,2025,3,1,1,1,1.0,False,0.0,5.0,0.0,0
RAJENDRA_NAGAR_SHASTRIPURAM,initial greater-Hyderabad study area,TGSPDCL,RAJENDRA NAGAR,RAJENDRA NAGAR,GAGANPAHAD,SHASTRIPURAM,2025-04-01,2025,4,1,1,1,1.0,False,0.0,5.0,0.0,0
RAJENDRA_NAGAR_SHASTRIPURAM,initial greater-Hyderabad study area,TGSPDCL,RAJENDRA NAGAR,RAJENDRA NAGAR,GAGANPAHAD,SHASTRIPURAM,2025-05-01,2025,5,1,1,1,1.0,False,0.0,5.0,0.0,0
RAJENDRA_NAGAR_SHASTRIPURAM,initial greater-Hyderabad study area,TGSPDCL,RAJENDRA NAGAR,RAJENDRA NAGAR,GAGANPAHAD,SHASTRIPURAM,2025-06-01,2025,6,2,2,2,1.0,True,0.0,59.0,0.0,0
RAJENDRA_NAGAR_SHASTRIPURAM,initial greater-Hyderabad study area,TGSPDCL,RAJENDRA NAGAR,RAJENDRA NAGAR,GAGANPAHAD,SHASTRIPURAM,2025-07-01,2025,7,2,2,2,2.0,False,0.0,59.0,0.0,0
RAJENDRA_NAGAR_SHASTRIPURAM,initial greater-Hyderabad study area,TGSPDCL,RAJENDRA NAGAR,RAJENDRA NAGAR,GAGANPAHAD,SHASTRIPURAM,2025-08-01,2025,8,2,2,2,2.0,False,0.0,59.0,0.0,0
RAJENDRA_NAGAR_SHASTRIPURAM,initial greater-Hyderabad study area,TGSPDCL,RAJENDRA NAGAR,RAJENDRA NAGAR,GAGANPAHAD,SHASTRIPURAM,2025-09-01,2025,9,2,2,2,2.0,False,0.0,59.0,0.0,0
RAJENDRA_NAGAR_SHASTRIPURAM,initial greater-Hyderabad study area,TGSPDCL,RAJENDRA NAGAR,RAJENDRA NAGAR,GAGANPAHAD,SHASTRIPURAM,2025-10-01,2025,10,2,1,2,2.0,False,8.0,59.0,4.0,0
RAJENDRA_NAGAR_SHASTRIPURAM,initial greater-Hyderabad study area,TGSPDCL,RAJENDRA NAGAR,RAJENDRA NAGAR,GAGANPAHAD,SHASTRIPURAM,2025-11-01,2025,11,2,2,2,2.0,False,0.0,59.0,0.0,0
RAJENDRA_NAGAR_SHASTRIPURAM,initial greater-Hyderabad study area,TGSPDCL,RAJENDRA NAGAR,RAJENDRA NAGAR,GAGANPAHAD,SHASTRIPURAM,2025-12-01,2025,12,2,2,2,2.0,False,0.0,59.0,0.0,0
RAJENDRA_NAGAR_SHASTRIPURAM,initial greater-Hyderabad study area,TGSPDCL,RAJENDRA NAGAR,RAJENDRA NAGAR,GAGANPAHAD,SHASTRIPURAM,2026-01-01,2026,1,2,2,2,2.0,False,0.0,59.0,0.0,0
RAJENDRA_NAGAR_SHASTRIPURAM,initial greater-Hyderabad study area,TGSPDCL,RAJENDRA NAGAR,RAJENDRA NAGAR,GAGANPAHAD,SHASTRIPURAM,2026-02-01,2026,2,2,2,2,2.0,False,0.0,59.0,0.0,0
RAJENDRA_NAGAR_SHASTRIPURAM,initial greater-Hyderabad study area,TGSPDCL,RAJENDRA NAGAR,RAJENDRA NAGAR,GAGANPAHAD,SHASTRIPURAM,2026-03-01,2026,3,2,2,2,2.0,False,0.0,59.0,0.0,0
RAJENDRA_NAGAR_SHASTRIPURAM,initial greater-Hyderabad study area,TGSPDCL,RAJENDRA NAGAR,RAJENDRA NAGAR,GAGANPAHAD,SHASTRIPURAM,2026-04-01,2026,4,2,1,2,2.0,False,113.0,59.0,56.5,0
RAJENDRA_NAGAR_SHASTRIPURAM,initial greater-Hyderabad study area,TGSPDCL,RAJENDRA NAGAR,RAJENDRA NAGAR,GAGANPAHAD,SHASTRIPURAM,2026-05-01,2026,5,2,2,2,2.0,False,0.0,59.0,0.0,0
RAJENDRA_NAGAR_SHASTRIPURAM,initial greater-Hyderabad study area,TGSPDCL,RAJENDRA NAGAR,RAJENDRA NAGAR,GAGANPAHAD,SHASTRIPURAM,2026-06-01,2026,6,2,2,2,2.0,False,0.0,59.0,0.0,0
RAJENDRA_NAGAR_SHASTRIPURAM,initial greater-Hyderabad study area,TGSPDCL,RAJENDRA NAGAR,RAJENDRA NAGAR,GAGANPAHAD,SHASTRIPURAM,2026-07-01,2026,7,2,1,2,2.0,False,21.0,59.0,10.5,0
RAJENDRA_NAGAR_SHASTRIPURAM,initial greater-Hyderabad study area,TGSPDCL,RAJENDRA NAGAR,RAJENDRA NAGAR,GAGANPAHAD,SHASTRIPURAM,2026-08-01,2026,8,2,0,2,2.0,False,52.0,59.0,26.0,0
RAJENDRA_NAGAR_SHIVARAM_PALLY,initial greater-Hyderabad study area,TGSPDCL,RAJENDRA NAGAR,RAJENDRA NAGAR,RAJENDRANAGAR,SHIVARAM PALLY,2025-05-01,2025,5,1,1,1,,True,0.0,54.0,0.0,0
RAJENDRA_NAGAR_SHIVARAM_PALLY,initial greater-Hyderabad study area,TGSPDCL,RAJENDRA NAGAR,RAJENDRA NAGAR,RAJENDRANAGAR,SHIVARAM PALLY,2025-06-01,2025,6,1,0,1,1.0,False,262.0,54.0,262.0,0
RAJENDRA_NAGAR_SHIVARAM_PALLY,initial greater-Hyderabad study area,TGSPDCL,RAJENDRA NAGAR,RAJENDRA NAGAR,RAJENDRANAGAR,SHIVARAM PALLY,2025-07-01,2025,7,1,0,1,1.0,False,1066.0,54.0,1066.0,0
RAJENDRA_NAGAR_SHIVARAM_PALLY,initial greater-Hyderabad study area,TGSPDCL,RAJENDRA NAGAR,RAJENDRA NAGAR,RAJENDRANAGAR,SHIVARAM PALLY,2025-08-01,2025,8,2,1,2,1.0,True,2157.0,108.0,1078.5,0
RAJENDRA_NAGAR_SHIVARAM_PALLY,initial greater-Hyderabad study area,TGSPDCL,RAJENDRA NAGAR,RAJENDRA NAGAR,RAJENDRANAGAR,SHIVARAM PALLY,2025-09-01,2025,9,2,0,2,2.0,False,1512.0,108.0,756.0,0
RAJENDRA_NAGAR_SHIVARAM_PALLY,initial greater-Hyderabad study area,TGSPDCL,RAJENDRA NAGAR,RAJENDRA NAGAR,RAJENDRANAGAR,SHIVARAM PALLY,2025-10-01,2025,10,2,0,2,2.0,False,3773.0,108.0,1886.5,0
RAJENDRA_NAGAR_SHIVARAM_PALLY,initial greater-Hyderabad study area,TGSPDCL,RAJENDRA NAGAR,RAJENDRA NAGAR,RAJENDRANAGAR,SHIVARAM PALLY,2025-11-01,2025,11,2,1,2,2.0,False,2078.0,108.0,1039.0,0
RAJENDRA_NAGAR_SHIVARAM_PALLY,initial greater-Hyderabad study area,TGSPDCL,RAJENDRA NAGAR,RAJENDRA NAGAR,RAJENDRANAGAR,SHIVARAM PALLY,2025-12-01,2025,12,2,1,2,2.0,False,2940.0,108.0,1470.0,0
RAJENDRA_NAGAR_SHIVARAM_PALLY,initial greater-Hyderabad study area,TGSPDCL,RAJENDRA NAGAR,RAJENDRA NAGAR,RAJENDRANAGAR,SHIVARAM PALLY,2026-01-01,2026,1,2,1,2,2.0,False,3521.0,108.0,1760.5,0
RAJENDRA_NAGAR_SHIVARAM_PALLY,initial greater-Hyderabad study area,TGSPDCL,RAJENDRA NAGAR,RAJENDRA NAGAR,RAJENDRANAGAR,SHIVARAM PALLY,2026-02-01,2026,2,2,0,2,2.0,False,5768.0,108.0,2884.0,0
RAJENDRA_NAGAR_SHIVARAM_PALLY,initial greater-Hyderabad study area,TGSPDCL,RAJENDRA NAGAR,RAJENDRA NAGAR,RAJENDRANAGAR,SHIVARAM PALLY,2026-03-01,2026,3,2,0,2,2.0,False,6952.0,108.0,3476.0,0
RAJENDRA_NAGAR_SHIVARAM_PALLY,initial greater-Hyderabad study area,TGSPDCL,RAJENDRA NAGAR,RAJENDRA NAGAR,RAJENDRANAGAR,SHIVARAM PALLY,2026-04-01,2026,4,2,0,2,2.0,False,7048.0,108.0,3524.0,0
RAJENDRA_NAGAR_SHIVARAM_PALLY,initial greater-Hyderabad study area,TGSPDCL,RAJENDRA NAGAR,RAJENDRA NAGAR,RAJENDRANAGAR,SHIVARAM PALLY,2026-05-01,2026,5,2,0,2,2.0,False,15254.0,108.0,7627.0,0
RAJENDRA_NAGAR_SHIVARAM_PALLY,initial greater-Hyderabad study area,TGSPDCL,RAJENDRA NAGAR,RAJENDRA NAGAR,RAJENDRANAGAR,SHIVARAM PALLY,2026-06-01,2026,6,2,0,2,2.0,False,14333.0,108.0,7166.5,0
RAJENDRA_NAGAR_SHIVARAM_PALLY,initial greater-Hyderabad study area,TGSPDCL,RAJENDRA NAGAR,RAJENDRA NAGAR,RAJENDRANAGAR,SHIVARAM PALLY,2026-07-01,2026,7,2,0,2,2.0,False,13150.0,108.0,6575.0,0
RAJENDRA_NAGAR_SHIVARAM_PALLY,initial greater-Hyderabad study area,TGSPDCL,RAJENDRA NAGAR,RAJENDRA NAGAR,RAJENDRANAGAR,SHIVARAM PALLY,2026-08-01,2026,8,2,0,2,2.0,False,18079.0,108.0,9039.5,0
SAROORNAGAR_ABDULLAPURMET,initial greater-Hyderabad study area,TGSPDCL,SAROORNAGAR,IBRAHIMPATNAM,TURKAYAMJAL,ABDULLAPURMET,2023-08-01,2023,8,1,1,1,,True,0.0,54.0,0.0,0
SAROORNAGAR_ABDULLAPURMET,initial greater-Hyderabad study area,TGSPDCL,SAROORNAGAR,IBRAHIMPATNAM,TURKAYAMJAL,ABDULLAPURMET,2023-09-01,2023,9,1,0,1,1.0,False,594.0,54.0,594.0,0
SAROORNAGAR_ABDULLAPURMET,initial greater-Hyderabad study area,TGSPDCL,SAROORNAGAR,IBRAHIMPATNAM,TURKAYAMJAL,ABDULLAPURMET,2023-10-01,2023,10,1,0,1,1.0,False,818.0,54.0,818.0,0
SAROORNAGAR_ABDULLAPURMET,initial greater-Hyderabad study area,TGSPDCL,SAROORNAGAR,IBRAHIMPATNAM,TURKAYAMJAL,ABDULLAPURMET,2023-11-01,2023,11,1,0,1,1.0,False,650.0,54.0,650.0,0
SAROORNAGAR_ABDULLAPURMET,initial greater-Hyderabad study area,TGSPDCL,SAROORNAGAR,IBRAHIMPATNAM,TURKAYAMJAL,ABDULLAPURMET,2023-12-01,2023,12,2,1,2,1.0,True,1127.0,84.0,563.5,0
SAROORNAGAR_ABDULLAPURMET,initial greater-Hyderabad study area,TGSPDCL,SAROORNAGAR,IBRAHIMPATNAM,TURKAYAMJAL,ABDULLAPURMET,2024-01-01,2024,1,2,0,2,2.0,False,1219.0,84.0,609.5,0
SAROORNAGAR_ABDULLAPURMET,initial greater-Hyderabad study area,TGSPDCL,SAROORNAGAR,IBRAHIMPATNAM,TURKAYAMJAL,ABDULLAPURMET,2024-02-01,2024,2,2,0,2,2.0,False,950.0,84.0,475.0,0
SAROORNAGAR_ABDULLAPURMET,initial greater-Hyderabad study area,TGSPDCL,SAROORNAGAR,IBRAHIMPATNAM,TURKAYAMJAL,ABDULLAPURMET,2024-03-01,2024,3,2,0,2,2.0,False,692.0,84.0,346.0,0
SAROORNAGAR_ABDULLAPURMET,initial greater-Hyderabad study area,TGSPDCL,SAROORNAGAR,IBRAHIMPATNAM,TURKAYAMJAL,ABDULLAPURMET,2024-04-01,2024,4,2,1,2,2.0,False,1060.0,84.0,530.0,0
SAROORNAGAR_ABDULLAPURMET,initial greater-Hyderabad study area,TGSPDCL,SAROORNAGAR,IBRAHIMPATNAM,TURKAYAMJAL,ABDULLAPURMET,2024-05-01,2024,5,2,1,2,2.0,False,913.0,84.0,456.5,0
SAROORNAGAR_ABDULLAPURMET,initial greater-Hyderabad study area,TGSPDCL,SAROORNAGAR,IBRAHIMPATNAM,TURKAYAMJAL,ABDULLAPURMET,2024-06-01,2024,6,2,2,2,2.0,False,0.0,84.0,0.0,0
SAROORNAGAR_ABDULLAPURMET,initial greater-Hyderabad study area,TGSPDCL,SAROORNAGAR,IBRAHIMPATNAM,TURKAYAMJAL,ABDULLAPURMET,2024-07-01,2024,7,2,2,2,2.0,False,0.0,84.0,0.0,0
SAROORNAGAR_ABDULLAPURMET,initial greater-Hyderabad study area,TGSPDCL,SAROORNAGAR,IBRAHIMPATNAM,TURKAYAMJAL,ABDULLAPURMET,2024-08-01,2024,8,2,2,2,2.0,False,0.0,84.0,0.0,0
SAROORNAGAR_ABDULLAPURMET,initial greater-Hyderabad study area,TGSPDCL,SAROORNAGAR,IBRAHIMPATNAM,TURKAYAMJAL,ABDULLAPURMET,2024-09-01,2024,9,3,3,3,2.0,True,0.0,138.0,0.0,0
SAROORNAGAR_ABDULLAPURMET,initial greater-Hyderabad study area,TGSPDCL,SAROORNAGAR,IBRAHIMPATNAM,TURKAYAMJAL,ABDULLAPURMET,2024-10-01,2024,10,3,2,3,3.0,False,3455.0,138.0,1151.67,0
SAROORNAGAR_ABDULLAPURMET,initial greater-Hyderabad study area,TGSPDCL,SAROORNAGAR,IBRAHIMPATNAM,TURKAYAMJAL,ABDULLAPURMET,2024-11-01,2024,11,3,2,3,3.0,False,1730.0,138.0,576.67,0
SAROORNAGAR_ABDULLAPURMET,initial greater-Hyderabad study area,TGSPDCL,SAROORNAGAR,IBRAHIMPATNAM,TURKAYAMJAL,ABDULLAPURMET,2024-12-01,2024,12,3,0,3,3.0,False,1399.0,138.0,466.33,0
SAROORNAGAR_ABDULLAPURMET,initial greater-Hyderabad study area,TGSPDCL,SAROORNAGAR,IBRAHIMPATNAM,TURKAYAMJAL,ABDULLAPURMET,2025-01-01,2025,1,5,3,5,3.0,True,2479.0,246.0,495.8,0
SAROORNAGAR_ABDULLAPURMET,initial greater-Hyderabad study area,TGSPDCL,SAROORNAGAR,IBRAHIMPATNAM,TURKAYAMJAL,ABDULLAPURMET,2025-02-01,2025,2,5,1,5,5.0,False,2805.0,246.0,561.0,0
SAROORNAGAR_ABDULLAPURMET,initial greater-Hyderabad study area,TGSPDCL,SAROORNAGAR,IBRAHIMPATNAM,TURKAYAMJAL,ABDULLAPURMET,2025-03-01,2025,3,5,3,5,5.0,False,2422.0,246.0,484.4,0
SAROORNAGAR_ABDULLAPURMET,initial greater-Hyderabad study area,TGSPDCL,SAROORNAGAR,IBRAHIMPATNAM,TURKAYAMJAL,ABDULLAPURMET,2025-04-01,2025,4,5,3,5,5.0,False,2656.0,246.0,531.2,0
SAROORNAGAR_ABDULLAPURMET,initial greater-Hyderabad study area,TGSPDCL,SAROORNAGAR,IBRAHIMPATNAM,TURKAYAMJAL,ABDULLAPURMET,2025-05-01,2025,5,6,4,7,5.0,True,3934.0,354.0,562.0,0
SAROORNAGAR_ABDULLAPURMET,initial greater-Hyderabad study area,TGSPDCL,SAROORNAGAR,IBRAHIMPATNAM,TURKAYAMJAL,ABDULLAPURMET,2025-06-01,2025,6,6,4,7,7.0,False,5395.0,354.0,770.71,0
SAROORNAGAR_ABDULLAPURMET,initial greater-Hyderabad study area,TGSPDCL,SAROORNAGAR,IBRAHIMPATNAM,TURKAYAMJAL,ABDULLAPURMET,2025-07-01,2025,7,6,4,7,7.0,False,4161.0,354.0,594.43,0
SAROORNAGAR_ABDULLAPURMET,initial greater-Hyderabad study area,TGSPDCL,SAROORNAGAR,IBRAHIMPATNAM,TURKAYAMJAL,ABDULLAPURMET,2025-08-01,2025,8,6,4,7,7.0,False,3058.0,354.0,436.86,0
SAROORNAGAR_ABDULLAPURMET,initial greater-Hyderabad study area,TGSPDCL,SAROORNAGAR,IBRAHIMPATNAM,TURKAYAMJAL,ABDULLAPURMET,2025-09-01,2025,9,6,4,7,7.0,False,3933.0,354.0,561.86,0
SAROORNAGAR_ABDULLAPURMET,initial greater-Hyderabad study area,TGSPDCL,SAROORNAGAR,IBRAHIMPATNAM,TURKAYAMJAL,ABDULLAPURMET,2025-10-01,2025,10,6,3,7,7.0,False,5185.0,354.0,740.71,0
SAROORNAGAR_ABDULLAPURMET,initial greater-Hyderabad study area,TGSPDCL,SAROORNAGAR,IBRAHIMPATNAM,TURKAYAMJAL,ABDULLAPURMET,2025-11-01,2025,11,6,3,7,7.0,False,4227.0,354.0,603.86,0
SAROORNAGAR_ABDULLAPURMET,initial greater-Hyderabad study area,TGSPDCL,SAROORNAGAR,IBRAHIMPATNAM,TURKAYAMJAL,ABDULLAPURMET,2025-12-01,2025,12,6,3,7,7.0,False,4493.0,354.0,641.86,0
SAROORNAGAR_ABDULLAPURMET,initial greater-Hyderabad study area,TGSPDCL,SAROORNAGAR,IBRAHIMPATNAM,TURKAYAMJAL,ABDULLAPURMET,2026-01-01,2026,1,6,3,8,8.0,False,6302.0,408.0,787.75,0
SAROORNAGAR_ABDULLAPURMET,initial greater-Hyderabad study area,TGSPDCL,SAROORNAGAR,IBRAHIMPATNAM,TURKAYAMJAL,ABDULLAPURMET,2026-02-01,2026,2,6,3,8,8.0,False,4176.0,408.0,522.0,0
SAROORNAGAR_ABDULLAPURMET,initial greater-Hyderabad study area,TGSPDCL,SAROORNAGAR,IBRAHIMPATNAM,TURKAYAMJAL,ABDULLAPURMET,2026-03-01,2026,3,6,2,8,8.0,False,4223.0,408.0,527.88,0
SAROORNAGAR_ABDULLAPURMET,initial greater-Hyderabad study area,TGSPDCL,SAROORNAGAR,IBRAHIMPATNAM,TURKAYAMJAL,ABDULLAPURMET,2026-04-01,2026,4,6,2,8,8.0,False,4084.0,408.0,510.5,0
SAROORNAGAR_ABDULLAPURMET,initial greater-Hyderabad study area,TGSPDCL,SAROORNAGAR,IBRAHIMPATNAM,TURKAYAMJAL,ABDULLAPURMET,2026-05-01,2026,5,6,2,8,8.0,False,7892.0,408.0,986.5,0
SAROORNAGAR_ABDULLAPURMET,initial greater-Hyderabad study area,TGSPDCL,SAROORNAGAR,IBRAHIMPATNAM,TURKAYAMJAL,ABDULLAPURMET,2026-06-01,2026,6,6,2,8,8.0,False,8302.0,408.0,1037.75,0
SAROORNAGAR_ABDULLAPURMET,initial greater-Hyderabad study area,TGSPDCL,SAROORNAGAR,IBRAHIMPATNAM,TURKAYAMJAL,ABDULLAPURMET,2026-07-01,2026,7,6,2,8,8.0,False,9298.0,408.0,1162.25,0
SAROORNAGAR_ABDULLAPURMET,initial greater-Hyderabad study area,TGSPDCL,SAROORNAGAR,IBRAHIMPATNAM,TURKAYAMJAL,ABDULLAPURMET,2026-08-01,2026,8,6,0,8,8.0,False,8106.0,408.0,1013.25,0
SAROORNAGAR_ADIBATLA,initial greater-Hyderabad study area,TGSPDCL,SAROORNAGAR,IBRAHIMPATNAM,IBRAHIMPATNAM,ADIBATLA,2025-04-01,2025,4,2,2,2,,True,0.0,108.0,0.0,0
SAROORNAGAR_ADIBATLA,initial greater-Hyderabad study area,TGSPDCL,SAROORNAGAR,IBRAHIMPATNAM,IBRAHIMPATNAM,ADIBATLA,2025-05-01,2025,5,3,1,3,2.0,True,33.0,162.0,11.0,0
SAROORNAGAR_ADIBATLA,initial greater-Hyderabad study area,TGSPDCL,SAROORNAGAR,IBRAHIMPATNAM,IBRAHIMPATNAM,ADIBATLA,2025-06-01,2025,6,3,3,3,3.0,False,0.0,162.0,0.0,0
SAROORNAGAR_ADIBATLA,initial greater-Hyderabad study area,TGSPDCL,SAROORNAGAR,IBRAHIMPATNAM,IBRAHIMPATNAM,ADIBATLA,2025-07-01,2025,7,3,2,3,3.0,False,1.0,162.0,0.33,0
SAROORNAGAR_ADIBATLA,initial greater-Hyderabad study area,TGSPDCL,SAROORNAGAR,IBRAHIMPATNAM,IBRAHIMPATNAM,ADIBATLA,2025-08-01,2025,8,3,1,3,3.0,False,30.0,162.0,10.0,0
SAROORNAGAR_ADIBATLA,initial greater-Hyderabad study area,TGSPDCL,SAROORNAGAR,IBRAHIMPATNAM,IBRAHIMPATNAM,ADIBATLA,2025-09-01,2025,9,3,1,3,3.0,False,659.0,162.0,219.67,0
SAROORNAGAR_ADIBATLA,initial greater-Hyderabad study area,TGSPDCL,SAROORNAGAR,IBRAHIMPATNAM,IBRAHIMPATNAM,ADIBATLA,2025-10-01,2025,10,3,1,3,3.0,False,232.0,162.0,77.33,0
SAROORNAGAR_ADIBATLA,initial greater-Hyderabad study area,TGSPDCL,SAROORNAGAR,IBRAHIMPATNAM,IBRAHIMPATNAM,ADIBATLA,2025-11-01,2025,11,3,2,3,3.0,False,63.0,162.0,21.0,0
SAROORNAGAR_ADIBATLA,initial greater-Hyderabad study area,TGSPDCL,SAROORNAGAR,IBRAHIMPATNAM,IBRAHIMPATNAM,ADIBATLA,2025-12-01,2025,12,4,3,5,3.0,True,3.0,364.0,0.6,0
SAROORNAGAR_ADIBATLA,initial greater-Hyderabad study area,TGSPDCL,SAROORNAGAR,IBRAHIMPATNAM,IBRAHIMPATNAM,ADIBATLA,2026-01-01,2026,1,4,2,5,5.0,False,3945.0,364.0,789.0,0
SAROORNAGAR_ADIBATLA,initial greater-Hyderabad study area,TGSPDCL,SAROORNAGAR,IBRAHIMPATNAM,IBRAHIMPATNAM,ADIBATLA,2026-02-01,2026,2,4,2,5,5.0,False,6593.0,364.0,1318.6,0
SAROORNAGAR_ADIBATLA,initial greater-Hyderabad study area,TGSPDCL,SAROORNAGAR,IBRAHIMPATNAM,IBRAHIMPATNAM,ADIBATLA,2026-03-01,2026,3,4,1,5,5.0,False,9536.0,364.0,1907.2,0
SAROORNAGAR_ADIBATLA,initial greater-Hyderabad study area,TGSPDCL,SAROORNAGAR,IBRAHIMPATNAM,IBRAHIMPATNAM,ADIBATLA,2026-04-01,2026,4,4,1,5,5.0,False,12645.0,364.0,2529.0,0
SAROORNAGAR_ADIBATLA,initial greater-Hyderabad study area,TGSPDCL,SAROORNAGAR,IBRAHIMPATNAM,IBRAHIMPATNAM,ADIBATLA,2026-05-01,2026,5,4,1,5,5.0,False,17636.0,364.0,3527.2,0
SAROORNAGAR_ADIBATLA,initial greater-Hyderabad study area,TGSPDCL,SAROORNAGAR,IBRAHIMPATNAM,IBRAHIMPATNAM,ADIBATLA,2026-06-01,2026,6,4,0,5,5.0,False,19280.0,364.0,3856.0,0
SAROORNAGAR_ADIBATLA,initial greater-Hyderabad study area,TGSPDCL,SAROORNAGAR,IBRAHIMPATNAM,IBRAHIMPATNAM,ADIBATLA,2026-07-01,2026,7,4,1,5,5.0,False,17800.0,364.0,3560.0,0
SAROORNAGAR_ADIBATLA,initial greater-Hyderabad study area,TGSPDCL,SAROORNAGAR,IBRAHIMPATNAM,IBRAHIMPATNAM,ADIBATLA,2026-08-01,2026,8,4,0,8,7.0,False,16881.0,592.0,2110.12,0
SAROORNAGAR_AUTONAGAR,initial greater-Hyderabad study area,TGSPDCL,SAROORNAGAR,SAROORNAGAR,HAYATHNAGAR,AUTONAGAR,2023-01-01,2023,1,2,0,2,2.0,False,2966.0,15.0,1483.0,0
SAROORNAGAR_AUTONAGAR,initial greater-Hyderabad study area,TGSPDCL,SAROORNAGAR,SAROORNAGAR,HAYATHNAGAR,AUTONAGAR,2023-02-01,2023,2,1,0,1,1.0,False,2570.0,5.0,2570.0,0
SAROORNAGAR_AUTONAGAR,initial greater-Hyderabad study area,TGSPDCL,SAROORNAGAR,SAROORNAGAR,HAYATHNAGAR,AUTONAGAR,2023-03-01,2023,3,1,0,1,1.0,False,2697.0,21.0,2697.0,0
SAROORNAGAR_AUTONAGAR,initial greater-Hyderabad study area,TGSPDCL,SAROORNAGAR,SAROORNAGAR,HAYATHNAGAR,AUTONAGAR,2023-04-01,2023,4,1,0,1,1.0,False,2938.0,21.0,2938.0,0
SAROORNAGAR_AUTONAGAR,initial greater-Hyderabad study area,TGSPDCL,SAROORNAGAR,SAROORNAGAR,HAYATHNAGAR,AUTONAGAR,2023-05-01,2023,5,1,0,1,1.0,False,4512.0,21.0,4512.0,0
SAROORNAGAR_AUTONAGAR,initial greater-Hyderabad study area,TGSPDCL,SAROORNAGAR,SAROORNAGAR,HAYATHNAGAR,AUTONAGAR,2023-06-01,2023,6,1,0,1,1.0,False,2815.0,21.0,2815.0,0
SAROORNAGAR_AUTONAGAR,initial greater-Hyderabad study area,TGSPDCL,SAROORNAGAR,SAROORNAGAR,HAYATHNAGAR,AUTONAGAR,2023-07-01,2023,7,1,0,1,1.0,False,2276.0,21.0,2276.0,0
SAROORNAGAR_AUTONAGAR,initial greater-Hyderabad study area,TGSPDCL,SAROORNAGAR,SAROORNAGAR,HAYATHNAGAR,AUTONAGAR,2023-08-01,2023,8,2,0,2,2.0,False,3184.0,74.0,1592.0,0
SAROORNAGAR_AUTONAGAR,initial greater-Hyderabad study area,TGSPDCL,SAROORNAGAR,SAROORNAGAR,HAYATHNAGAR,AUTONAGAR,2023-09-01,2023,9,2,0,2,2.0,False,4067.0,74.0,2033.5,0
SAROORNAGAR_AUTONAGAR,initial greater-Hyderabad study area,TGSPDCL,SAROORNAGAR,SAROORNAGAR,HAYATHNAGAR,AUTONAGAR,2023-10-01,2023,10,2,0,2,2.0,False,4286.0,74.0,2143.0,0
SAROORNAGAR_AUTONAGAR,initial greater-Hyderabad study area,TGSPDCL,SAROORNAGAR,SAROORNAGAR,HAYATHNAGAR,AUTONAGAR,2023-11-01,2023,11,2,0,2,2.0,False,4724.0,74.0,2362.0,0
SAROORNAGAR_AUTONAGAR,initial greater-Hyderabad study area,TGSPDCL,SAROORNAGAR,SAROORNAGAR,HAYATHNAGAR,AUTONAGAR,2023-12-01,2023,12,2,0,2,2.0,False,3880.0,74.0,1940.0,0
SAROORNAGAR_AUTONAGAR,initial greater-Hyderabad study area,TGSPDCL,SAROORNAGAR,SAROORNAGAR,HAYATHNAGAR,AUTONAGAR,2024-01-01,2024,1,2,0,2,2.0,False,3984.0,74.0,1992.0,0
SAROORNAGAR_AUTONAGAR,initial greater-Hyderabad study area,TGSPDCL,SAROORNAGAR,SAROORNAGAR,HAYATHNAGAR,AUTONAGAR,2024-02-01,2024,2,2,0,2,2.0,False,3794.0,74.0,1897.0,0
SAROORNAGAR_AUTONAGAR,initial greater-Hyderabad study area,TGSPDCL,SAROORNAGAR,SAROORNAGAR,HAYATHNAGAR,AUTONAGAR,2024-03-01,2024,3,2,0,2,2.0,False,2553.0,86.0,1276.5,0
SAROORNAGAR_AUTONAGAR,initial greater-Hyderabad study area,TGSPDCL,SAROORNAGAR,SAROORNAGAR,HAYATHNAGAR,AUTONAGAR,2024-04-01,2024,4,2,0,2,2.0,False,3566.0,86.0,1783.0,0
SAROORNAGAR_AUTONAGAR,initial greater-Hyderabad study area,TGSPDCL,SAROORNAGAR,SAROORNAGAR,HAYATHNAGAR,AUTONAGAR,2024-05-01,2024,5,2,0,2,2.0,False,4143.0,86.0,2071.5,0
SAROORNAGAR_AUTONAGAR,initial greater-Hyderabad study area,TGSPDCL,SAROORNAGAR,SAROORNAGAR,HAYATHNAGAR,AUTONAGAR,2024-06-01,2024,6,2,0,2,2.0,False,4429.0,86.0,2214.5,0
SAROORNAGAR_AUTONAGAR,initial greater-Hyderabad study area,TGSPDCL,SAROORNAGAR,SAROORNAGAR,HAYATHNAGAR,AUTONAGAR,2024-07-01,2024,7,2,0,2,2.0,False,5241.0,86.0,2620.5,0
SAROORNAGAR_AUTONAGAR,initial greater-Hyderabad study area,TGSPDCL,SAROORNAGAR,SAROORNAGAR,HAYATHNAGAR,AUTONAGAR,2024-08-01,2024,8,2,0,2,2.0,False,5950.0,86.0,2975.0,0
SAROORNAGAR_AUTONAGAR,initial greater-Hyderabad study area,TGSPDCL,SAROORNAGAR,SAROORNAGAR,HAYATHNAGAR,AUTONAGAR,2024-09-01,2024,9,2,0,2,2.0,False,7401.0,86.0,3700.5,0
SAROORNAGAR_AUTONAGAR,initial greater-Hyderabad study area,TGSPDCL,SAROORNAGAR,SAROORNAGAR,HAYATHNAGAR,AUTONAGAR,2024-10-01,2024,10,2,0,2,2.0,False,6260.0,86.0,3130.0,0
SAROORNAGAR_AUTONAGAR,initial greater-Hyderabad study area,TGSPDCL,SAROORNAGAR,SAROORNAGAR,HAYATHNAGAR,AUTONAGAR,2024-11-01,2024,11,2,0,2,2.0,False,7627.0,86.0,3813.5,0
SAROORNAGAR_AUTONAGAR,initial greater-Hyderabad study area,TGSPDCL,SAROORNAGAR,SAROORNAGAR,HAYATHNAGAR,AUTONAGAR,2024-12-01,2024,12,2,0,2,2.0,False,9927.0,86.0,4963.5,0
SAROORNAGAR_AUTONAGAR,initial greater-Hyderabad study area,TGSPDCL,SAROORNAGAR,SAROORNAGAR,HAYATHNAGAR,AUTONAGAR,2025-01-01,2025,1,2,0,2,2.0,False,10516.0,86.0,5258.0,0
SAROORNAGAR_AUTONAGAR,initial greater-Hyderabad study area,TGSPDCL,SAROORNAGAR,SAROORNAGAR,HAYATHNAGAR,AUTONAGAR,2025-02-01,2025,2,2,0,2,2.0,False,12624.0,86.0,6312.0,0
SAROORNAGAR_AUTONAGAR,initial greater-Hyderabad study area,TGSPDCL,SAROORNAGAR,SAROORNAGAR,HAYATHNAGAR,AUTONAGAR,2025-03-01,2025,3,2,0,2,2.0,False,10356.0,86.0,5178.0,0
SAROORNAGAR_AUTONAGAR,initial greater-Hyderabad study area,TGSPDCL,SAROORNAGAR,SAROORNAGAR,HAYATHNAGAR,AUTONAGAR,2025-04-01,2025,4,4,2,4,2.0,True,10166.0,194.0,2541.5,0
SAROORNAGAR_AUTONAGAR,initial greater-Hyderabad study area,TGSPDCL,SAROORNAGAR,SAROORNAGAR,HAYATHNAGAR,AUTONAGAR,2025-05-01,2025,5,4,2,4,4.0,False,10584.0,194.0,2646.0,0
SAROORNAGAR_AUTONAGAR,initial greater-Hyderabad study area,TGSPDCL,SAROORNAGAR,SAROORNAGAR,HAYATHNAGAR,AUTONAGAR,2025-06-01,2025,6,5,3,5,4.0,True,10080.0,247.0,2016.0,0
SAROORNAGAR_AUTONAGAR,initial greater-Hyderabad study area,TGSPDCL,SAROORNAGAR,SAROORNAGAR,HAYATHNAGAR,AUTONAGAR,2025-07-01,2025,7,5,1,5,5.0,False,13846.0,247.0,2769.2,0
SAROORNAGAR_AUTONAGAR,initial greater-Hyderabad study area,TGSPDCL,SAROORNAGAR,SAROORNAGAR,HAYATHNAGAR,AUTONAGAR,2025-08-01,2025,8,6,1,6,6.0,False,16920.0,300.0,2820.0,0
SAROORNAGAR_AUTONAGAR,initial greater-Hyderabad study area,TGSPDCL,SAROORNAGAR,SAROORNAGAR,HAYATHNAGAR,AUTONAGAR,2025-09-01,2025,9,6,0,6,6.0,False,17123.0,300.0,2853.83,0
SAROORNAGAR_AUTONAGAR,initial greater-Hyderabad study area,TGSPDCL,SAROORNAGAR,SAROORNAGAR,HAYATHNAGAR,AUTONAGAR,2025-10-01,2025,10,6,0,6,6.0,False,19710.0,300.0,3285.0,0
SAROORNAGAR_AUTONAGAR,initial greater-Hyderabad study area,TGSPDCL,SAROORNAGAR,SAROORNAGAR,HAYATHNAGAR,AUTONAGAR,2025-11-01,2025,11,6,0,6,6.0,False,21638.0,300.0,3606.33,0
SAROORNAGAR_AUTONAGAR,initial greater-Hyderabad study area,TGSPDCL,SAROORNAGAR,SAROORNAGAR,HAYATHNAGAR,AUTONAGAR,2025-12-01,2025,12,6,0,6,6.0,False,21689.0,300.0,3614.83,0
SAROORNAGAR_AUTONAGAR,initial greater-Hyderabad study area,TGSPDCL,SAROORNAGAR,SAROORNAGAR,HAYATHNAGAR,AUTONAGAR,2026-01-01,2026,1,6,0,6,6.0,False,24538.0,300.0,4089.67,0
SAROORNAGAR_AUTONAGAR,initial greater-Hyderabad study area,TGSPDCL,SAROORNAGAR,SAROORNAGAR,HAYATHNAGAR,AUTONAGAR,2026-02-01,2026,2,6,0,6,6.0,False,27183.0,300.0,4530.5,0
SAROORNAGAR_AUTONAGAR,initial greater-Hyderabad study area,TGSPDCL,SAROORNAGAR,SAROORNAGAR,HAYATHNAGAR,AUTONAGAR,2026-03-01,2026,3,6,0,6,6.0,False,30498.0,300.0,5083.0,0
SAROORNAGAR_AUTONAGAR,initial greater-Hyderabad study area,TGSPDCL,SAROORNAGAR,SAROORNAGAR,HAYATHNAGAR,AUTONAGAR,2026-04-01,2026,4,6,0,6,6.0,False,35502.0,300.0,5917.0,0
SAROORNAGAR_AUTONAGAR,initial greater-Hyderabad study area,TGSPDCL,SAROORNAGAR,SAROORNAGAR,HAYATHNAGAR,AUTONAGAR,2026-05-01,2026,5,6,0,6,6.0,False,43257.0,300.0,7209.5,0
SAROORNAGAR_AUTONAGAR,initial greater-Hyderabad study area,TGSPDCL,SAROORNAGAR,SAROORNAGAR,HAYATHNAGAR,AUTONAGAR,2026-06-01,2026,6,6,0,6,6.0,False,49914.0,300.0,8319.0,0
SAROORNAGAR_AUTONAGAR,initial greater-Hyderabad study area,TGSPDCL,SAROORNAGAR,SAROORNAGAR,HAYATHNAGAR,AUTONAGAR,2026-07-01,2026,7,6,0,6,6.0,False,45995.0,307.0,7665.83,0
SAROORNAGAR_AUTONAGAR,initial greater-Hyderabad study area,TGSPDCL,SAROORNAGAR,SAROORNAGAR,HAYATHNAGAR,AUTONAGAR,2026-08-01,2026,8,6,0,6,6.0,False,51179.0,307.0,8529.83,0
SAROORNAGAR_BADANGPET,initial greater-Hyderabad study area,TGSPDCL,SAROORNAGAR,CHAMPAPET,CHAMPAPET,BADANGPET,2025-03-01,2025,3,1,1,3,,True,0.0,162.0,0.0,0
SAROORNAGAR_BADANGPET,initial greater-Hyderabad study area,TGSPDCL,SAROORNAGAR,CHAMPAPET,CHAMPAPET,BADANGPET,2025-04-01,2025,4,1,1,4,3.0,False,0.0,216.0,0.0,0
SAROORNAGAR_BADANGPET,initial greater-Hyderabad study area,TGSPDCL,SAROORNAGAR,CHAMPAPET,CHAMPAPET,BADANGPET,2025-05-01,2025,5,1,0,4,4.0,False,2091.0,216.0,522.75,0
SAROORNAGAR_BADANGPET,initial greater-Hyderabad study area,TGSPDCL,SAROORNAGAR,CHAMPAPET,CHAMPAPET,BADANGPET,2025-06-01,2025,6,1,0,5,5.0,False,6519.0,270.0,1303.8,0
SAROORNAGAR_BADANGPET,initial greater-Hyderabad study area,TGSPDCL,SAROORNAGAR,CHAMPAPET,CHAMPAPET,BADANGPET,2025-07-01,2025,7,1,0,5,5.0,False,3016.0,270.0,603.2,0
SAROORNAGAR_BADANGPET,initial greater-Hyderabad study area,TGSPDCL,SAROORNAGAR,CHAMPAPET,CHAMPAPET,BADANGPET,2025-08-01,2025,8,1,0,5,5.0,False,1061.0,270.0,212.2,0
SAROORNAGAR_BADANGPET,initial greater-Hyderabad study area,TGSPDCL,SAROORNAGAR,CHAMPAPET,CHAMPAPET,BADANGPET,2025-09-01,2025,9,1,0,5,5.0,False,8759.0,270.0,1751.8,0
SAROORNAGAR_BADANGPET,initial greater-Hyderabad study area,TGSPDCL,SAROORNAGAR,CHAMPAPET,CHAMPAPET,BADANGPET,2025-10-01,2025,10,1,0,5,5.0,False,7177.0,270.0,1435.4,0
SAROORNAGAR_BADANGPET,initial greater-Hyderabad study area,TGSPDCL,SAROORNAGAR,CHAMPAPET,CHAMPAPET,BADANGPET,2025-11-01,2025,11,1,0,5,5.0,False,5019.0,270.0,1003.8,0
SAROORNAGAR_BADANGPET,initial greater-Hyderabad study area,TGSPDCL,SAROORNAGAR,CHAMPAPET,CHAMPAPET,BADANGPET,2025-12-01,2025,12,1,0,5,5.0,False,7659.0,270.0,1531.8,0
SAROORNAGAR_BADANGPET,initial greater-Hyderabad study area,TGSPDCL,SAROORNAGAR,CHAMPAPET,CHAMPAPET,BADANGPET,2026-01-01,2026,1,1,0,5,5.0,False,9417.0,270.0,1883.4,0
SAROORNAGAR_BADANGPET,initial greater-Hyderabad study area,TGSPDCL,SAROORNAGAR,CHAMPAPET,CHAMPAPET,BADANGPET,2026-02-01,2026,2,1,0,5,5.0,False,9852.0,270.0,1970.4,0
SAROORNAGAR_BADANGPET,initial greater-Hyderabad study area,TGSPDCL,SAROORNAGAR,CHAMPAPET,CHAMPAPET,BADANGPET,2026-03-01,2026,3,1,0,5,5.0,False,11175.0,270.0,2235.0,0
SAROORNAGAR_BADANGPET,initial greater-Hyderabad study area,TGSPDCL,SAROORNAGAR,CHAMPAPET,CHAMPAPET,BADANGPET,2026-04-01,2026,4,1,0,5,5.0,False,11658.0,270.0,2331.6,0
SAROORNAGAR_BADANGPET,initial greater-Hyderabad study area,TGSPDCL,SAROORNAGAR,CHAMPAPET,CHAMPAPET,BADANGPET,2026-05-01,2026,5,1,0,5,5.0,False,11856.0,270.0,2371.2,0
SAROORNAGAR_BADANGPET,initial greater-Hyderabad study area,TGSPDCL,SAROORNAGAR,CHAMPAPET,CHAMPAPET,BADANGPET,2026-06-01,2026,6,1,0,6,5.0,False,14980.0,324.0,2496.67,0
SAROORNAGAR_BADANGPET,initial greater-Hyderabad study area,TGSPDCL,SAROORNAGAR,CHAMPAPET,CHAMPAPET,BADANGPET,2026-07-01,2026,7,1,0,6,6.0,False,14647.0,324.0,2441.17,0
SAROORNAGAR_BADANGPET,initial greater-Hyderabad study area,TGSPDCL,SAROORNAGAR,CHAMPAPET,CHAMPAPET,BADANGPET,2026-08-01,2026,8,1,0,6,6.0,False,11909.0,324.0,1984.83,0
SAROORNAGAR_BAIRAMALGUDA,initial greater-Hyderabad study area,TGSPDCL,SAROORNAGAR,CHAMPAPET,VANASTHALIPURAM,BAIRAMALGUDA,2025-03-01,2025,3,1,1,1,,True,0.0,54.0,0.0,0
SAROORNAGAR_BAIRAMALGUDA,initial greater-Hyderabad study area,TGSPDCL,SAROORNAGAR,CHAMPAPET,VANASTHALIPURAM,BAIRAMALGUDA,2025-04-01,2025,4,2,2,2,2.0,False,0.0,108.0,0.0,0
SAROORNAGAR_BAIRAMALGUDA,initial greater-Hyderabad study area,TGSPDCL,SAROORNAGAR,CHAMPAPET,VANASTHALIPURAM,BAIRAMALGUDA,2025-05-01,2025,5,2,2,2,2.0,False,0.0,108.0,0.0,0
SAROORNAGAR_BAIRAMALGUDA,initial greater-Hyderabad study area,TGSPDCL,SAROORNAGAR,CHAMPAPET,VANASTHALIPURAM,BAIRAMALGUDA,2025-06-01,2025,6,2,1,2,2.0,False,5.0,108.0,2.5,0
SAROORNAGAR_BAIRAMALGUDA,initial greater-Hyderabad study area,TGSPDCL,SAROORNAGAR,CHAMPAPET,VANASTHALIPURAM,BAIRAMALGUDA,2025-07-01,2025,7,2,0,2,2.0,False,117.0,108.0,58.5,0
SAROORNAGAR_BAIRAMALGUDA,initial greater-Hyderabad study area,TGSPDCL,SAROORNAGAR,CHAMPAPET,VANASTHALIPURAM,BAIRAMALGUDA,2025-08-01,2025,8,2,1,2,2.0,False,151.0,108.0,75.5,0
SAROORNAGAR_BAIRAMALGUDA,initial greater-Hyderabad study area,TGSPDCL,SAROORNAGAR,CHAMPAPET,VANASTHALIPURAM,BAIRAMALGUDA,2025-09-01,2025,9,2,0,2,2.0,False,78.0,108.0,39.0,0
SAROORNAGAR_BAIRAMALGUDA,initial greater-Hyderabad study area,TGSPDCL,SAROORNAGAR,CHAMPAPET,VANASTHALIPURAM,BAIRAMALGUDA,2025-10-01,2025,10,2,0,2,2.0,False,130.0,108.0,65.0,0
SAROORNAGAR_BAIRAMALGUDA,initial greater-Hyderabad study area,TGSPDCL,SAROORNAGAR,CHAMPAPET,VANASTHALIPURAM,BAIRAMALGUDA,2025-11-01,2025,11,2,0,2,2.0,False,452.0,108.0,226.0,0
SAROORNAGAR_BAIRAMALGUDA,initial greater-Hyderabad study area,TGSPDCL,SAROORNAGAR,CHAMPAPET,VANASTHALIPURAM,BAIRAMALGUDA,2025-12-01,2025,12,2,0,2,2.0,False,596.0,108.0,298.0,0
SAROORNAGAR_BAIRAMALGUDA,initial greater-Hyderabad study area,TGSPDCL,SAROORNAGAR,CHAMPAPET,VANASTHALIPURAM,BAIRAMALGUDA,2026-01-01,2026,1,2,0,2,2.0,False,1437.0,108.0,718.5,0
SAROORNAGAR_BAIRAMALGUDA,initial greater-Hyderabad study area,TGSPDCL,SAROORNAGAR,CHAMPAPET,VANASTHALIPURAM,BAIRAMALGUDA,2026-02-01,2026,2,2,0,2,2.0,False,2785.0,108.0,1392.5,0
SAROORNAGAR_BAIRAMALGUDA,initial greater-Hyderabad study area,TGSPDCL,SAROORNAGAR,CHAMPAPET,VANASTHALIPURAM,BAIRAMALGUDA,2026-03-01,2026,3,3,0,3,3.0,False,2628.0,161.0,876.0,0
SAROORNAGAR_BAIRAMALGUDA,initial greater-Hyderabad study area,TGSPDCL,SAROORNAGAR,CHAMPAPET,VANASTHALIPURAM,BAIRAMALGUDA,2026-04-01,2026,4,3,0,3,3.0,False,10776.0,161.0,3592.0,0
SAROORNAGAR_BAIRAMALGUDA,initial greater-Hyderabad study area,TGSPDCL,SAROORNAGAR,CHAMPAPET,VANASTHALIPURAM,BAIRAMALGUDA,2026-05-01,2026,5,3,0,3,3.0,False,24622.0,161.0,8207.33,0
SAROORNAGAR_BAIRAMALGUDA,initial greater-Hyderabad study area,TGSPDCL,SAROORNAGAR,CHAMPAPET,VANASTHALIPURAM,BAIRAMALGUDA,2026-06-01,2026,6,3,0,3,3.0,False,27889.0,161.0,9296.33,0
SAROORNAGAR_BAIRAMALGUDA,initial greater-Hyderabad study area,TGSPDCL,SAROORNAGAR,CHAMPAPET,VANASTHALIPURAM,BAIRAMALGUDA,2026-07-01,2026,7,3,0,3,3.0,False,32470.0,161.0,10823.33,0
SAROORNAGAR_BAIRAMALGUDA,initial greater-Hyderabad study area,TGSPDCL,SAROORNAGAR,CHAMPAPET,VANASTHALIPURAM,BAIRAMALGUDA,2026-08-01,2026,8,3,0,3,3.0,False,36199.0,161.0,12066.33,0
SAROORNAGAR_BANDLAGUDA,initial greater-Hyderabad study area,TGSPDCL,SAROORNAGAR,SAROORNAGAR,L B NAGAR,BANDLAGUDA,2023-01-01,2023,1,1,0,1,1.0,False,3205.0,5.0,3205.0,0
SAROORNAGAR_BANDLAGUDA,initial greater-Hyderabad study area,TGSPDCL,SAROORNAGAR,SAROORNAGAR,L B NAGAR,BANDLAGUDA,2023-02-01,2023,2,1,0,1,1.0,False,3247.0,21.0,3247.0,0
SAROORNAGAR_BANDLAGUDA,initial greater-Hyderabad study area,TGSPDCL,SAROORNAGAR,SAROORNAGAR,L B NAGAR,BANDLAGUDA,2023-03-01,2023,3,2,1,2,1.0,True,1998.0,75.0,999.0,0
SAROORNAGAR_BANDLAGUDA,initial greater-Hyderabad study area,TGSPDCL,SAROORNAGAR,SAROORNAGAR,L B NAGAR,BANDLAGUDA,2023-04-01,2023,4,2,0,2,2.0,False,2136.0,75.0,1068.0,0
SAROORNAGAR_BANDLAGUDA,initial greater-Hyderabad study area,TGSPDCL,SAROORNAGAR,SAROORNAGAR,L B NAGAR,BANDLAGUDA,2023-05-01,2023,5,3,1,3,2.0,True,2383.0,93.0,794.33,0
SAROORNAGAR_BANDLAGUDA,initial greater-Hyderabad study area,TGSPDCL,SAROORNAGAR,SAROORNAGAR,L B NAGAR,BANDLAGUDA,2023-06-01,2023,6,3,0,3,3.0,False,850.0,93.0,283.33,0
SAROORNAGAR_BANDLAGUDA,initial greater-Hyderabad study area,TGSPDCL,SAROORNAGAR,SAROORNAGAR,L B NAGAR,BANDLAGUDA,2023-07-01,2023,7,3,1,3,3.0,False,1328.0,93.0,442.67,0
SAROORNAGAR_BANDLAGUDA,initial greater-Hyderabad study area,TGSPDCL,SAROORNAGAR,SAROORNAGAR,L B NAGAR,BANDLAGUDA,2023-08-01,2023,8,3,0,3,3.0,False,2523.0,93.0,841.0,0
SAROORNAGAR_BANDLAGUDA,initial greater-Hyderabad study area,TGSPDCL,SAROORNAGAR,SAROORNAGAR,L B NAGAR,BANDLAGUDA,2023-09-01,2023,9,4,2,4,3.0,True,2687.0,147.0,671.75,0
SAROORNAGAR_BANDLAGUDA,initial greater-Hyderabad study area,TGSPDCL,SAROORNAGAR,SAROORNAGAR,L B NAGAR,BANDLAGUDA,2023-10-01,2023,10,4,1,4,4.0,False,1239.0,147.0,309.75,0
SAROORNAGAR_BANDLAGUDA,initial greater-Hyderabad study area,TGSPDCL,SAROORNAGAR,SAROORNAGAR,L B NAGAR,BANDLAGUDA,2023-11-01,2023,11,4,1,4,4.0,False,4385.0,147.0,1096.25,0
SAROORNAGAR_BANDLAGUDA,initial greater-Hyderabad study area,TGSPDCL,SAROORNAGAR,SAROORNAGAR,L B NAGAR,BANDLAGUDA,2023-12-01,2023,12,4,1,4,4.0,False,7830.0,147.0,1957.5,0
SAROORNAGAR_BANDLAGUDA,initial greater-Hyderabad study area,TGSPDCL,SAROORNAGAR,SAROORNAGAR,L B NAGAR,BANDLAGUDA,2024-01-01,2024,1,4,1,4,3.0,True,6036.0,147.0,1509.0,0
SAROORNAGAR_BANDLAGUDA,initial greater-Hyderabad study area,TGSPDCL,SAROORNAGAR,SAROORNAGAR,L B NAGAR,BANDLAGUDA,2024-02-01,2024,2,3,0,3,3.0,False,9843.0,126.0,3281.0,0
SAROORNAGAR_BANDLAGUDA,initial greater-Hyderabad study area,TGSPDCL,SAROORNAGAR,SAROORNAGAR,L B NAGAR,BANDLAGUDA,2024-03-01,2024,3,3,0,3,3.0,False,8631.0,126.0,2877.0,0
SAROORNAGAR_BANDLAGUDA,initial greater-Hyderabad study area,TGSPDCL,SAROORNAGAR,SAROORNAGAR,L B NAGAR,BANDLAGUDA,2024-04-01,2024,4,3,0,3,3.0,False,9322.0,126.0,3107.33,0
SAROORNAGAR_BANDLAGUDA,initial greater-Hyderabad study area,TGSPDCL,SAROORNAGAR,SAROORNAGAR,L B NAGAR,BANDLAGUDA,2024-05-01,2024,5,3,0,3,3.0,False,10192.0,126.0,3397.33,0
SAROORNAGAR_BANDLAGUDA,initial greater-Hyderabad study area,TGSPDCL,SAROORNAGAR,SAROORNAGAR,L B NAGAR,BANDLAGUDA,2024-06-01,2024,6,3,0,3,3.0,False,9550.0,126.0,3183.33,0
SAROORNAGAR_BANDLAGUDA,initial greater-Hyderabad study area,TGSPDCL,SAROORNAGAR,SAROORNAGAR,L B NAGAR,BANDLAGUDA,2024-07-01,2024,7,3,0,3,3.0,False,7800.0,126.0,2600.0,0
SAROORNAGAR_BANDLAGUDA,initial greater-Hyderabad study area,TGSPDCL,SAROORNAGAR,SAROORNAGAR,L B NAGAR,BANDLAGUDA,2024-08-01,2024,8,3,0,3,3.0,False,5760.0,126.0,1920.0,0
SAROORNAGAR_BANDLAGUDA,initial greater-Hyderabad study area,TGSPDCL,SAROORNAGAR,SAROORNAGAR,L B NAGAR,BANDLAGUDA,2024-09-01,2024,9,5,0,5,5.0,False,7600.0,234.0,1520.0,0
SAROORNAGAR_BANDLAGUDA,initial greater-Hyderabad study area,TGSPDCL,SAROORNAGAR,SAROORNAGAR,L B NAGAR,BANDLAGUDA,2024-10-01,2024,10,5,1,5,5.0,False,4548.0,245.0,909.6,0
SAROORNAGAR_BANDLAGUDA,initial greater-Hyderabad study area,TGSPDCL,SAROORNAGAR,SAROORNAGAR,L B NAGAR,BANDLAGUDA,2024-11-01,2024,11,5,0,5,5.0,False,6310.0,245.0,1262.0,0
SAROORNAGAR_BANDLAGUDA,initial greater-Hyderabad study area,TGSPDCL,SAROORNAGAR,SAROORNAGAR,L B NAGAR,BANDLAGUDA,2024-12-01,2024,12,5,0,5,5.0,False,5252.0,245.0,1050.4,0
SAROORNAGAR_BANDLAGUDA,initial greater-Hyderabad study area,TGSPDCL,SAROORNAGAR,SAROORNAGAR,L B NAGAR,BANDLAGUDA,2025-01-01,2025,1,5,0,5,5.0,False,6449.0,245.0,1289.8,0
SAROORNAGAR_BANDLAGUDA,initial greater-Hyderabad study area,TGSPDCL,SAROORNAGAR,SAROORNAGAR,L B NAGAR,BANDLAGUDA,2025-02-01,2025,2,7,2,7,5.0,True,6012.0,353.0,858.86,0
SAROORNAGAR_BANDLAGUDA,initial greater-Hyderabad study area,TGSPDCL,SAROORNAGAR,SAROORNAGAR,L B NAGAR,BANDLAGUDA,2025-03-01,2025,3,7,2,7,7.0,False,12813.0,353.0,1830.43,0
SAROORNAGAR_BANDLAGUDA,initial greater-Hyderabad study area,TGSPDCL,SAROORNAGAR,SAROORNAGAR,L B NAGAR,BANDLAGUDA,2025-04-01,2025,4,7,2,7,7.0,False,13198.0,353.0,1885.43,0
SAROORNAGAR_BANDLAGUDA,initial greater-Hyderabad study area,TGSPDCL,SAROORNAGAR,SAROORNAGAR,L B NAGAR,BANDLAGUDA,2025-05-01,2025,5,8,3,8,8.0,False,19254.0,406.0,2406.75,0
SAROORNAGAR_BANDLAGUDA,initial greater-Hyderabad study area,TGSPDCL,SAROORNAGAR,SAROORNAGAR,L B NAGAR,BANDLAGUDA,2025-06-01,2025,6,8,3,8,8.0,False,22212.0,406.0,2776.5,0
SAROORNAGAR_BANDLAGUDA,initial greater-Hyderabad study area,TGSPDCL,SAROORNAGAR,SAROORNAGAR,L B NAGAR,BANDLAGUDA,2025-07-01,2025,7,8,1,8,8.0,False,16257.0,406.0,2032.12,0
SAROORNAGAR_BANDLAGUDA,initial greater-Hyderabad study area,TGSPDCL,SAROORNAGAR,SAROORNAGAR,L B NAGAR,BANDLAGUDA,2025-08-01,2025,8,8,1,8,8.0,False,12832.0,406.0,1604.0,0
SAROORNAGAR_BANDLAGUDA,initial greater-Hyderabad study area,TGSPDCL,SAROORNAGAR,SAROORNAGAR,L B NAGAR,BANDLAGUDA,2025-09-01,2025,9,8,1,8,8.0,False,19841.0,406.0,2480.12,0
SAROORNAGAR_BANDLAGUDA,initial greater-Hyderabad study area,TGSPDCL,SAROORNAGAR,SAROORNAGAR,L B NAGAR,BANDLAGUDA,2025-10-01,2025,10,8,2,8,8.0,False,21621.0,406.0,2702.62,0
SAROORNAGAR_BANDLAGUDA,initial greater-Hyderabad study area,TGSPDCL,SAROORNAGAR,SAROORNAGAR,L B NAGAR,BANDLAGUDA,2025-11-01,2025,11,8,1,8,8.0,False,26505.0,406.0,3313.12,0
SAROORNAGAR_BANDLAGUDA,initial greater-Hyderabad study area,TGSPDCL,SAROORNAGAR,SAROORNAGAR,L B NAGAR,BANDLAGUDA,2025-12-01,2025,12,8,1,8,8.0,False,27635.0,406.0,3454.38,0
SAROORNAGAR_BANDLAGUDA,initial greater-Hyderabad study area,TGSPDCL,SAROORNAGAR,SAROORNAGAR,L B NAGAR,BANDLAGUDA,2026-01-01,2026,1,8,1,8,8.0,False,32833.0,406.0,4104.12,0
SAROORNAGAR_BANDLAGUDA,initial greater-Hyderabad study area,TGSPDCL,SAROORNAGAR,SAROORNAGAR,L B NAGAR,BANDLAGUDA,2026-02-01,2026,2,8,1,8,8.0,False,38104.0,406.0,4763.0,0
SAROORNAGAR_BANDLAGUDA,initial greater-Hyderabad study area,TGSPDCL,SAROORNAGAR,SAROORNAGAR,L B NAGAR,BANDLAGUDA,2026-03-01,2026,3,8,1,8,8.0,False,35507.0,406.0,4438.38,0
SAROORNAGAR_BANDLAGUDA,initial greater-Hyderabad study area,TGSPDCL,SAROORNAGAR,SAROORNAGAR,L B NAGAR,BANDLAGUDA,2026-04-01,2026,4,8,1,8,8.0,False,51577.0,406.0,6447.12,0
SAROORNAGAR_BANDLAGUDA,initial greater-Hyderabad study area,TGSPDCL,SAROORNAGAR,SAROORNAGAR,L B NAGAR,BANDLAGUDA,2026-05-01,2026,5,8,1,8,8.0,False,51304.0,406.0,6413.0,0
SAROORNAGAR_BANDLAGUDA,initial greater-Hyderabad study area,TGSPDCL,SAROORNAGAR,SAROORNAGAR,L B NAGAR,BANDLAGUDA,2026-06-01,2026,6,8,1,8,8.0,False,57445.0,406.0,7180.62,0
SAROORNAGAR_BANDLAGUDA,initial greater-Hyderabad study area,TGSPDCL,SAROORNAGAR,SAROORNAGAR,L B NAGAR,BANDLAGUDA,2026-07-01,2026,7,8,1,8,8.0,False,71104.0,425.0,8888.0,0
SAROORNAGAR_BANDLAGUDA,initial greater-Hyderabad study area,TGSPDCL,SAROORNAGAR,SAROORNAGAR,L B NAGAR,BANDLAGUDA,2026-08-01,2026,8,8,1,8,8.0,False,79010.0,425.0,9876.25,0
SAROORNAGAR_BN_REDDY_NAGAR,initial greater-Hyderabad study area,TGSPDCL,SAROORNAGAR,CHAMPAPET,VANASTHALIPURAM,BN REDDY NAGAR,2023-01-01,2023,1,1,0,1,1.0,False,15.0,22.0,15.0,0
SAROORNAGAR_BN_REDDY_NAGAR,initial greater-Hyderabad study area,TGSPDCL,SAROORNAGAR,CHAMPAPET,VANASTHALIPURAM,BN REDDY NAGAR,2023-02-01,2023,2,1,1,1,,True,0.0,22.0,0.0,0
SAROORNAGAR_BN_REDDY_NAGAR,initial greater-Hyderabad study area,TGSPDCL,SAROORNAGAR,CHAMPAPET,VANASTHALIPURAM,BN REDDY NAGAR,2023-03-01,2023,3,1,1,1,,True,0.0,22.0,0.0,0
SAROORNAGAR_BN_REDDY_NAGAR,initial greater-Hyderabad study area,TGSPDCL,SAROORNAGAR,CHAMPAPET,VANASTHALIPURAM,BN REDDY NAGAR,2023-04-01,2023,4,1,1,1,,True,0.0,22.0,0.0,0
SAROORNAGAR_BN_REDDY_NAGAR,initial greater-Hyderabad study area,TGSPDCL,SAROORNAGAR,CHAMPAPET,VANASTHALIPURAM,BN REDDY NAGAR,2023-05-01,2023,5,1,1,1,,True,0.0,22.0,0.0,0
SAROORNAGAR_BN_REDDY_NAGAR,initial greater-Hyderabad study area,TGSPDCL,SAROORNAGAR,CHAMPAPET,VANASTHALIPURAM,BN REDDY NAGAR,2023-06-01,2023,6,1,1,1,,True,0.0,22.0,0.0,0
SAROORNAGAR_BN_REDDY_NAGAR,initial greater-Hyderabad study area,TGSPDCL,SAROORNAGAR,CHAMPAPET,VANASTHALIPURAM,BN REDDY NAGAR,2023-07-01,2023,7,1,1,1,,True,0.0,22.0,0.0,0
SAROORNAGAR_BN_REDDY_NAGAR,initial greater-Hyderabad study area,TGSPDCL,SAROORNAGAR,CHAMPAPET,VANASTHALIPURAM,BN REDDY NAGAR,2023-08-01,2023,8,1,1,1,,True,0.0,22.0,0.0,0
SAROORNAGAR_BN_REDDY_NAGAR,initial greater-Hyderabad study area,TGSPDCL,SAROORNAGAR,CHAMPAPET,VANASTHALIPURAM,BN REDDY NAGAR,2023-09-01,2023,9,1,1,1,,True,0.0,22.0,0.0,0
SAROORNAGAR_BN_REDDY_NAGAR,initial greater-Hyderabad study area,TGSPDCL,SAROORNAGAR,CHAMPAPET,VANASTHALIPURAM,BN REDDY NAGAR,2023-10-01,2023,10,1,1,1,,True,0.0,22.0,0.0,0
SAROORNAGAR_BN_REDDY_NAGAR,initial greater-Hyderabad study area,TGSPDCL,SAROORNAGAR,CHAMPAPET,VANASTHALIPURAM,BN REDDY NAGAR,2023-11-01,2023,11,1,1,1,,True,0.0,22.0,0.0,0
SAROORNAGAR_BN_REDDY_NAGAR,initial greater-Hyderabad study area,TGSPDCL,SAROORNAGAR,CHAMPAPET,VANASTHALIPURAM,BN REDDY NAGAR,2023-12-01,2023,12,1,1,1,,True,0.0,22.0,0.0,0
SAROORNAGAR_BN_REDDY_NAGAR,initial greater-Hyderabad study area,TGSPDCL,SAROORNAGAR,CHAMPAPET,VANASTHALIPURAM,BN REDDY NAGAR,2024-01-01,2024,1,1,1,1,,True,0.0,22.0,0.0,0
SAROORNAGAR_BN_REDDY_NAGAR,initial greater-Hyderabad study area,TGSPDCL,SAROORNAGAR,CHAMPAPET,VANASTHALIPURAM,BN REDDY NAGAR,2025-06-01,2025,6,1,1,1,1.0,False,0.0,54.0,0.0,0
SAROORNAGAR_BN_REDDY_NAGAR,initial greater-Hyderabad study area,TGSPDCL,SAROORNAGAR,CHAMPAPET,VANASTHALIPURAM,BN REDDY NAGAR,2025-07-01,2025,7,1,1,1,1.0,False,0.0,54.0,0.0,0
SAROORNAGAR_BN_REDDY_NAGAR,initial greater-Hyderabad study area,TGSPDCL,SAROORNAGAR,CHAMPAPET,VANASTHALIPURAM,BN REDDY NAGAR,2025-08-01,2025,8,1,1,1,1.0,False,0.0,54.0,0.0,0
SAROORNAGAR_BN_REDDY_NAGAR,initial greater-Hyderabad study area,TGSPDCL,SAROORNAGAR,CHAMPAPET,VANASTHALIPURAM,BN REDDY NAGAR,2025-09-01,2025,9,1,0,1,1.0,False,716.0,54.0,716.0,0
SAROORNAGAR_BN_REDDY_NAGAR,initial greater-Hyderabad study area,TGSPDCL,SAROORNAGAR,CHAMPAPET,VANASTHALIPURAM,BN REDDY NAGAR,2025-10-01,2025,10,1,0,1,1.0,False,636.0,54.0,636.0,0
SAROORNAGAR_BN_REDDY_NAGAR,initial greater-Hyderabad study area,TGSPDCL,SAROORNAGAR,CHAMPAPET,VANASTHALIPURAM,BN REDDY NAGAR,2025-11-01,2025,11,1,1,1,1.0,False,0.0,54.0,0.0,0
SAROORNAGAR_BN_REDDY_NAGAR,initial greater-Hyderabad study area,TGSPDCL,SAROORNAGAR,CHAMPAPET,VANASTHALIPURAM,BN REDDY NAGAR,2025-12-01,2025,12,1,1,1,1.0,False,0.0,54.0,0.0,0
SAROORNAGAR_BN_REDDY_NAGAR,initial greater-Hyderabad study area,TGSPDCL,SAROORNAGAR,CHAMPAPET,VANASTHALIPURAM,BN REDDY NAGAR,2026-01-01,2026,1,1,1,1,1.0,False,0.0,54.0,0.0,0
SAROORNAGAR_BN_REDDY_NAGAR,initial greater-Hyderabad study area,TGSPDCL,SAROORNAGAR,CHAMPAPET,VANASTHALIPURAM,BN REDDY NAGAR,2026-02-01,2026,2,1,0,1,1.0,False,47.0,54.0,47.0,0
SAROORNAGAR_BN_REDDY_NAGAR,initial greater-Hyderabad study area,TGSPDCL,SAROORNAGAR,CHAMPAPET,VANASTHALIPURAM,BN REDDY NAGAR,2026-03-01,2026,3,1,1,1,1.0,False,0.0,54.0,0.0,0
SAROORNAGAR_BN_REDDY_NAGAR,initial greater-Hyderabad study area,TGSPDCL,SAROORNAGAR,CHAMPAPET,VANASTHALIPURAM,BN REDDY NAGAR,2026-04-01,2026,4,1,1,1,1.0,False,0.0,54.0,0.0,0
SAROORNAGAR_BN_REDDY_NAGAR,initial greater-Hyderabad study area,TGSPDCL,SAROORNAGAR,CHAMPAPET,VANASTHALIPURAM,BN REDDY NAGAR,2026-05-01,2026,5,1,1,1,1.0,False,0.0,54.0,0.0,0
SAROORNAGAR_BN_REDDY_NAGAR,initial greater-Hyderabad study area,TGSPDCL,SAROORNAGAR,CHAMPAPET,VANASTHALIPURAM,BN REDDY NAGAR,2026-06-01,2026,6,1,1,1,1.0,False,0.0,54.0,0.0,0
SAROORNAGAR_BN_REDDY_NAGAR,initial greater-Hyderabad study area,TGSPDCL,SAROORNAGAR,CHAMPAPET,VANASTHALIPURAM,BN REDDY NAGAR,2026-07-01,2026,7,1,0,1,1.0,False,15.0,54.0,15.0,0
SAROORNAGAR_BN_REDDY_NAGAR,initial greater-Hyderabad study area,TGSPDCL,SAROORNAGAR,CHAMPAPET,VANASTHALIPURAM,BN REDDY NAGAR,2026-08-01,2026,8,1,0,1,1.0,False,32.0,54.0,32.0,0
SAROORNAGAR_CHAMPAPET,initial greater-Hyderabad study area,TGSPDCL,SAROORNAGAR,CHAMPAPET,CHAMPAPET,CHAMPAPET,2023-01-01,2023,1,2,0,2,2.0,False,690.0,52.0,345.0,0
SAROORNAGAR_CHAMPAPET,initial greater-Hyderabad study area,TGSPDCL,SAROORNAGAR,CHAMPAPET,CHAMPAPET,CHAMPAPET,2023-02-01,2023,2,2,0,2,2.0,False,1021.0,52.0,510.5,0
SAROORNAGAR_CHAMPAPET,initial greater-Hyderabad study area,TGSPDCL,SAROORNAGAR,CHAMPAPET,CHAMPAPET,CHAMPAPET,2023-03-01,2023,3,2,0,2,2.0,False,1671.0,52.0,835.5,0
SAROORNAGAR_CHAMPAPET,initial greater-Hyderabad study area,TGSPDCL,SAROORNAGAR,CHAMPAPET,CHAMPAPET,CHAMPAPET,2023-04-01,2023,4,2,0,2,2.0,False,1819.0,52.0,909.5,0
SAROORNAGAR_CHAMPAPET,initial greater-Hyderabad study area,TGSPDCL,SAROORNAGAR,CHAMPAPET,CHAMPAPET,CHAMPAPET,2023-05-01,2023,5,3,1,3,2.0,True,960.0,57.0,320.0,0
SAROORNAGAR_CHAMPAPET,initial greater-Hyderabad study area,TGSPDCL,SAROORNAGAR,CHAMPAPET,CHAMPAPET,CHAMPAPET,2023-06-01,2023,6,3,0,3,3.0,False,2040.0,57.0,680.0,0
SAROORNAGAR_CHAMPAPET,initial greater-Hyderabad study area,TGSPDCL,SAROORNAGAR,CHAMPAPET,CHAMPAPET,CHAMPAPET,2023-07-01,2023,7,3,1,3,3.0,False,1266.0,57.0,422.0,0
SAROORNAGAR_CHAMPAPET,initial greater-Hyderabad study area,TGSPDCL,SAROORNAGAR,CHAMPAPET,CHAMPAPET,CHAMPAPET,2023-08-01,2023,8,3,1,3,3.0,False,2136.0,57.0,712.0,0
SAROORNAGAR_CHAMPAPET,initial greater-Hyderabad study area,TGSPDCL,SAROORNAGAR,CHAMPAPET,CHAMPAPET,CHAMPAPET,2023-09-01,2023,9,3,1,3,3.0,False,2113.0,57.0,704.33,0
SAROORNAGAR_CHAMPAPET,initial greater-Hyderabad study area,TGSPDCL,SAROORNAGAR,CHAMPAPET,CHAMPAPET,CHAMPAPET,2023-10-01,2023,10,3,0,3,3.0,False,3111.0,57.0,1037.0,0
SAROORNAGAR_CHAMPAPET,initial greater-Hyderabad study area,TGSPDCL,SAROORNAGAR,CHAMPAPET,CHAMPAPET,CHAMPAPET,2023-11-01,2023,11,3,0,3,3.0,False,5334.0,57.0,1778.0,0
SAROORNAGAR_CHAMPAPET,initial greater-Hyderabad study area,TGSPDCL,SAROORNAGAR,CHAMPAPET,CHAMPAPET,CHAMPAPET,2023-12-01,2023,12,3,0,3,3.0,False,4318.0,57.0,1439.33,0
SAROORNAGAR_CHAMPAPET,initial greater-Hyderabad study area,TGSPDCL,SAROORNAGAR,CHAMPAPET,CHAMPAPET,CHAMPAPET,2024-01-01,2024,1,3,0,3,3.0,False,4215.0,57.0,1405.0,0
SAROORNAGAR_CHAMPAPET,initial greater-Hyderabad study area,TGSPDCL,SAROORNAGAR,CHAMPAPET,CHAMPAPET,CHAMPAPET,2024-02-01,2024,2,3,0,3,3.0,False,3217.0,57.0,1072.33,0
SAROORNAGAR_CHAMPAPET,initial greater-Hyderabad study area,TGSPDCL,SAROORNAGAR,CHAMPAPET,CHAMPAPET,CHAMPAPET,2024-03-01,2024,3,3,0,3,3.0,False,4173.0,57.0,1391.0,0
SAROORNAGAR_CHAMPAPET,initial greater-Hyderabad study area,TGSPDCL,SAROORNAGAR,CHAMPAPET,CHAMPAPET,CHAMPAPET,2024-04-01,2024,4,3,0,3,3.0,False,4791.0,57.0,1597.0,0
SAROORNAGAR_CHAMPAPET,initial greater-Hyderabad study area,TGSPDCL,SAROORNAGAR,CHAMPAPET,CHAMPAPET,CHAMPAPET,2024-05-01,2024,5,3,0,3,3.0,False,5929.0,57.0,1976.33,0
SAROORNAGAR_CHAMPAPET,initial greater-Hyderabad study area,TGSPDCL,SAROORNAGAR,CHAMPAPET,CHAMPAPET,CHAMPAPET,2024-06-01,2024,6,3,0,3,3.0,False,6287.0,57.0,2095.67,0
SAROORNAGAR_CHAMPAPET,initial greater-Hyderabad study area,TGSPDCL,SAROORNAGAR,CHAMPAPET,CHAMPAPET,CHAMPAPET,2024-07-01,2024,7,3,0,3,3.0,False,6537.0,57.0,2179.0,0
SAROORNAGAR_CHAMPAPET,initial greater-Hyderabad study area,TGSPDCL,SAROORNAGAR,CHAMPAPET,CHAMPAPET,CHAMPAPET,2024-08-01,2024,8,3,0,3,3.0,False,6402.0,57.0,2134.0,0
SAROORNAGAR_CHAMPAPET,initial greater-Hyderabad study area,TGSPDCL,SAROORNAGAR,CHAMPAPET,CHAMPAPET,CHAMPAPET,2024-09-01,2024,9,3,0,3,3.0,False,6439.0,57.0,2146.33,0
SAROORNAGAR_CHAMPAPET,initial greater-Hyderabad study area,TGSPDCL,SAROORNAGAR,CHAMPAPET,CHAMPAPET,CHAMPAPET,2024-10-01,2024,10,3,0,3,3.0,False,7157.0,57.0,2385.67,0
SAROORNAGAR_CHAMPAPET,initial greater-Hyderabad study area,TGSPDCL,SAROORNAGAR,CHAMPAPET,CHAMPAPET,CHAMPAPET,2024-11-01,2024,11,3,0,3,3.0,False,8051.0,57.0,2683.67,0
SAROORNAGAR_CHAMPAPET,initial greater-Hyderabad study area,TGSPDCL,SAROORNAGAR,CHAMPAPET,CHAMPAPET,CHAMPAPET,2024-12-01,2024,12,3,0,3,3.0,False,6572.0,57.0,2190.67,0
SAROORNAGAR_CHAMPAPET,initial greater-Hyderabad study area,TGSPDCL,SAROORNAGAR,CHAMPAPET,CHAMPAPET,CHAMPAPET,2025-01-01,2025,1,3,0,3,3.0,False,5889.0,57.0,1963.0,0
SAROORNAGAR_CHAMPAPET,initial greater-Hyderabad study area,TGSPDCL,SAROORNAGAR,CHAMPAPET,CHAMPAPET,CHAMPAPET,2025-02-01,2025,2,3,0,3,3.0,False,4998.0,57.0,1666.0,0
SAROORNAGAR_CHAMPAPET,initial greater-Hyderabad study area,TGSPDCL,SAROORNAGAR,CHAMPAPET,CHAMPAPET,CHAMPAPET,2025-03-01,2025,3,3,0,3,3.0,False,3812.0,57.0,1270.67,0
SAROORNAGAR_CHAMPAPET,initial greater-Hyderabad study area,TGSPDCL,SAROORNAGAR,CHAMPAPET,CHAMPAPET,CHAMPAPET,2025-04-01,2025,4,3,0,3,3.0,False,3187.0,57.0,1062.33,0
SAROORNAGAR_CHAMPAPET,initial greater-Hyderabad study area,TGSPDCL,SAROORNAGAR,CHAMPAPET,CHAMPAPET,CHAMPAPET,2025-05-01,2025,5,3,0,3,3.0,False,2984.0,57.0,994.67,0
SAROORNAGAR_CHAMPAPET,initial greater-Hyderabad study area,TGSPDCL,SAROORNAGAR,CHAMPAPET,CHAMPAPET,CHAMPAPET,2025-06-01,2025,6,3,0,3,3.0,False,2160.0,57.0,720.0,0
SAROORNAGAR_CHAMPAPET,initial greater-Hyderabad study area,TGSPDCL,SAROORNAGAR,CHAMPAPET,CHAMPAPET,CHAMPAPET,2025-07-01,2025,7,3,0,3,3.0,False,2450.0,57.0,816.67,0
SAROORNAGAR_CHAMPAPET,initial greater-Hyderabad study area,TGSPDCL,SAROORNAGAR,CHAMPAPET,CHAMPAPET,CHAMPAPET,2025-08-01,2025,8,3,0,3,3.0,False,3367.0,57.0,1122.33,0
SAROORNAGAR_CHAMPAPET,initial greater-Hyderabad study area,TGSPDCL,SAROORNAGAR,CHAMPAPET,CHAMPAPET,CHAMPAPET,2025-09-01,2025,9,3,0,3,3.0,False,1464.0,57.0,488.0,0
SAROORNAGAR_CHAMPAPET,initial greater-Hyderabad study area,TGSPDCL,SAROORNAGAR,CHAMPAPET,CHAMPAPET,CHAMPAPET,2025-10-01,2025,10,3,2,3,3.0,False,1219.0,57.0,406.33,0
SAROORNAGAR_CHAMPAPET,initial greater-Hyderabad study area,TGSPDCL,SAROORNAGAR,CHAMPAPET,CHAMPAPET,CHAMPAPET,2025-11-01,2025,11,3,2,3,3.0,False,1218.0,57.0,406.0,0
SAROORNAGAR_CHAMPAPET,initial greater-Hyderabad study area,TGSPDCL,SAROORNAGAR,CHAMPAPET,CHAMPAPET,CHAMPAPET,2025-12-01,2025,12,3,2,3,2.0,True,296.0,57.0,98.67,0
SAROORNAGAR_CHAMPAPET,initial greater-Hyderabad study area,TGSPDCL,SAROORNAGAR,CHAMPAPET,CHAMPAPET,CHAMPAPET,2026-01-01,2026,1,3,2,3,2.0,True,242.0,57.0,80.67,0
SAROORNAGAR_CHAMPAPET,initial greater-Hyderabad study area,TGSPDCL,SAROORNAGAR,CHAMPAPET,CHAMPAPET,CHAMPAPET,2026-02-01,2026,2,3,2,3,2.0,True,186.0,57.0,62.0,0
SAROORNAGAR_CHAMPAPET,initial greater-Hyderabad study area,TGSPDCL,SAROORNAGAR,CHAMPAPET,CHAMPAPET,CHAMPAPET,2026-03-01,2026,3,3,2,3,2.0,True,219.0,57.0,73.0,0
SAROORNAGAR_CHAMPAPET,initial greater-Hyderabad study area,TGSPDCL,SAROORNAGAR,CHAMPAPET,CHAMPAPET,CHAMPAPET,2026-04-01,2026,4,2,1,2,2.0,False,121.0,52.0,60.5,0
SAROORNAGAR_CHAMPAPET,initial greater-Hyderabad study area,TGSPDCL,SAROORNAGAR,CHAMPAPET,CHAMPAPET,CHAMPAPET,2026-05-01,2026,5,2,0,2,2.0,False,264.0,52.0,132.0,0
SAROORNAGAR_CHAMPAPET,initial greater-Hyderabad study area,TGSPDCL,SAROORNAGAR,CHAMPAPET,CHAMPAPET,CHAMPAPET,2026-06-01,2026,6,2,0,2,2.0,False,295.0,52.0,147.5,0
SAROORNAGAR_CHAMPAPET,initial greater-Hyderabad study area,TGSPDCL,SAROORNAGAR,CHAMPAPET,CHAMPAPET,CHAMPAPET,2026-07-01,2026,7,2,0,2,2.0,False,821.0,52.0,410.5,0
SAROORNAGAR_CHAMPAPET,initial greater-Hyderabad study area,TGSPDCL,SAROORNAGAR,CHAMPAPET,CHAMPAPET,CHAMPAPET,2026-08-01,2026,8,2,1,2,2.0,False,802.0,52.0,401.0,0
SAROORNAGAR_HAYATH_NAGAR,initial greater-Hyderabad study area,TGSPDCL,SAROORNAGAR,SAROORNAGAR,HAYATHNAGAR,HAYATH NAGAR,2023-07-01,2023,7,1,1,1,,True,0.0,30.0,0.0,0
SAROORNAGAR_HAYATH_NAGAR,initial greater-Hyderabad study area,TGSPDCL,SAROORNAGAR,SAROORNAGAR,HAYATHNAGAR,HAYATH NAGAR,2023-08-01,2023,8,1,1,1,1.0,False,0.0,30.0,0.0,0
SAROORNAGAR_HAYATH_NAGAR,initial greater-Hyderabad study area,TGSPDCL,SAROORNAGAR,SAROORNAGAR,HAYATHNAGAR,HAYATH NAGAR,2023-09-01,2023,9,1,1,1,1.0,False,0.0,30.0,0.0,0
SAROORNAGAR_HAYATH_NAGAR,initial greater-Hyderabad study area,TGSPDCL,SAROORNAGAR,SAROORNAGAR,HAYATHNAGAR,HAYATH NAGAR,2023-10-01,2023,10,1,1,1,1.0,False,0.0,30.0,0.0,0
SAROORNAGAR_HAYATH_NAGAR,initial greater-Hyderabad study area,TGSPDCL,SAROORNAGAR,SAROORNAGAR,HAYATHNAGAR,HAYATH NAGAR,2023-11-01,2023,11,1,1,1,1.0,False,0.0,30.0,0.0,0
SAROORNAGAR_HAYATH_NAGAR,initial greater-Hyderabad study area,TGSPDCL,SAROORNAGAR,SAROORNAGAR,HAYATHNAGAR,HAYATH NAGAR,2023-12-01,2023,12,1,1,1,1.0,False,0.0,30.0,0.0,0
SAROORNAGAR_HAYATH_NAGAR,initial greater-Hyderabad study area,TGSPDCL,SAROORNAGAR,SAROORNAGAR,HAYATHNAGAR,HAYATH NAGAR,2024-01-01,2024,1,1,0,1,1.0,False,25.0,30.0,25.0,0
SAROORNAGAR_HAYATH_NAGAR,initial greater-Hyderabad study area,TGSPDCL,SAROORNAGAR,SAROORNAGAR,HAYATHNAGAR,HAYATH NAGAR,2024-02-01,2024,2,1,1,1,1.0,False,0.0,30.0,0.0,0
SAROORNAGAR_HAYATH_NAGAR,initial greater-Hyderabad study area,TGSPDCL,SAROORNAGAR,SAROORNAGAR,HAYATHNAGAR,HAYATH NAGAR,2024-03-01,2024,3,1,1,1,1.0,False,0.0,30.0,0.0,0
SAROORNAGAR_HAYATH_NAGAR,initial greater-Hyderabad study area,TGSPDCL,SAROORNAGAR,SAROORNAGAR,HAYATHNAGAR,HAYATH NAGAR,2024-04-01,2024,4,1,1,1,1.0,False,0.0,30.0,0.0,0
SAROORNAGAR_HAYATH_NAGAR,initial greater-Hyderabad study area,TGSPDCL,SAROORNAGAR,SAROORNAGAR,HAYATHNAGAR,HAYATH NAGAR,2024-05-01,2024,5,1,1,1,1.0,False,0.0,30.0,0.0,0
SAROORNAGAR_HAYATH_NAGAR,initial greater-Hyderabad study area,TGSPDCL,SAROORNAGAR,SAROORNAGAR,HAYATHNAGAR,HAYATH NAGAR,2024-06-01,2024,6,1,1,1,1.0,False,0.0,30.0,0.0,0
SAROORNAGAR_HAYATH_NAGAR,initial greater-Hyderabad study area,TGSPDCL,SAROORNAGAR,SAROORNAGAR,HAYATHNAGAR,HAYATH NAGAR,2024-07-01,2024,7,1,1,1,1.0,False,0.0,30.0,0.0,0
SAROORNAGAR_HAYATH_NAGAR,initial greater-Hyderabad study area,TGSPDCL,SAROORNAGAR,SAROORNAGAR,HAYATHNAGAR,HAYATH NAGAR,2024-08-01,2024,8,1,1,1,1.0,False,0.0,30.0,0.0,0
SAROORNAGAR_HAYATH_NAGAR,initial greater-Hyderabad study area,TGSPDCL,SAROORNAGAR,SAROORNAGAR,HAYATHNAGAR,HAYATH NAGAR,2024-09-01,2024,9,1,1,1,1.0,False,0.0,30.0,0.0,0
SAROORNAGAR_HAYATH_NAGAR,initial greater-Hyderabad study area,TGSPDCL,SAROORNAGAR,SAROORNAGAR,HAYATHNAGAR,HAYATH NAGAR,2024-10-01,2024,10,1,1,1,1.0,False,0.0,30.0,0.0,0
SAROORNAGAR_HAYATH_NAGAR,initial greater-Hyderabad study area,TGSPDCL,SAROORNAGAR,SAROORNAGAR,HAYATHNAGAR,HAYATH NAGAR,2024-11-01,2024,11,1,1,1,1.0,False,0.0,30.0,0.0,0
SAROORNAGAR_HAYATH_NAGAR,initial greater-Hyderabad study area,TGSPDCL,SAROORNAGAR,SAROORNAGAR,HAYATHNAGAR,HAYATH NAGAR,2024-12-01,2024,12,1,1,1,1.0,False,0.0,30.0,0.0,0
SAROORNAGAR_HAYATH_NAGAR,initial greater-Hyderabad study area,TGSPDCL,SAROORNAGAR,SAROORNAGAR,HAYATHNAGAR,HAYATH NAGAR,2025-01-01,2025,1,1,1,1,1.0,False,0.0,30.0,0.0,0
SAROORNAGAR_HAYATH_NAGAR,initial greater-Hyderabad study area,TGSPDCL,SAROORNAGAR,SAROORNAGAR,HAYATHNAGAR,HAYATH NAGAR,2025-02-01,2025,2,1,1,1,1.0,False,0.0,30.0,0.0,0
SAROORNAGAR_HAYATH_NAGAR,initial greater-Hyderabad study area,TGSPDCL,SAROORNAGAR,SAROORNAGAR,HAYATHNAGAR,HAYATH NAGAR,2025-03-01,2025,3,1,1,1,1.0,False,0.0,30.0,0.0,0
SAROORNAGAR_HAYATH_NAGAR,initial greater-Hyderabad study area,TGSPDCL,SAROORNAGAR,SAROORNAGAR,HAYATHNAGAR,HAYATH NAGAR,2025-04-01,2025,4,1,1,1,1.0,False,0.0,30.0,0.0,0
SAROORNAGAR_HAYATH_NAGAR,initial greater-Hyderabad study area,TGSPDCL,SAROORNAGAR,SAROORNAGAR,HAYATHNAGAR,HAYATH NAGAR,2025-05-01,2025,5,1,1,1,1.0,False,0.0,30.0,0.0,0
SAROORNAGAR_HAYATH_NAGAR,initial greater-Hyderabad study area,TGSPDCL,SAROORNAGAR,SAROORNAGAR,HAYATHNAGAR,HAYATH NAGAR,2025-06-01,2025,6,1,0,1,1.0,False,55.0,30.0,55.0,0
SAROORNAGAR_HAYATH_NAGAR,initial greater-Hyderabad study area,TGSPDCL,SAROORNAGAR,SAROORNAGAR,HAYATHNAGAR,HAYATH NAGAR,2025-07-01,2025,7,1,0,1,1.0,False,37.0,30.0,37.0,0
SAROORNAGAR_HAYATH_NAGAR,initial greater-Hyderabad study area,TGSPDCL,SAROORNAGAR,SAROORNAGAR,HAYATHNAGAR,HAYATH NAGAR,2025-08-01,2025,8,1,1,1,1.0,False,0.0,30.0,0.0,0
SAROORNAGAR_HAYATH_NAGAR,initial greater-Hyderabad study area,TGSPDCL,SAROORNAGAR,SAROORNAGAR,HAYATHNAGAR,HAYATH NAGAR,2025-09-01,2025,9,1,1,1,1.0,False,0.0,30.0,0.0,0
SAROORNAGAR_HAYATH_NAGAR,initial greater-Hyderabad study area,TGSPDCL,SAROORNAGAR,SAROORNAGAR,HAYATHNAGAR,HAYATH NAGAR,2025-10-01,2025,10,1,1,1,1.0,False,0.0,30.0,0.0,0
SAROORNAGAR_HAYATH_NAGAR,initial greater-Hyderabad study area,TGSPDCL,SAROORNAGAR,SAROORNAGAR,HAYATHNAGAR,HAYATH NAGAR,2025-11-01,2025,11,1,1,1,1.0,False,0.0,30.0,0.0,0
SAROORNAGAR_HAYATH_NAGAR,initial greater-Hyderabad study area,TGSPDCL,SAROORNAGAR,SAROORNAGAR,HAYATHNAGAR,HAYATH NAGAR,2025-12-01,2025,12,1,1,1,1.0,False,0.0,30.0,0.0,0
SAROORNAGAR_HAYATH_NAGAR,initial greater-Hyderabad study area,TGSPDCL,SAROORNAGAR,SAROORNAGAR,HAYATHNAGAR,HAYATH NAGAR,2026-01-01,2026,1,1,1,1,1.0,False,0.0,30.0,0.0,0
SAROORNAGAR_HAYATH_NAGAR,initial greater-Hyderabad study area,TGSPDCL,SAROORNAGAR,SAROORNAGAR,HAYATHNAGAR,HAYATH NAGAR,2026-02-01,2026,2,1,1,1,1.0,False,0.0,30.0,0.0,0
SAROORNAGAR_HAYATH_NAGAR,initial greater-Hyderabad study area,TGSPDCL,SAROORNAGAR,SAROORNAGAR,HAYATHNAGAR,HAYATH NAGAR,2026-03-01,2026,3,1,1,1,1.0,False,0.0,30.0,0.0,0
SAROORNAGAR_HAYATH_NAGAR,initial greater-Hyderabad study area,TGSPDCL,SAROORNAGAR,SAROORNAGAR,HAYATHNAGAR,HAYATH NAGAR,2026-04-01,2026,4,1,1,1,1.0,False,0.0,30.0,0.0,0
SAROORNAGAR_HAYATH_NAGAR,initial greater-Hyderabad study area,TGSPDCL,SAROORNAGAR,SAROORNAGAR,HAYATHNAGAR,HAYATH NAGAR,2026-05-01,2026,5,1,0,1,1.0,False,27.0,30.0,27.0,0
SAROORNAGAR_HAYATH_NAGAR,initial greater-Hyderabad study area,TGSPDCL,SAROORNAGAR,SAROORNAGAR,HAYATHNAGAR,HAYATH NAGAR,2026-06-01,2026,6,1,0,1,1.0,False,725.0,30.0,725.0,0
SAROORNAGAR_HAYATH_NAGAR,initial greater-Hyderabad study area,TGSPDCL,SAROORNAGAR,SAROORNAGAR,HAYATHNAGAR,HAYATH NAGAR,2026-07-01,2026,7,1,0,1,1.0,False,1434.0,30.0,1434.0,0
SAROORNAGAR_HAYATH_NAGAR,initial greater-Hyderabad study area,TGSPDCL,SAROORNAGAR,SAROORNAGAR,HAYATHNAGAR,HAYATH NAGAR,2026-08-01,2026,8,1,0,1,1.0,False,1129.0,30.0,1129.0,0
SAROORNAGAR_IBRAHIMPATNAM,initial greater-Hyderabad study area,TGSPDCL,SAROORNAGAR,IBRAHIMPATNAM,IBRAHIMPATNAM,IBRAHIMPATNAM,2025-04-01,2025,4,1,1,1,,True,0.0,54.0,0.0,0
SAROORNAGAR_IBRAHIMPATNAM,initial greater-Hyderabad study area,TGSPDCL,SAROORNAGAR,IBRAHIMPATNAM,IBRAHIMPATNAM,IBRAHIMPATNAM,2025-05-01,2025,5,1,1,1,1.0,False,0.0,54.0,0.0,0
SAROORNAGAR_IBRAHIMPATNAM,initial greater-Hyderabad study area,TGSPDCL,SAROORNAGAR,IBRAHIMPATNAM,IBRAHIMPATNAM,IBRAHIMPATNAM,2025-06-01,2025,6,1,1,1,1.0,False,0.0,54.0,0.0,0
SAROORNAGAR_IBRAHIMPATNAM,initial greater-Hyderabad study area,TGSPDCL,SAROORNAGAR,IBRAHIMPATNAM,IBRAHIMPATNAM,IBRAHIMPATNAM,2025-07-01,2025,7,1,0,1,1.0,False,15.0,54.0,15.0,0
SAROORNAGAR_IBRAHIMPATNAM,initial greater-Hyderabad study area,TGSPDCL,SAROORNAGAR,IBRAHIMPATNAM,IBRAHIMPATNAM,IBRAHIMPATNAM,2025-08-01,2025,8,1,0,1,1.0,False,142.0,54.0,142.0,0
SAROORNAGAR_IBRAHIMPATNAM,initial greater-Hyderabad study area,TGSPDCL,SAROORNAGAR,IBRAHIMPATNAM,IBRAHIMPATNAM,IBRAHIMPATNAM,2025-09-01,2025,9,1,0,1,1.0,False,79.0,54.0,79.0,0
SAROORNAGAR_IBRAHIMPATNAM,initial greater-Hyderabad study area,TGSPDCL,SAROORNAGAR,IBRAHIMPATNAM,IBRAHIMPATNAM,IBRAHIMPATNAM,2025-10-01,2025,10,1,0,1,1.0,False,241.0,54.0,241.0,0
SAROORNAGAR_IBRAHIMPATNAM,initial greater-Hyderabad study area,TGSPDCL,SAROORNAGAR,IBRAHIMPATNAM,IBRAHIMPATNAM,IBRAHIMPATNAM,2025-11-01,2025,11,1,0,1,1.0,False,411.0,54.0,411.0,0
SAROORNAGAR_IBRAHIMPATNAM,initial greater-Hyderabad study area,TGSPDCL,SAROORNAGAR,IBRAHIMPATNAM,IBRAHIMPATNAM,IBRAHIMPATNAM,2025-12-01,2025,12,1,0,1,1.0,False,247.0,54.0,247.0,0
SAROORNAGAR_IBRAHIMPATNAM,initial greater-Hyderabad study area,TGSPDCL,SAROORNAGAR,IBRAHIMPATNAM,IBRAHIMPATNAM,IBRAHIMPATNAM,2026-01-01,2026,1,1,1,1,1.0,False,0.0,54.0,0.0,0
SAROORNAGAR_IBRAHIMPATNAM,initial greater-Hyderabad study area,TGSPDCL,SAROORNAGAR,IBRAHIMPATNAM,IBRAHIMPATNAM,IBRAHIMPATNAM,2026-02-01,2026,2,1,1,1,1.0,False,0.0,54.0,0.0,0
SAROORNAGAR_IBRAHIMPATNAM,initial greater-Hyderabad study area,TGSPDCL,SAROORNAGAR,IBRAHIMPATNAM,IBRAHIMPATNAM,IBRAHIMPATNAM,2026-03-01,2026,3,1,1,1,1.0,False,0.0,54.0,0.0,0
SAROORNAGAR_IBRAHIMPATNAM,initial greater-Hyderabad study area,TGSPDCL,SAROORNAGAR,IBRAHIMPATNAM,IBRAHIMPATNAM,IBRAHIMPATNAM,2026-04-01,2026,4,1,0,1,1.0,False,48.0,54.0,48.0,0
SAROORNAGAR_IBRAHIMPATNAM,initial greater-Hyderabad study area,TGSPDCL,SAROORNAGAR,IBRAHIMPATNAM,IBRAHIMPATNAM,IBRAHIMPATNAM,2026-05-01,2026,5,1,0,1,1.0,False,55.0,54.0,55.0,0
SAROORNAGAR_IBRAHIMPATNAM,initial greater-Hyderabad study area,TGSPDCL,SAROORNAGAR,IBRAHIMPATNAM,IBRAHIMPATNAM,IBRAHIMPATNAM,2026-06-01,2026,6,1,0,1,1.0,False,128.0,54.0,128.0,0
SAROORNAGAR_IBRAHIMPATNAM,initial greater-Hyderabad study area,TGSPDCL,SAROORNAGAR,IBRAHIMPATNAM,IBRAHIMPATNAM,IBRAHIMPATNAM,2026-07-01,2026,7,1,0,1,1.0,False,205.0,54.0,205.0,0
SAROORNAGAR_IBRAHIMPATNAM,initial greater-Hyderabad study area,TGSPDCL,SAROORNAGAR,IBRAHIMPATNAM,IBRAHIMPATNAM,IBRAHIMPATNAM,2026-08-01,2026,8,1,0,1,1.0,False,167.0,54.0,167.0,0
SAROORNAGAR_INJAPUR,initial greater-Hyderabad study area,TGSPDCL,SAROORNAGAR,IBRAHIMPATNAM,TURKAYAMJAL,INJAPUR,2023-08-01,2023,8,1,0,1,1.0,False,177.0,30.0,177.0,0
SAROORNAGAR_INJAPUR,initial greater-Hyderabad study area,TGSPDCL,SAROORNAGAR,IBRAHIMPATNAM,TURKAYAMJAL,INJAPUR,2023-09-01,2023,9,1,0,1,1.0,False,222.0,30.0,222.0,0
SAROORNAGAR_INJAPUR,initial greater-Hyderabad study area,TGSPDCL,SAROORNAGAR,IBRAHIMPATNAM,TURKAYAMJAL,INJAPUR,2023-10-01,2023,10,1,0,1,1.0,False,197.0,30.0,197.0,0
SAROORNAGAR_INJAPUR,initial greater-Hyderabad study area,TGSPDCL,SAROORNAGAR,IBRAHIMPATNAM,TURKAYAMJAL,INJAPUR,2023-11-01,2023,11,1,0,1,1.0,False,227.0,30.0,227.0,0
SAROORNAGAR_INJAPUR,initial greater-Hyderabad study area,TGSPDCL,SAROORNAGAR,IBRAHIMPATNAM,TURKAYAMJAL,INJAPUR,2026-01-01,2026,1,1,1,1,,True,0.0,54.0,0.0,0
SAROORNAGAR_INJAPUR,initial greater-Hyderabad study area,TGSPDCL,SAROORNAGAR,IBRAHIMPATNAM,TURKAYAMJAL,INJAPUR,2026-02-01,2026,2,1,0,1,1.0,False,3.0,54.0,3.0,0
SAROORNAGAR_INJAPUR,initial greater-Hyderabad study area,TGSPDCL,SAROORNAGAR,IBRAHIMPATNAM,TURKAYAMJAL,INJAPUR,2026-03-01,2026,3,1,1,2,1.0,False,0.0,84.0,0.0,0
SAROORNAGAR_INJAPUR,initial greater-Hyderabad study area,TGSPDCL,SAROORNAGAR,IBRAHIMPATNAM,TURKAYAMJAL,INJAPUR,2026-04-01,2026,4,1,0,2,2.0,False,10.0,84.0,5.0,0
SAROORNAGAR_INJAPUR,initial greater-Hyderabad study area,TGSPDCL,SAROORNAGAR,IBRAHIMPATNAM,TURKAYAMJAL,INJAPUR,2026-05-01,2026,5,1,0,2,2.0,False,9.0,84.0,4.5,0
SAROORNAGAR_INJAPUR,initial greater-Hyderabad study area,TGSPDCL,SAROORNAGAR,IBRAHIMPATNAM,TURKAYAMJAL,INJAPUR,2026-06-01,2026,6,1,0,2,2.0,False,251.0,84.0,125.5,0
SAROORNAGAR_INJAPUR,initial greater-Hyderabad study area,TGSPDCL,SAROORNAGAR,IBRAHIMPATNAM,TURKAYAMJAL,INJAPUR,2026-07-01,2026,7,1,0,2,2.0,False,523.0,84.0,261.5,0
SAROORNAGAR_INJAPUR,initial greater-Hyderabad study area,TGSPDCL,SAROORNAGAR,IBRAHIMPATNAM,TURKAYAMJAL,INJAPUR,2026-08-01,2026,8,1,0,2,2.0,False,685.0,84.0,342.5,0
SAROORNAGAR_LENIN_NAGAR,initial greater-Hyderabad study area,TGSPDCL,SAROORNAGAR,CHAMPAPET,CHAMPAPET,LENIN NAGAR,2026-01-01,2026,1,1,1,1,1.0,False,0.0,54.0,0.0,0
SAROORNAGAR_LENIN_NAGAR,initial greater-Hyderabad study area,TGSPDCL,SAROORNAGAR,CHAMPAPET,CHAMPAPET,LENIN NAGAR,2026-02-01,2026,2,1,0,1,1.0,False,3.0,54.0,3.0,0
SAROORNAGAR_LENIN_NAGAR,initial greater-Hyderabad study area,TGSPDCL,SAROORNAGAR,CHAMPAPET,CHAMPAPET,LENIN NAGAR,2026-03-01,2026,3,1,0,1,1.0,False,159.0,54.0,159.0,0
SAROORNAGAR_LENIN_NAGAR,initial greater-Hyderabad study area,TGSPDCL,SAROORNAGAR,CHAMPAPET,CHAMPAPET,LENIN NAGAR,2026-04-01,2026,4,1,0,1,1.0,False,253.0,54.0,253.0,0
SAROORNAGAR_LENIN_NAGAR,initial greater-Hyderabad study area,TGSPDCL,SAROORNAGAR,CHAMPAPET,CHAMPAPET,LENIN NAGAR,2026-05-01,2026,5,1,0,1,1.0,False,416.0,54.0,416.0,0
SAROORNAGAR_LENIN_NAGAR,initial greater-Hyderabad study area,TGSPDCL,SAROORNAGAR,CHAMPAPET,CHAMPAPET,LENIN NAGAR,2026-06-01,2026,6,1,0,2,1.0,False,686.0,108.0,343.0,0
SAROORNAGAR_LENIN_NAGAR,initial greater-Hyderabad study area,TGSPDCL,SAROORNAGAR,CHAMPAPET,CHAMPAPET,LENIN NAGAR,2026-07-01,2026,7,1,0,2,2.0,False,1185.0,108.0,592.5,0
SAROORNAGAR_LENIN_NAGAR,initial greater-Hyderabad study area,TGSPDCL,SAROORNAGAR,CHAMPAPET,CHAMPAPET,LENIN NAGAR,2026-08-01,2026,8,1,0,2,2.0,False,1288.0,108.0,644.0,0
SAROORNAGAR_L_B_NAGAR,initial greater-Hyderabad study area,TGSPDCL,SAROORNAGAR,SAROORNAGAR,L B NAGAR,L.B.NAGAR,2023-01-01,2023,1,3,1,3,2.0,True,4079.0,33.0,1359.67,0
SAROORNAGAR_L_B_NAGAR,initial greater-Hyderabad study area,TGSPDCL,SAROORNAGAR,SAROORNAGAR,L B NAGAR,L.B.NAGAR,2023-02-01,2023,2,3,0,3,3.0,False,3754.0,33.0,1251.33,0
SAROORNAGAR_L_B_NAGAR,initial greater-Hyderabad study area,TGSPDCL,SAROORNAGAR,SAROORNAGAR,L B NAGAR,L.B.NAGAR,2023-03-01,2023,3,4,0,4,4.0,False,3332.0,87.0,833.0,0
SAROORNAGAR_L_B_NAGAR,initial greater-Hyderabad study area,TGSPDCL,SAROORNAGAR,SAROORNAGAR,L B NAGAR,L.B.NAGAR,2023-04-01,2023,4,4,0,4,4.0,False,3507.0,87.0,876.75,0
SAROORNAGAR_L_B_NAGAR,initial greater-Hyderabad study area,TGSPDCL,SAROORNAGAR,SAROORNAGAR,L B NAGAR,L.B.NAGAR,2023-05-01,2023,5,4,2,4,4.0,False,2463.0,87.0,615.75,0
SAROORNAGAR_L_B_NAGAR,initial greater-Hyderabad study area,TGSPDCL,SAROORNAGAR,SAROORNAGAR,L B NAGAR,L.B.NAGAR,2023-06-01,2023,6,4,0,4,4.0,False,3278.0,87.0,819.5,0
SAROORNAGAR_L_B_NAGAR,initial greater-Hyderabad study area,TGSPDCL,SAROORNAGAR,SAROORNAGAR,L B NAGAR,L.B.NAGAR,2023-07-01,2023,7,4,0,4,4.0,False,3648.0,87.0,912.0,0
SAROORNAGAR_L_B_NAGAR,initial greater-Hyderabad study area,TGSPDCL,SAROORNAGAR,SAROORNAGAR,L B NAGAR,L.B.NAGAR,2023-08-01,2023,8,5,1,5,5.0,False,3672.0,141.0,734.4,0
SAROORNAGAR_L_B_NAGAR,initial greater-Hyderabad study area,TGSPDCL,SAROORNAGAR,SAROORNAGAR,L B NAGAR,L.B.NAGAR,2023-09-01,2023,9,5,0,5,5.0,False,4235.0,141.0,847.0,0
SAROORNAGAR_L_B_NAGAR,initial greater-Hyderabad study area,TGSPDCL,SAROORNAGAR,SAROORNAGAR,L B NAGAR,L.B.NAGAR,2023-10-01,2023,10,5,1,5,5.0,False,4756.0,141.0,951.2,0
SAROORNAGAR_L_B_NAGAR,initial greater-Hyderabad study area,TGSPDCL,SAROORNAGAR,SAROORNAGAR,L B NAGAR,L.B.NAGAR,2023-11-01,2023,11,5,1,5,5.0,False,5792.0,141.0,1158.4,0
SAROORNAGAR_L_B_NAGAR,initial greater-Hyderabad study area,TGSPDCL,SAROORNAGAR,SAROORNAGAR,L B NAGAR,L.B.NAGAR,2023-12-01,2023,12,5,1,5,5.0,False,7063.0,141.0,1412.6,0
SAROORNAGAR_L_B_NAGAR,initial greater-Hyderabad study area,TGSPDCL,SAROORNAGAR,SAROORNAGAR,L B NAGAR,L.B.NAGAR,2024-01-01,2024,1,5,0,5,5.0,False,7233.0,141.0,1446.6,0
SAROORNAGAR_L_B_NAGAR,initial greater-Hyderabad study area,TGSPDCL,SAROORNAGAR,SAROORNAGAR,L B NAGAR,L.B.NAGAR,2024-02-01,2024,2,5,0,5,5.0,False,5750.0,141.0,1150.0,0
SAROORNAGAR_L_B_NAGAR,initial greater-Hyderabad study area,TGSPDCL,SAROORNAGAR,SAROORNAGAR,L B NAGAR,L.B.NAGAR,2024-03-01,2024,3,5,0,5,5.0,False,6617.0,141.0,1323.4,0
SAROORNAGAR_L_B_NAGAR,initial greater-Hyderabad study area,TGSPDCL,SAROORNAGAR,SAROORNAGAR,L B NAGAR,L.B.NAGAR,2024-04-01,2024,4,5,0,5,5.0,False,8414.0,141.0,1682.8,0
SAROORNAGAR_L_B_NAGAR,initial greater-Hyderabad study area,TGSPDCL,SAROORNAGAR,SAROORNAGAR,L B NAGAR,L.B.NAGAR,2024-05-01,2024,5,5,0,5,5.0,False,9988.0,141.0,1997.6,0
SAROORNAGAR_L_B_NAGAR,initial greater-Hyderabad study area,TGSPDCL,SAROORNAGAR,SAROORNAGAR,L B NAGAR,L.B.NAGAR,2024-06-01,2024,6,5,0,5,5.0,False,12292.0,141.0,2458.4,0
SAROORNAGAR_L_B_NAGAR,initial greater-Hyderabad study area,TGSPDCL,SAROORNAGAR,SAROORNAGAR,L B NAGAR,L.B.NAGAR,2024-07-01,2024,7,5,0,5,5.0,False,14425.0,141.0,2885.0,0
SAROORNAGAR_L_B_NAGAR,initial greater-Hyderabad study area,TGSPDCL,SAROORNAGAR,SAROORNAGAR,L B NAGAR,L.B.NAGAR,2024-08-01,2024,8,5,0,5,5.0,False,8710.0,141.0,1742.0,0
SAROORNAGAR_L_B_NAGAR,initial greater-Hyderabad study area,TGSPDCL,SAROORNAGAR,SAROORNAGAR,L B NAGAR,L.B.NAGAR,2024-09-01,2024,9,5,1,5,5.0,False,12362.0,141.0,2472.4,0
SAROORNAGAR_L_B_NAGAR,initial greater-Hyderabad study area,TGSPDCL,SAROORNAGAR,SAROORNAGAR,L B NAGAR,L.B.NAGAR,2024-10-01,2024,10,5,1,5,5.0,False,7396.0,141.0,1479.2,0
SAROORNAGAR_L_B_NAGAR,initial greater-Hyderabad study area,TGSPDCL,SAROORNAGAR,SAROORNAGAR,L B NAGAR,L.B.NAGAR,2024-11-01,2024,11,5,1,5,5.0,False,8817.0,141.0,1763.4,0
SAROORNAGAR_L_B_NAGAR,initial greater-Hyderabad study area,TGSPDCL,SAROORNAGAR,SAROORNAGAR,L B NAGAR,L.B.NAGAR,2024-12-01,2024,12,5,1,5,5.0,False,6989.0,141.0,1397.8,0
SAROORNAGAR_L_B_NAGAR,initial greater-Hyderabad study area,TGSPDCL,SAROORNAGAR,SAROORNAGAR,L B NAGAR,L.B.NAGAR,2025-01-01,2025,1,5,1,5,5.0,False,8930.0,141.0,1786.0,0
SAROORNAGAR_L_B_NAGAR,initial greater-Hyderabad study area,TGSPDCL,SAROORNAGAR,SAROORNAGAR,L B NAGAR,L.B.NAGAR,2025-02-01,2025,2,5,2,5,5.0,False,8901.0,141.0,1780.2,0
SAROORNAGAR_L_B_NAGAR,initial greater-Hyderabad study area,TGSPDCL,SAROORNAGAR,SAROORNAGAR,L B NAGAR,L.B.NAGAR,2025-03-01,2025,3,5,2,5,5.0,False,8600.0,141.0,1720.0,0
SAROORNAGAR_L_B_NAGAR,initial greater-Hyderabad study area,TGSPDCL,SAROORNAGAR,SAROORNAGAR,L B NAGAR,L.B.NAGAR,2025-04-01,2025,4,5,1,5,5.0,False,10606.0,141.0,2121.2,0
SAROORNAGAR_L_B_NAGAR,initial greater-Hyderabad study area,TGSPDCL,SAROORNAGAR,SAROORNAGAR,L B NAGAR,L.B.NAGAR,2025-05-01,2025,5,5,1,5,5.0,False,8560.0,141.0,1712.0,0
SAROORNAGAR_L_B_NAGAR,initial greater-Hyderabad study area,TGSPDCL,SAROORNAGAR,SAROORNAGAR,L B NAGAR,L.B.NAGAR,2025-06-01,2025,6,5,1,5,5.0,False,5382.0,141.0,1076.4,0
SAROORNAGAR_L_B_NAGAR,initial greater-Hyderabad study area,TGSPDCL,SAROORNAGAR,SAROORNAGAR,L B NAGAR,L.B.NAGAR,2025-07-01,2025,7,5,1,5,5.0,False,5216.0,141.0,1043.2,0
SAROORNAGAR_L_B_NAGAR,initial greater-Hyderabad study area,TGSPDCL,SAROORNAGAR,SAROORNAGAR,L B NAGAR,L.B.NAGAR,2025-08-01,2025,8,5,1,5,5.0,False,4653.0,141.0,930.6,0
SAROORNAGAR_L_B_NAGAR,initial greater-Hyderabad study area,TGSPDCL,SAROORNAGAR,SAROORNAGAR,L B NAGAR,L.B.NAGAR,2025-09-01,2025,9,5,2,5,5.0,False,1650.0,141.0,330.0,0
SAROORNAGAR_L_B_NAGAR,initial greater-Hyderabad study area,TGSPDCL,SAROORNAGAR,SAROORNAGAR,L B NAGAR,L.B.NAGAR,2025-10-01,2025,10,5,1,5,5.0,False,1756.0,141.0,351.2,0
SAROORNAGAR_L_B_NAGAR,initial greater-Hyderabad study area,TGSPDCL,SAROORNAGAR,SAROORNAGAR,L B NAGAR,L.B.NAGAR,2025-11-01,2025,11,5,2,5,5.0,False,1830.0,141.0,366.0,0
SAROORNAGAR_L_B_NAGAR,initial greater-Hyderabad study area,TGSPDCL,SAROORNAGAR,SAROORNAGAR,L B NAGAR,L.B.NAGAR,2025-12-01,2025,12,5,3,5,5.0,False,2448.0,141.0,489.6,0
SAROORNAGAR_L_B_NAGAR,initial greater-Hyderabad study area,TGSPDCL,SAROORNAGAR,SAROORNAGAR,L B NAGAR,L.B.NAGAR,2026-01-01,2026,1,5,3,5,5.0,False,4495.0,141.0,899.0,0
SAROORNAGAR_L_B_NAGAR,initial greater-Hyderabad study area,TGSPDCL,SAROORNAGAR,SAROORNAGAR,L B NAGAR,L.B.NAGAR,2026-02-01,2026,2,5,3,5,5.0,False,4222.0,141.0,844.4,0
SAROORNAGAR_L_B_NAGAR,initial greater-Hyderabad study area,TGSPDCL,SAROORNAGAR,SAROORNAGAR,L B NAGAR,L.B.NAGAR,2026-03-01,2026,3,5,2,5,5.0,False,4935.0,141.0,987.0,0
SAROORNAGAR_L_B_NAGAR,initial greater-Hyderabad study area,TGSPDCL,SAROORNAGAR,SAROORNAGAR,L B NAGAR,L.B.NAGAR,2026-04-01,2026,4,5,1,5,5.0,False,3026.0,141.0,605.2,0
SAROORNAGAR_L_B_NAGAR,initial greater-Hyderabad study area,TGSPDCL,SAROORNAGAR,SAROORNAGAR,L B NAGAR,L.B.NAGAR,2026-05-01,2026,5,5,2,5,5.0,False,4758.0,141.0,951.6,0
SAROORNAGAR_L_B_NAGAR,initial greater-Hyderabad study area,TGSPDCL,SAROORNAGAR,SAROORNAGAR,L B NAGAR,L.B.NAGAR,2026-06-01,2026,6,5,1,5,5.0,False,4428.0,141.0,885.6,0
SAROORNAGAR_L_B_NAGAR,initial greater-Hyderabad study area,TGSPDCL,SAROORNAGAR,SAROORNAGAR,L B NAGAR,L.B.NAGAR,2026-07-01,2026,7,2,0,4,4.0,False,2985.0,134.0,746.25,1
SAROORNAGAR_L_B_NAGAR,initial greater-Hyderabad study area,TGSPDCL,SAROORNAGAR,SAROORNAGAR,L B NAGAR,L.B.NAGAR,2026-08-01,2026,8,3,0,4,4.0,False,1429.0,128.0,357.25,0
SAROORNAGAR_MEERPET,initial greater-Hyderabad study area,TGSPDCL,SAROORNAGAR,CHAMPAPET,CHAMPAPET,MEERPET,2025-03-01,2025,3,1,1,1,,True,0.0,54.0,0.0,0
SAROORNAGAR_MEERPET,initial greater-Hyderabad study area,TGSPDCL,SAROORNAGAR,CHAMPAPET,CHAMPAPET,MEERPET,2025-04-01,2025,4,1,0,1,1.0,False,1503.0,54.0,1503.0,0
SAROORNAGAR_MEERPET,initial greater-Hyderabad study area,TGSPDCL,SAROORNAGAR,CHAMPAPET,CHAMPAPET,MEERPET,2025-05-01,2025,5,1,0,1,1.0,False,5187.0,54.0,5187.0,0
SAROORNAGAR_MEERPET,initial greater-Hyderabad study area,TGSPDCL,SAROORNAGAR,CHAMPAPET,CHAMPAPET,MEERPET,2025-06-01,2025,6,1,0,2,2.0,False,7241.0,108.0,3620.5,0
SAROORNAGAR_MEERPET,initial greater-Hyderabad study area,TGSPDCL,SAROORNAGAR,CHAMPAPET,CHAMPAPET,MEERPET,2025-07-01,2025,7,1,0,2,2.0,False,8293.0,108.0,4146.5,0
SAROORNAGAR_MEERPET,initial greater-Hyderabad study area,TGSPDCL,SAROORNAGAR,CHAMPAPET,CHAMPAPET,MEERPET,2025-08-01,2025,8,1,0,2,2.0,False,13214.0,108.0,6607.0,0
SAROORNAGAR_MEERPET,initial greater-Hyderabad study area,TGSPDCL,SAROORNAGAR,CHAMPAPET,CHAMPAPET,MEERPET,2025-09-01,2025,9,1,0,2,2.0,False,10923.0,108.0,5461.5,0
SAROORNAGAR_MEERPET,initial greater-Hyderabad study area,TGSPDCL,SAROORNAGAR,CHAMPAPET,CHAMPAPET,MEERPET,2025-10-01,2025,10,1,0,2,2.0,False,11748.0,108.0,5874.0,0
SAROORNAGAR_MEERPET,initial greater-Hyderabad study area,TGSPDCL,SAROORNAGAR,CHAMPAPET,CHAMPAPET,MEERPET,2025-11-01,2025,11,1,0,2,2.0,False,8940.0,108.0,4470.0,0
SAROORNAGAR_MEERPET,initial greater-Hyderabad study area,TGSPDCL,SAROORNAGAR,CHAMPAPET,CHAMPAPET,MEERPET,2025-12-01,2025,12,1,0,2,2.0,False,9766.0,108.0,4883.0,0
SAROORNAGAR_MEERPET,initial greater-Hyderabad study area,TGSPDCL,SAROORNAGAR,CHAMPAPET,CHAMPAPET,MEERPET,2026-01-01,2026,1,1,0,2,2.0,False,10619.0,108.0,5309.5,0
SAROORNAGAR_MEERPET,initial greater-Hyderabad study area,TGSPDCL,SAROORNAGAR,CHAMPAPET,CHAMPAPET,MEERPET,2026-02-01,2026,2,1,0,2,2.0,False,9891.0,108.0,4945.5,0
SAROORNAGAR_MEERPET,initial greater-Hyderabad study area,TGSPDCL,SAROORNAGAR,CHAMPAPET,CHAMPAPET,MEERPET,2026-03-01,2026,3,1,0,2,2.0,False,9798.0,108.0,4899.0,0
SAROORNAGAR_MEERPET,initial greater-Hyderabad study area,TGSPDCL,SAROORNAGAR,CHAMPAPET,CHAMPAPET,MEERPET,2026-04-01,2026,4,1,0,2,2.0,False,10954.0,108.0,5477.0,0
SAROORNAGAR_MEERPET,initial greater-Hyderabad study area,TGSPDCL,SAROORNAGAR,CHAMPAPET,CHAMPAPET,MEERPET,2026-05-01,2026,5,1,0,2,2.0,False,5041.0,108.0,2520.5,0
SAROORNAGAR_MEERPET,initial greater-Hyderabad study area,TGSPDCL,SAROORNAGAR,CHAMPAPET,CHAMPAPET,MEERPET,2026-06-01,2026,6,1,0,2,2.0,False,8700.0,108.0,4350.0,0
SAROORNAGAR_MEERPET,initial greater-Hyderabad study area,TGSPDCL,SAROORNAGAR,CHAMPAPET,CHAMPAPET,MEERPET,2026-07-01,2026,7,1,0,2,2.0,False,18886.0,108.0,9443.0,0
SAROORNAGAR_MEERPET,initial greater-Hyderabad study area,TGSPDCL,SAROORNAGAR,CHAMPAPET,CHAMPAPET,MEERPET,2026-08-01,2026,8,1,0,2,2.0,False,17879.0,108.0,8939.5,0
SAROORNAGAR_PEDDA_AMBERPET,initial greater-Hyderabad study area,TGSPDCL,SAROORNAGAR,SAROORNAGAR,HAYATHNAGAR,PEDDA AMBERPET,2023-01-01,2023,1,1,0,1,1.0,False,69.0,22.0,69.0,0
SAROORNAGAR_PEDDA_AMBERPET,initial greater-Hyderabad study area,TGSPDCL,SAROORNAGAR,SAROORNAGAR,HAYATHNAGAR,PEDDA AMBERPET,2023-02-01,2023,2,1,0,1,1.0,False,42.0,22.0,42.0,0
SAROORNAGAR_PEDDA_AMBERPET,initial greater-Hyderabad study area,TGSPDCL,SAROORNAGAR,SAROORNAGAR,HAYATHNAGAR,PEDDA AMBERPET,2023-03-01,2023,3,1,0,1,1.0,False,46.0,22.0,46.0,0
SAROORNAGAR_PEDDA_AMBERPET,initial greater-Hyderabad study area,TGSPDCL,SAROORNAGAR,SAROORNAGAR,HAYATHNAGAR,PEDDA AMBERPET,2023-04-01,2023,4,1,0,1,1.0,False,142.0,22.0,142.0,0
SAROORNAGAR_PEDDA_AMBERPET,initial greater-Hyderabad study area,TGSPDCL,SAROORNAGAR,SAROORNAGAR,HAYATHNAGAR,PEDDA AMBERPET,2023-05-01,2023,5,1,0,1,1.0,False,63.0,22.0,63.0,0
SAROORNAGAR_PEDDA_AMBERPET,initial greater-Hyderabad study area,TGSPDCL,SAROORNAGAR,SAROORNAGAR,HAYATHNAGAR,PEDDA AMBERPET,2023-06-01,2023,6,1,0,1,1.0,False,134.0,22.0,134.0,0
SAROORNAGAR_PEDDA_AMBERPET,initial greater-Hyderabad study area,TGSPDCL,SAROORNAGAR,SAROORNAGAR,HAYATHNAGAR,PEDDA AMBERPET,2023-07-01,2023,7,1,0,1,1.0,False,65.0,22.0,65.0,0
SAROORNAGAR_PEDDA_AMBERPET,initial greater-Hyderabad study area,TGSPDCL,SAROORNAGAR,SAROORNAGAR,HAYATHNAGAR,PEDDA AMBERPET,2023-08-01,2023,8,1,0,1,1.0,False,96.0,22.0,96.0,0
SAROORNAGAR_PEDDA_AMBERPET,initial greater-Hyderabad study area,TGSPDCL,SAROORNAGAR,SAROORNAGAR,HAYATHNAGAR,PEDDA AMBERPET,2023-09-01,2023,9,1,0,1,1.0,False,58.0,22.0,58.0,0
SAROORNAGAR_PEDDA_AMBERPET,initial greater-Hyderabad study area,TGSPDCL,SAROORNAGAR,SAROORNAGAR,HAYATHNAGAR,PEDDA AMBERPET,2023-10-01,2023,10,1,0,1,1.0,False,44.0,22.0,44.0,0
SAROORNAGAR_PEDDA_AMBERPET,initial greater-Hyderabad study area,TGSPDCL,SAROORNAGAR,SAROORNAGAR,HAYATHNAGAR,PEDDA AMBERPET,2023-11-01,2023,11,1,0,1,1.0,False,55.0,22.0,55.0,0
SAROORNAGAR_PEDDA_AMBERPET,initial greater-Hyderabad study area,TGSPDCL,SAROORNAGAR,SAROORNAGAR,HAYATHNAGAR,PEDDA AMBERPET,2023-12-01,2023,12,1,0,1,1.0,False,84.0,22.0,84.0,0
SAROORNAGAR_PEDDA_AMBERPET,initial greater-Hyderabad study area,TGSPDCL,SAROORNAGAR,SAROORNAGAR,HAYATHNAGAR,PEDDA AMBERPET,2024-01-01,2024,1,1,0,1,1.0,False,146.0,22.0,146.0,0
SAROORNAGAR_PEDDA_AMBERPET,initial greater-Hyderabad study area,TGSPDCL,SAROORNAGAR,SAROORNAGAR,HAYATHNAGAR,PEDDA AMBERPET,2024-02-01,2024,2,1,0,1,1.0,False,61.0,22.0,61.0,0
SAROORNAGAR_PEDDA_AMBERPET,initial greater-Hyderabad study area,TGSPDCL,SAROORNAGAR,SAROORNAGAR,HAYATHNAGAR,PEDDA AMBERPET,2024-03-01,2024,3,1,0,1,1.0,False,45.0,22.0,45.0,0
SAROORNAGAR_PEDDA_AMBERPET,initial greater-Hyderabad study area,TGSPDCL,SAROORNAGAR,SAROORNAGAR,HAYATHNAGAR,PEDDA AMBERPET,2024-04-01,2024,4,1,0,1,1.0,False,54.0,22.0,54.0,0
SAROORNAGAR_PEDDA_AMBERPET,initial greater-Hyderabad study area,TGSPDCL,SAROORNAGAR,SAROORNAGAR,HAYATHNAGAR,PEDDA AMBERPET,2024-05-01,2024,5,1,0,1,1.0,False,118.0,22.0,118.0,0
SAROORNAGAR_PEDDA_AMBERPET,initial greater-Hyderabad study area,TGSPDCL,SAROORNAGAR,SAROORNAGAR,HAYATHNAGAR,PEDDA AMBERPET,2024-06-01,2024,6,1,0,1,1.0,False,76.0,22.0,76.0,0
SAROORNAGAR_PEDDA_AMBERPET,initial greater-Hyderabad study area,TGSPDCL,SAROORNAGAR,SAROORNAGAR,HAYATHNAGAR,PEDDA AMBERPET,2024-07-01,2024,7,1,0,1,1.0,False,68.0,22.0,68.0,0
SAROORNAGAR_PEDDA_AMBERPET,initial greater-Hyderabad study area,TGSPDCL,SAROORNAGAR,SAROORNAGAR,HAYATHNAGAR,PEDDA AMBERPET,2024-08-01,2024,8,1,0,1,1.0,False,96.0,22.0,96.0,0
SAROORNAGAR_PEDDA_AMBERPET,initial greater-Hyderabad study area,TGSPDCL,SAROORNAGAR,SAROORNAGAR,HAYATHNAGAR,PEDDA AMBERPET,2024-09-01,2024,9,1,0,1,1.0,False,193.0,22.0,193.0,0
SAROORNAGAR_PEDDA_AMBERPET,initial greater-Hyderabad study area,TGSPDCL,SAROORNAGAR,SAROORNAGAR,HAYATHNAGAR,PEDDA AMBERPET,2024-10-01,2024,10,1,0,1,1.0,False,231.0,22.0,231.0,0
SAROORNAGAR_PEDDA_AMBERPET,initial greater-Hyderabad study area,TGSPDCL,SAROORNAGAR,SAROORNAGAR,HAYATHNAGAR,PEDDA AMBERPET,2024-11-01,2024,11,1,0,1,1.0,False,446.0,22.0,446.0,0
SAROORNAGAR_PEDDA_AMBERPET,initial greater-Hyderabad study area,TGSPDCL,SAROORNAGAR,SAROORNAGAR,HAYATHNAGAR,PEDDA AMBERPET,2024-12-01,2024,12,1,0,1,1.0,False,358.0,22.0,358.0,0
SAROORNAGAR_PEDDA_AMBERPET,initial greater-Hyderabad study area,TGSPDCL,SAROORNAGAR,SAROORNAGAR,HAYATHNAGAR,PEDDA AMBERPET,2025-01-01,2025,1,1,0,1,1.0,False,183.0,22.0,183.0,0
SAROORNAGAR_PEDDA_AMBERPET,initial greater-Hyderabad study area,TGSPDCL,SAROORNAGAR,SAROORNAGAR,HAYATHNAGAR,PEDDA AMBERPET,2025-02-01,2025,2,1,0,1,1.0,False,82.0,22.0,82.0,0
SAROORNAGAR_PEDDA_AMBERPET,initial greater-Hyderabad study area,TGSPDCL,SAROORNAGAR,SAROORNAGAR,HAYATHNAGAR,PEDDA AMBERPET,2025-03-01,2025,3,1,0,1,1.0,False,122.0,22.0,122.0,0
SAROORNAGAR_PEDDA_AMBERPET,initial greater-Hyderabad study area,TGSPDCL,SAROORNAGAR,SAROORNAGAR,HAYATHNAGAR,PEDDA AMBERPET,2025-04-01,2025,4,1,0,1,1.0,False,107.0,22.0,107.0,0
SAROORNAGAR_PEDDA_AMBERPET,initial greater-Hyderabad study area,TGSPDCL,SAROORNAGAR,SAROORNAGAR,HAYATHNAGAR,PEDDA AMBERPET,2025-05-01,2025,5,2,1,2,1.0,True,63.0,76.0,31.5,0
SAROORNAGAR_PEDDA_AMBERPET,initial greater-Hyderabad study area,TGSPDCL,SAROORNAGAR,SAROORNAGAR,HAYATHNAGAR,PEDDA AMBERPET,2025-06-01,2025,6,3,2,3,2.0,True,81.0,130.0,27.0,0
SAROORNAGAR_PEDDA_AMBERPET,initial greater-Hyderabad study area,TGSPDCL,SAROORNAGAR,SAROORNAGAR,HAYATHNAGAR,PEDDA AMBERPET,2025-07-01,2025,7,3,1,3,3.0,False,775.0,130.0,258.33,0
SAROORNAGAR_PEDDA_AMBERPET,initial greater-Hyderabad study area,TGSPDCL,SAROORNAGAR,SAROORNAGAR,HAYATHNAGAR,PEDDA AMBERPET,2025-08-01,2025,8,3,1,3,3.0,False,1720.0,130.0,573.33,0
SAROORNAGAR_PEDDA_AMBERPET,initial greater-Hyderabad study area,TGSPDCL,SAROORNAGAR,SAROORNAGAR,HAYATHNAGAR,PEDDA AMBERPET,2025-09-01,2025,9,3,1,3,3.0,False,3321.0,130.0,1107.0,0
SAROORNAGAR_PEDDA_AMBERPET,initial greater-Hyderabad study area,TGSPDCL,SAROORNAGAR,SAROORNAGAR,HAYATHNAGAR,PEDDA AMBERPET,2025-10-01,2025,10,3,1,3,3.0,False,2916.0,130.0,972.0,0
SAROORNAGAR_PEDDA_AMBERPET,initial greater-Hyderabad study area,TGSPDCL,SAROORNAGAR,SAROORNAGAR,HAYATHNAGAR,PEDDA AMBERPET,2025-11-01,2025,11,3,2,3,3.0,False,3899.0,130.0,1299.67,0
SAROORNAGAR_PEDDA_AMBERPET,initial greater-Hyderabad study area,TGSPDCL,SAROORNAGAR,SAROORNAGAR,HAYATHNAGAR,PEDDA AMBERPET,2025-12-01,2025,12,3,1,3,3.0,False,3647.0,130.0,1215.67,0
SAROORNAGAR_PEDDA_AMBERPET,initial greater-Hyderabad study area,TGSPDCL,SAROORNAGAR,SAROORNAGAR,HAYATHNAGAR,PEDDA AMBERPET,2026-01-01,2026,1,3,1,3,3.0,False,3688.0,130.0,1229.33,0
SAROORNAGAR_PEDDA_AMBERPET,initial greater-Hyderabad study area,TGSPDCL,SAROORNAGAR,SAROORNAGAR,HAYATHNAGAR,PEDDA AMBERPET,2026-02-01,2026,2,3,1,3,3.0,False,4336.0,130.0,1445.33,0
SAROORNAGAR_PEDDA_AMBERPET,initial greater-Hyderabad study area,TGSPDCL,SAROORNAGAR,SAROORNAGAR,HAYATHNAGAR,PEDDA AMBERPET,2026-03-01,2026,3,3,1,3,3.0,False,4127.0,130.0,1375.67,0
SAROORNAGAR_PEDDA_AMBERPET,initial greater-Hyderabad study area,TGSPDCL,SAROORNAGAR,SAROORNAGAR,HAYATHNAGAR,PEDDA AMBERPET,2026-04-01,2026,4,3,1,3,3.0,False,5970.0,130.0,1990.0,0
SAROORNAGAR_PEDDA_AMBERPET,initial greater-Hyderabad study area,TGSPDCL,SAROORNAGAR,SAROORNAGAR,HAYATHNAGAR,PEDDA AMBERPET,2026-05-01,2026,5,3,1,3,3.0,False,2400.0,130.0,800.0,0
SAROORNAGAR_PEDDA_AMBERPET,initial greater-Hyderabad study area,TGSPDCL,SAROORNAGAR,SAROORNAGAR,HAYATHNAGAR,PEDDA AMBERPET,2026-06-01,2026,6,3,0,3,3.0,False,6570.0,130.0,2190.0,0
SAROORNAGAR_PEDDA_AMBERPET,initial greater-Hyderabad study area,TGSPDCL,SAROORNAGAR,SAROORNAGAR,HAYATHNAGAR,PEDDA AMBERPET,2026-07-01,2026,7,3,0,3,3.0,False,8105.0,130.0,2701.67,0
SAROORNAGAR_PEDDA_AMBERPET,initial greater-Hyderabad study area,TGSPDCL,SAROORNAGAR,SAROORNAGAR,HAYATHNAGAR,PEDDA AMBERPET,2026-08-01,2026,8,3,0,3,3.0,False,9239.0,130.0,3079.67,0
SAROORNAGAR_RAMAKRISHNAPURAM,initial greater-Hyderabad study area,TGSPDCL,SAROORNAGAR,SAROORNAGAR,SAROORNAGAR,RAMAKRISHNAPURAM,2024-07-01,2024,7,1,1,1,,True,0.0,54.0,0.0,0
SAROORNAGAR_RAMAKRISHNAPURAM,initial greater-Hyderabad study area,TGSPDCL,SAROORNAGAR,SAROORNAGAR,SAROORNAGAR,RAMAKRISHNAPURAM,2024-08-01,2024,8,1,0,1,1.0,False,66.0,54.0,66.0,0
SAROORNAGAR_RAMAKRISHNAPURAM,initial greater-Hyderabad study area,TGSPDCL,SAROORNAGAR,SAROORNAGAR,SAROORNAGAR,RAMAKRISHNAPURAM,2024-09-01,2024,9,1,0,2,1.0,False,982.0,108.0,491.0,0
SAROORNAGAR_RAMAKRISHNAPURAM,initial greater-Hyderabad study area,TGSPDCL,SAROORNAGAR,SAROORNAGAR,SAROORNAGAR,RAMAKRISHNAPURAM,2024-10-01,2024,10,1,0,2,2.0,False,1423.0,108.0,711.5,0
SAROORNAGAR_RAMAKRISHNAPURAM,initial greater-Hyderabad study area,TGSPDCL,SAROORNAGAR,SAROORNAGAR,SAROORNAGAR,RAMAKRISHNAPURAM,2024-11-01,2024,11,1,0,2,2.0,False,2334.0,108.0,1167.0,0
SAROORNAGAR_RAMAKRISHNAPURAM,initial greater-Hyderabad study area,TGSPDCL,SAROORNAGAR,SAROORNAGAR,SAROORNAGAR,RAMAKRISHNAPURAM,2024-12-01,2024,12,1,0,2,2.0,False,3036.0,108.0,1518.0,0
SAROORNAGAR_RAMAKRISHNAPURAM,initial greater-Hyderabad study area,TGSPDCL,SAROORNAGAR,SAROORNAGAR,SAROORNAGAR,RAMAKRISHNAPURAM,2025-01-01,2025,1,1,0,2,2.0,False,8278.0,108.0,4139.0,0
SAROORNAGAR_RAMAKRISHNAPURAM,initial greater-Hyderabad study area,TGSPDCL,SAROORNAGAR,SAROORNAGAR,SAROORNAGAR,RAMAKRISHNAPURAM,2025-02-01,2025,2,1,0,2,2.0,False,11503.0,108.0,5751.5,0
SAROORNAGAR_RAMAKRISHNAPURAM,initial greater-Hyderabad study area,TGSPDCL,SAROORNAGAR,SAROORNAGAR,SAROORNAGAR,RAMAKRISHNAPURAM,2025-03-01,2025,3,1,0,2,2.0,False,8444.0,108.0,4222.0,0
SAROORNAGAR_RAMAKRISHNAPURAM,initial greater-Hyderabad study area,TGSPDCL,SAROORNAGAR,SAROORNAGAR,SAROORNAGAR,RAMAKRISHNAPURAM,2025-04-01,2025,4,1,0,2,2.0,False,11530.0,108.0,5765.0,0
SAROORNAGAR_RAMAKRISHNAPURAM,initial greater-Hyderabad study area,TGSPDCL,SAROORNAGAR,SAROORNAGAR,SAROORNAGAR,RAMAKRISHNAPURAM,2025-05-01,2025,5,1,0,2,2.0,False,12191.0,108.0,6095.5,0
SAROORNAGAR_RAMAKRISHNAPURAM,initial greater-Hyderabad study area,TGSPDCL,SAROORNAGAR,SAROORNAGAR,SAROORNAGAR,RAMAKRISHNAPURAM,2025-06-01,2025,6,1,0,2,2.0,False,14934.0,108.0,7467.0,0
SAROORNAGAR_RAMAKRISHNAPURAM,initial greater-Hyderabad study area,TGSPDCL,SAROORNAGAR,SAROORNAGAR,SAROORNAGAR,RAMAKRISHNAPURAM,2025-07-01,2025,7,2,1,3,2.0,True,14710.0,162.0,4903.33,0
SAROORNAGAR_RAMAKRISHNAPURAM,initial greater-Hyderabad study area,TGSPDCL,SAROORNAGAR,SAROORNAGAR,SAROORNAGAR,RAMAKRISHNAPURAM,2025-08-01,2025,8,3,0,4,4.0,False,10057.0,216.0,2514.25,0
SAROORNAGAR_RAMAKRISHNAPURAM,initial greater-Hyderabad study area,TGSPDCL,SAROORNAGAR,SAROORNAGAR,SAROORNAGAR,RAMAKRISHNAPURAM,2025-09-01,2025,9,3,2,4,4.0,False,9768.0,216.0,2442.0,0
SAROORNAGAR_RAMAKRISHNAPURAM,initial greater-Hyderabad study area,TGSPDCL,SAROORNAGAR,SAROORNAGAR,SAROORNAGAR,RAMAKRISHNAPURAM,2025-10-01,2025,10,3,1,4,4.0,False,10253.0,216.0,2563.25,0
SAROORNAGAR_RAMAKRISHNAPURAM,initial greater-Hyderabad study area,TGSPDCL,SAROORNAGAR,SAROORNAGAR,SAROORNAGAR,RAMAKRISHNAPURAM,2025-11-01,2025,11,3,0,4,4.0,False,10372.0,216.0,2593.0,0
SAROORNAGAR_RAMAKRISHNAPURAM,initial greater-Hyderabad study area,TGSPDCL,SAROORNAGAR,SAROORNAGAR,SAROORNAGAR,RAMAKRISHNAPURAM,2025-12-01,2025,12,3,0,4,4.0,False,11083.0,216.0,2770.75,0
SAROORNAGAR_RAMAKRISHNAPURAM,initial greater-Hyderabad study area,TGSPDCL,SAROORNAGAR,SAROORNAGAR,SAROORNAGAR,RAMAKRISHNAPURAM,2026-01-01,2026,1,3,0,4,4.0,False,9761.0,216.0,2440.25,0
SAROORNAGAR_RAMAKRISHNAPURAM,initial greater-Hyderabad study area,TGSPDCL,SAROORNAGAR,SAROORNAGAR,SAROORNAGAR,RAMAKRISHNAPURAM,2026-02-01,2026,2,3,0,4,4.0,False,10043.0,216.0,2510.75,0
SAROORNAGAR_RAMAKRISHNAPURAM,initial greater-Hyderabad study area,TGSPDCL,SAROORNAGAR,SAROORNAGAR,SAROORNAGAR,RAMAKRISHNAPURAM,2026-03-01,2026,3,3,0,4,4.0,False,9974.0,216.0,2493.5,0
SAROORNAGAR_RAMAKRISHNAPURAM,initial greater-Hyderabad study area,TGSPDCL,SAROORNAGAR,SAROORNAGAR,SAROORNAGAR,RAMAKRISHNAPURAM,2026-04-01,2026,4,3,0,4,4.0,False,13934.0,216.0,3483.5,0
SAROORNAGAR_RAMAKRISHNAPURAM,initial greater-Hyderabad study area,TGSPDCL,SAROORNAGAR,SAROORNAGAR,SAROORNAGAR,RAMAKRISHNAPURAM,2026-05-01,2026,5,3,0,4,4.0,False,22133.0,216.0,5533.25,0
SAROORNAGAR_RAMAKRISHNAPURAM,initial greater-Hyderabad study area,TGSPDCL,SAROORNAGAR,SAROORNAGAR,SAROORNAGAR,RAMAKRISHNAPURAM,2026-06-01,2026,6,3,0,4,4.0,False,22764.0,216.0,5691.0,0
SAROORNAGAR_RAMAKRISHNAPURAM,initial greater-Hyderabad study area,TGSPDCL,SAROORNAGAR,SAROORNAGAR,SAROORNAGAR,RAMAKRISHNAPURAM,2026-07-01,2026,7,3,0,4,4.0,False,20937.0,216.0,5234.25,0
SAROORNAGAR_RAMAKRISHNAPURAM,initial greater-Hyderabad study area,TGSPDCL,SAROORNAGAR,SAROORNAGAR,SAROORNAGAR,RAMAKRISHNAPURAM,2026-08-01,2026,8,3,0,4,4.0,False,17386.0,216.0,4346.5,0
SAROORNAGAR_SAROORNAGAR,initial greater-Hyderabad study area,TGSPDCL,SAROORNAGAR,SAROORNAGAR,SAROORNAGAR,SAROORNAGAR,2023-01-01,2023,1,1,0,1,1.0,False,196.0,12.0,196.0,0
SAROORNAGAR_SAROORNAGAR,initial greater-Hyderabad study area,TGSPDCL,SAROORNAGAR,SAROORNAGAR,SAROORNAGAR,SAROORNAGAR,2023-02-01,2023,2,1,0,1,1.0,False,200.0,12.0,200.0,0
SAROORNAGAR_SAROORNAGAR,initial greater-Hyderabad study area,TGSPDCL,SAROORNAGAR,SAROORNAGAR,SAROORNAGAR,SAROORNAGAR,2023-03-01,2023,3,1,0,1,1.0,False,63.0,12.0,63.0,0
SAROORNAGAR_SAROORNAGAR,initial greater-Hyderabad study area,TGSPDCL,SAROORNAGAR,SAROORNAGAR,SAROORNAGAR,SAROORNAGAR,2023-04-01,2023,4,1,0,1,1.0,False,338.0,12.0,338.0,0
SAROORNAGAR_SAROORNAGAR,initial greater-Hyderabad study area,TGSPDCL,SAROORNAGAR,SAROORNAGAR,SAROORNAGAR,SAROORNAGAR,2023-05-01,2023,5,1,0,1,1.0,False,682.0,12.0,682.0,0
SAROORNAGAR_SAROORNAGAR,initial greater-Hyderabad study area,TGSPDCL,SAROORNAGAR,SAROORNAGAR,SAROORNAGAR,SAROORNAGAR,2023-06-01,2023,6,1,0,1,1.0,False,636.0,12.0,636.0,0
SAROORNAGAR_SAROORNAGAR,initial greater-Hyderabad study area,TGSPDCL,SAROORNAGAR,SAROORNAGAR,SAROORNAGAR,SAROORNAGAR,2023-07-01,2023,7,1,0,1,1.0,False,36.0,12.0,36.0,0
SAROORNAGAR_SAROORNAGAR,initial greater-Hyderabad study area,TGSPDCL,SAROORNAGAR,SAROORNAGAR,SAROORNAGAR,SAROORNAGAR,2023-08-01,2023,8,1,0,1,1.0,False,263.0,12.0,263.0,0
SAROORNAGAR_SAROORNAGAR,initial greater-Hyderabad study area,TGSPDCL,SAROORNAGAR,SAROORNAGAR,SAROORNAGAR,SAROORNAGAR,2023-09-01,2023,9,1,0,1,1.0,False,405.0,12.0,405.0,0
SAROORNAGAR_SAROORNAGAR,initial greater-Hyderabad study area,TGSPDCL,SAROORNAGAR,SAROORNAGAR,SAROORNAGAR,SAROORNAGAR,2023-10-01,2023,10,1,0,1,1.0,False,785.0,12.0,785.0,0
SAROORNAGAR_SAROORNAGAR,initial greater-Hyderabad study area,TGSPDCL,SAROORNAGAR,SAROORNAGAR,SAROORNAGAR,SAROORNAGAR,2023-11-01,2023,11,1,0,1,1.0,False,1244.0,12.0,1244.0,0
SAROORNAGAR_SAROORNAGAR,initial greater-Hyderabad study area,TGSPDCL,SAROORNAGAR,SAROORNAGAR,SAROORNAGAR,SAROORNAGAR,2023-12-01,2023,12,1,0,1,1.0,False,1357.0,12.0,1357.0,0
SAROORNAGAR_SAROORNAGAR,initial greater-Hyderabad study area,TGSPDCL,SAROORNAGAR,SAROORNAGAR,SAROORNAGAR,SAROORNAGAR,2024-01-01,2024,1,1,0,1,1.0,False,1771.0,12.0,1771.0,0
SAROORNAGAR_SAROORNAGAR,initial greater-Hyderabad study area,TGSPDCL,SAROORNAGAR,SAROORNAGAR,SAROORNAGAR,SAROORNAGAR,2024-02-01,2024,2,1,0,1,1.0,False,2051.0,12.0,2051.0,0
SAROORNAGAR_SAROORNAGAR,initial greater-Hyderabad study area,TGSPDCL,SAROORNAGAR,SAROORNAGAR,SAROORNAGAR,SAROORNAGAR,2024-03-01,2024,3,1,0,1,1.0,False,1971.0,12.0,1971.0,0
SAROORNAGAR_SAROORNAGAR,initial greater-Hyderabad study area,TGSPDCL,SAROORNAGAR,SAROORNAGAR,SAROORNAGAR,SAROORNAGAR,2024-04-01,2024,4,1,0,1,1.0,False,2822.0,12.0,2822.0,0
SAROORNAGAR_SAROORNAGAR,initial greater-Hyderabad study area,TGSPDCL,SAROORNAGAR,SAROORNAGAR,SAROORNAGAR,SAROORNAGAR,2024-05-01,2024,5,1,0,1,1.0,False,2013.0,12.0,2013.0,0
SAROORNAGAR_SAROORNAGAR,initial greater-Hyderabad study area,TGSPDCL,SAROORNAGAR,SAROORNAGAR,SAROORNAGAR,SAROORNAGAR,2024-06-01,2024,6,1,0,1,1.0,False,2455.0,12.0,2455.0,0
SAROORNAGAR_SAROORNAGAR,initial greater-Hyderabad study area,TGSPDCL,SAROORNAGAR,SAROORNAGAR,SAROORNAGAR,SAROORNAGAR,2024-07-01,2024,7,1,0,1,1.0,False,1973.0,12.0,1973.0,0
SAROORNAGAR_SAROORNAGAR,initial greater-Hyderabad study area,TGSPDCL,SAROORNAGAR,SAROORNAGAR,SAROORNAGAR,SAROORNAGAR,2024-08-01,2024,8,1,0,1,1.0,False,1756.0,12.0,1756.0,0
SAROORNAGAR_SAROORNAGAR,initial greater-Hyderabad study area,TGSPDCL,SAROORNAGAR,SAROORNAGAR,SAROORNAGAR,SAROORNAGAR,2024-09-01,2024,9,1,0,1,1.0,False,1501.0,12.0,1501.0,0
SAROORNAGAR_SAROORNAGAR,initial greater-Hyderabad study area,TGSPDCL,SAROORNAGAR,SAROORNAGAR,SAROORNAGAR,SAROORNAGAR,2024-10-01,2024,10,1,0,1,1.0,False,1654.0,12.0,1654.0,0
SAROORNAGAR_SAROORNAGAR,initial greater-Hyderabad study area,TGSPDCL,SAROORNAGAR,SAROORNAGAR,SAROORNAGAR,SAROORNAGAR,2024-11-01,2024,11,1,0,1,1.0,False,2412.0,12.0,2412.0,0
SAROORNAGAR_SAROORNAGAR,initial greater-Hyderabad study area,TGSPDCL,SAROORNAGAR,SAROORNAGAR,SAROORNAGAR,SAROORNAGAR,2024-12-01,2024,12,1,0,1,1.0,False,1488.0,12.0,1488.0,0
SAROORNAGAR_SAROORNAGAR,initial greater-Hyderabad study area,TGSPDCL,SAROORNAGAR,SAROORNAGAR,SAROORNAGAR,SAROORNAGAR,2025-01-01,2025,1,1,0,1,1.0,False,1616.0,12.0,1616.0,0
SAROORNAGAR_SAROORNAGAR,initial greater-Hyderabad study area,TGSPDCL,SAROORNAGAR,SAROORNAGAR,SAROORNAGAR,SAROORNAGAR,2025-02-01,2025,2,1,0,1,1.0,False,2240.0,12.0,2240.0,0
SAROORNAGAR_SAROORNAGAR,initial greater-Hyderabad study area,TGSPDCL,SAROORNAGAR,SAROORNAGAR,SAROORNAGAR,SAROORNAGAR,2025-03-01,2025,3,1,0,1,1.0,False,3438.0,12.0,3438.0,0
SAROORNAGAR_SAROORNAGAR,initial greater-Hyderabad study area,TGSPDCL,SAROORNAGAR,SAROORNAGAR,SAROORNAGAR,SAROORNAGAR,2025-04-01,2025,4,1,0,1,1.0,False,5073.0,12.0,5073.0,0
SAROORNAGAR_SAROORNAGAR,initial greater-Hyderabad study area,TGSPDCL,SAROORNAGAR,SAROORNAGAR,SAROORNAGAR,SAROORNAGAR,2025-05-01,2025,5,2,1,2,2.0,False,5420.0,66.0,2710.0,0
SAROORNAGAR_SAROORNAGAR,initial greater-Hyderabad study area,TGSPDCL,SAROORNAGAR,SAROORNAGAR,SAROORNAGAR,SAROORNAGAR,2025-06-01,2025,6,2,0,2,2.0,False,4911.0,66.0,2455.5,0
SAROORNAGAR_SAROORNAGAR,initial greater-Hyderabad study area,TGSPDCL,SAROORNAGAR,SAROORNAGAR,SAROORNAGAR,SAROORNAGAR,2025-07-01,2025,7,2,0,2,2.0,False,4878.0,66.0,2439.0,0
SAROORNAGAR_SAROORNAGAR,initial greater-Hyderabad study area,TGSPDCL,SAROORNAGAR,SAROORNAGAR,SAROORNAGAR,SAROORNAGAR,2025-08-01,2025,8,2,0,2,2.0,False,6982.0,66.0,3491.0,0
SAROORNAGAR_SAROORNAGAR,initial greater-Hyderabad study area,TGSPDCL,SAROORNAGAR,SAROORNAGAR,SAROORNAGAR,SAROORNAGAR,2025-09-01,2025,9,2,0,2,2.0,False,7325.0,66.0,3662.5,0
SAROORNAGAR_SAROORNAGAR,initial greater-Hyderabad study area,TGSPDCL,SAROORNAGAR,SAROORNAGAR,SAROORNAGAR,SAROORNAGAR,2025-10-01,2025,10,2,0,2,2.0,False,8520.0,66.0,4260.0,0
SAROORNAGAR_SAROORNAGAR,initial greater-Hyderabad study area,TGSPDCL,SAROORNAGAR,SAROORNAGAR,SAROORNAGAR,SAROORNAGAR,2025-11-01,2025,11,2,0,3,2.0,False,9720.0,119.0,3240.0,0
SAROORNAGAR_SAROORNAGAR,initial greater-Hyderabad study area,TGSPDCL,SAROORNAGAR,SAROORNAGAR,SAROORNAGAR,SAROORNAGAR,2025-12-01,2025,12,2,0,3,3.0,False,16251.0,119.0,5417.0,0
SAROORNAGAR_SAROORNAGAR,initial greater-Hyderabad study area,TGSPDCL,SAROORNAGAR,SAROORNAGAR,SAROORNAGAR,SAROORNAGAR,2026-01-01,2026,1,2,0,3,3.0,False,24413.0,119.0,8137.67,0
SAROORNAGAR_SAROORNAGAR,initial greater-Hyderabad study area,TGSPDCL,SAROORNAGAR,SAROORNAGAR,SAROORNAGAR,SAROORNAGAR,2026-02-01,2026,2,2,0,3,3.0,False,26136.0,119.0,8712.0,0
SAROORNAGAR_SAROORNAGAR,initial greater-Hyderabad study area,TGSPDCL,SAROORNAGAR,SAROORNAGAR,SAROORNAGAR,SAROORNAGAR,2026-03-01,2026,3,2,0,3,3.0,False,27289.0,119.0,9096.33,0
SAROORNAGAR_SAROORNAGAR,initial greater-Hyderabad study area,TGSPDCL,SAROORNAGAR,SAROORNAGAR,SAROORNAGAR,SAROORNAGAR,2026-04-01,2026,4,2,1,3,3.0,False,35673.0,119.0,11891.0,0
SAROORNAGAR_SAROORNAGAR,initial greater-Hyderabad study area,TGSPDCL,SAROORNAGAR,SAROORNAGAR,SAROORNAGAR,SAROORNAGAR,2026-05-01,2026,5,1,0,2,2.0,False,36632.0,107.0,18316.0,0
SAROORNAGAR_SAROORNAGAR,initial greater-Hyderabad study area,TGSPDCL,SAROORNAGAR,SAROORNAGAR,SAROORNAGAR,SAROORNAGAR,2026-06-01,2026,6,1,0,2,2.0,False,36556.0,107.0,18278.0,0
SAROORNAGAR_SAROORNAGAR,initial greater-Hyderabad study area,TGSPDCL,SAROORNAGAR,SAROORNAGAR,SAROORNAGAR,SAROORNAGAR,2026-07-01,2026,7,1,0,2,2.0,False,34421.0,107.0,17210.5,0
SAROORNAGAR_SAROORNAGAR,initial greater-Hyderabad study area,TGSPDCL,SAROORNAGAR,SAROORNAGAR,SAROORNAGAR,SAROORNAGAR,2026-08-01,2026,8,1,0,2,2.0,False,44061.0,142.0,22030.5,0
SAROORNAGAR_TURKAYAMZAL,initial greater-Hyderabad study area,TGSPDCL,SAROORNAGAR,IBRAHIMPATNAM,TURKAYAMJAL,TURKAYAMZAL,2023-01-01,2023,1,1,0,1,1.0,False,82.0,30.0,82.0,0
SAROORNAGAR_TURKAYAMZAL,initial greater-Hyderabad study area,TGSPDCL,SAROORNAGAR,IBRAHIMPATNAM,TURKAYAMJAL,TURKAYAMZAL,2023-02-01,2023,2,1,0,1,1.0,False,255.0,30.0,255.0,0
SAROORNAGAR_TURKAYAMZAL,initial greater-Hyderabad study area,TGSPDCL,SAROORNAGAR,IBRAHIMPATNAM,TURKAYAMJAL,TURKAYAMZAL,2023-03-01,2023,3,1,0,1,1.0,False,172.0,30.0,172.0,0
SAROORNAGAR_TURKAYAMZAL,initial greater-Hyderabad study area,TGSPDCL,SAROORNAGAR,IBRAHIMPATNAM,TURKAYAMJAL,TURKAYAMZAL,2023-04-01,2023,4,1,0,1,1.0,False,271.0,30.0,271.0,0
SAROORNAGAR_TURKAYAMZAL,initial greater-Hyderabad study area,TGSPDCL,SAROORNAGAR,IBRAHIMPATNAM,TURKAYAMJAL,TURKAYAMZAL,2023-05-01,2023,5,1,0,1,1.0,False,169.0,30.0,169.0,0
SAROORNAGAR_TURKAYAMZAL,initial greater-Hyderabad study area,TGSPDCL,SAROORNAGAR,IBRAHIMPATNAM,TURKAYAMJAL,TURKAYAMZAL,2023-06-01,2023,6,1,0,1,1.0,False,137.0,30.0,137.0,0
SAROORNAGAR_TURKAYAMZAL,initial greater-Hyderabad study area,TGSPDCL,SAROORNAGAR,IBRAHIMPATNAM,TURKAYAMJAL,TURKAYAMZAL,2023-07-01,2023,7,1,0,1,1.0,False,201.0,30.0,201.0,0
SAROORNAGAR_TURKAYAMZAL,initial greater-Hyderabad study area,TGSPDCL,SAROORNAGAR,IBRAHIMPATNAM,TURKAYAMJAL,TURKAYAMZAL,2023-12-01,2023,12,1,0,1,1.0,False,214.0,30.0,214.0,0
SAROORNAGAR_TURKAYAMZAL,initial greater-Hyderabad study area,TGSPDCL,SAROORNAGAR,IBRAHIMPATNAM,TURKAYAMJAL,TURKAYAMZAL,2024-01-01,2024,1,1,0,1,1.0,False,458.0,30.0,458.0,0
SAROORNAGAR_TURKAYAMZAL,initial greater-Hyderabad study area,TGSPDCL,SAROORNAGAR,IBRAHIMPATNAM,TURKAYAMJAL,TURKAYAMZAL,2024-02-01,2024,2,1,0,1,1.0,False,641.0,30.0,641.0,0
SAROORNAGAR_TURKAYAMZAL,initial greater-Hyderabad study area,TGSPDCL,SAROORNAGAR,IBRAHIMPATNAM,TURKAYAMJAL,TURKAYAMZAL,2024-03-01,2024,3,1,0,1,1.0,False,1152.0,30.0,1152.0,0
SAROORNAGAR_TURKAYAMZAL,initial greater-Hyderabad study area,TGSPDCL,SAROORNAGAR,IBRAHIMPATNAM,TURKAYAMJAL,TURKAYAMZAL,2024-04-01,2024,4,1,0,1,1.0,False,463.0,30.0,463.0,0
SAROORNAGAR_TURKAYAMZAL,initial greater-Hyderabad study area,TGSPDCL,SAROORNAGAR,IBRAHIMPATNAM,TURKAYAMJAL,TURKAYAMZAL,2024-05-01,2024,5,1,0,1,1.0,False,423.0,30.0,423.0,0
SAROORNAGAR_TURKAYAMZAL,initial greater-Hyderabad study area,TGSPDCL,SAROORNAGAR,IBRAHIMPATNAM,TURKAYAMJAL,TURKAYAMZAL,2024-06-01,2024,6,1,0,1,1.0,False,121.0,30.0,121.0,0
SAROORNAGAR_TURKAYAMZAL,initial greater-Hyderabad study area,TGSPDCL,SAROORNAGAR,IBRAHIMPATNAM,TURKAYAMJAL,TURKAYAMZAL,2024-07-01,2024,7,1,0,1,1.0,False,75.0,30.0,75.0,0
SAROORNAGAR_TURKAYAMZAL,initial greater-Hyderabad study area,TGSPDCL,SAROORNAGAR,IBRAHIMPATNAM,TURKAYAMJAL,TURKAYAMZAL,2024-08-01,2024,8,1,0,1,1.0,False,28.0,30.0,28.0,0
SAROORNAGAR_TURKAYAMZAL,initial greater-Hyderabad study area,TGSPDCL,SAROORNAGAR,IBRAHIMPATNAM,TURKAYAMJAL,TURKAYAMZAL,2024-09-01,2024,9,1,0,1,1.0,False,149.0,30.0,149.0,0
SAROORNAGAR_TURKAYAMZAL,initial greater-Hyderabad study area,TGSPDCL,SAROORNAGAR,IBRAHIMPATNAM,TURKAYAMJAL,TURKAYAMZAL,2024-10-01,2024,10,1,0,1,1.0,False,122.0,30.0,122.0,0
SAROORNAGAR_TURKAYAMZAL,initial greater-Hyderabad study area,TGSPDCL,SAROORNAGAR,IBRAHIMPATNAM,TURKAYAMJAL,TURKAYAMZAL,2024-11-01,2024,11,1,0,1,1.0,False,114.0,30.0,114.0,0
SAROORNAGAR_TURKAYAMZAL,initial greater-Hyderabad study area,TGSPDCL,SAROORNAGAR,IBRAHIMPATNAM,TURKAYAMJAL,TURKAYAMZAL,2024-12-01,2024,12,1,0,1,1.0,False,189.0,30.0,189.0,0
SAROORNAGAR_TURKAYAMZAL,initial greater-Hyderabad study area,TGSPDCL,SAROORNAGAR,IBRAHIMPATNAM,TURKAYAMJAL,TURKAYAMZAL,2025-01-01,2025,1,1,0,1,1.0,False,139.0,30.0,139.0,0
SAROORNAGAR_TURKAYAMZAL,initial greater-Hyderabad study area,TGSPDCL,SAROORNAGAR,IBRAHIMPATNAM,TURKAYAMJAL,TURKAYAMZAL,2025-02-01,2025,2,1,0,1,1.0,False,236.0,30.0,236.0,0
SAROORNAGAR_TURKAYAMZAL,initial greater-Hyderabad study area,TGSPDCL,SAROORNAGAR,IBRAHIMPATNAM,TURKAYAMJAL,TURKAYAMZAL,2025-03-01,2025,3,2,1,2,1.0,True,173.0,84.0,86.5,0
SAROORNAGAR_TURKAYAMZAL,initial greater-Hyderabad study area,TGSPDCL,SAROORNAGAR,IBRAHIMPATNAM,TURKAYAMJAL,TURKAYAMZAL,2025-04-01,2025,4,2,1,2,2.0,False,229.0,84.0,114.5,0
SAROORNAGAR_TURKAYAMZAL,initial greater-Hyderabad study area,TGSPDCL,SAROORNAGAR,IBRAHIMPATNAM,TURKAYAMJAL,TURKAYAMZAL,2025-05-01,2025,5,2,0,2,2.0,False,3154.0,84.0,1577.0,0
SAROORNAGAR_TURKAYAMZAL,initial greater-Hyderabad study area,TGSPDCL,SAROORNAGAR,IBRAHIMPATNAM,TURKAYAMJAL,TURKAYAMZAL,2025-06-01,2025,6,2,0,2,2.0,False,7696.0,84.0,3848.0,0
SAROORNAGAR_TURKAYAMZAL,initial greater-Hyderabad study area,TGSPDCL,SAROORNAGAR,IBRAHIMPATNAM,TURKAYAMJAL,TURKAYAMZAL,2025-07-01,2025,7,2,0,2,2.0,False,6751.0,84.0,3375.5,0
SAROORNAGAR_TURKAYAMZAL,initial greater-Hyderabad study area,TGSPDCL,SAROORNAGAR,IBRAHIMPATNAM,TURKAYAMJAL,TURKAYAMZAL,2025-08-01,2025,8,2,0,2,2.0,False,8374.0,84.0,4187.0,0
SAROORNAGAR_TURKAYAMZAL,initial greater-Hyderabad study area,TGSPDCL,SAROORNAGAR,IBRAHIMPATNAM,TURKAYAMJAL,TURKAYAMZAL,2025-09-01,2025,9,2,0,2,2.0,False,8748.0,84.0,4374.0,0
SAROORNAGAR_TURKAYAMZAL,initial greater-Hyderabad study area,TGSPDCL,SAROORNAGAR,IBRAHIMPATNAM,TURKAYAMJAL,TURKAYAMZAL,2025-10-01,2025,10,2,0,2,2.0,False,8929.0,84.0,4464.5,0
SAROORNAGAR_TURKAYAMZAL,initial greater-Hyderabad study area,TGSPDCL,SAROORNAGAR,IBRAHIMPATNAM,TURKAYAMJAL,TURKAYAMZAL,2025-11-01,2025,11,2,0,2,2.0,False,13535.0,84.0,6767.5,0
SAROORNAGAR_TURKAYAMZAL,initial greater-Hyderabad study area,TGSPDCL,SAROORNAGAR,IBRAHIMPATNAM,TURKAYAMJAL,TURKAYAMZAL,2025-12-01,2025,12,2,0,2,2.0,False,15418.0,84.0,7709.0,0
SAROORNAGAR_TURKAYAMZAL,initial greater-Hyderabad study area,TGSPDCL,SAROORNAGAR,IBRAHIMPATNAM,TURKAYAMJAL,TURKAYAMZAL,2026-01-01,2026,1,2,0,2,2.0,False,10380.0,84.0,5190.0,0
SAROORNAGAR_TURKAYAMZAL,initial greater-Hyderabad study area,TGSPDCL,SAROORNAGAR,IBRAHIMPATNAM,TURKAYAMJAL,TURKAYAMZAL,2026-02-01,2026,2,3,1,3,2.0,True,9197.0,138.0,3065.67,0
SAROORNAGAR_TURKAYAMZAL,initial greater-Hyderabad study area,TGSPDCL,SAROORNAGAR,IBRAHIMPATNAM,TURKAYAMJAL,TURKAYAMZAL,2026-03-01,2026,3,3,0,3,3.0,False,8788.0,138.0,2929.33,0
SAROORNAGAR_TURKAYAMZAL,initial greater-Hyderabad study area,TGSPDCL,SAROORNAGAR,IBRAHIMPATNAM,TURKAYAMJAL,TURKAYAMZAL,2026-04-01,2026,4,3,1,3,3.0,False,10826.0,138.0,3608.67,0
SAROORNAGAR_TURKAYAMZAL,initial greater-Hyderabad study area,TGSPDCL,SAROORNAGAR,IBRAHIMPATNAM,TURKAYAMJAL,TURKAYAMZAL,2026-05-01,2026,5,3,1,3,3.0,False,13222.0,138.0,4407.33,0
SAROORNAGAR_TURKAYAMZAL,initial greater-Hyderabad study area,TGSPDCL,SAROORNAGAR,IBRAHIMPATNAM,TURKAYAMJAL,TURKAYAMZAL,2026-06-01,2026,6,3,1,3,3.0,False,12431.0,138.0,4143.67,0
SAROORNAGAR_TURKAYAMZAL,initial greater-Hyderabad study area,TGSPDCL,SAROORNAGAR,IBRAHIMPATNAM,TURKAYAMJAL,TURKAYAMZAL,2026-07-01,2026,7,3,1,3,3.0,False,6724.0,138.0,2241.33,0
SAROORNAGAR_TURKAYAMZAL,initial greater-Hyderabad study area,TGSPDCL,SAROORNAGAR,IBRAHIMPATNAM,TURKAYAMJAL,TURKAYAMZAL,2026-08-01,2026,8,3,1,3,3.0,False,14659.0,138.0,4886.33,0
SAROORNAGAR_VANASTHALIPURAM,initial greater-Hyderabad study area,TGSPDCL,SAROORNAGAR,CHAMPAPET,VANASTHALIPURAM,VANASTHALIPURAM,2023-05-01,2023,5,1,1,1,,True,0.0,54.0,0.0,0
SAROORNAGAR_VANASTHALIPURAM,initial greater-Hyderabad study area,TGSPDCL,SAROORNAGAR,CHAMPAPET,VANASTHALIPURAM,VANASTHALIPURAM,2023-06-01,2023,6,1,0,1,1.0,False,27.0,54.0,27.0,0
SAROORNAGAR_VANASTHALIPURAM,initial greater-Hyderabad study area,TGSPDCL,SAROORNAGAR,CHAMPAPET,VANASTHALIPURAM,VANASTHALIPURAM,2023-07-01,2023,7,1,0,1,1.0,False,51.0,54.0,51.0,0
SAROORNAGAR_VANASTHALIPURAM,initial greater-Hyderabad study area,TGSPDCL,SAROORNAGAR,CHAMPAPET,VANASTHALIPURAM,VANASTHALIPURAM,2023-08-01,2023,8,1,0,1,1.0,False,534.0,54.0,534.0,0
SAROORNAGAR_VANASTHALIPURAM,initial greater-Hyderabad study area,TGSPDCL,SAROORNAGAR,CHAMPAPET,VANASTHALIPURAM,VANASTHALIPURAM,2023-09-01,2023,9,1,0,1,1.0,False,383.0,54.0,383.0,0
SAROORNAGAR_VANASTHALIPURAM,initial greater-Hyderabad study area,TGSPDCL,SAROORNAGAR,CHAMPAPET,VANASTHALIPURAM,VANASTHALIPURAM,2023-10-01,2023,10,1,0,2,1.0,False,203.0,108.0,101.5,0
SAROORNAGAR_VANASTHALIPURAM,initial greater-Hyderabad study area,TGSPDCL,SAROORNAGAR,CHAMPAPET,VANASTHALIPURAM,VANASTHALIPURAM,2023-11-01,2023,11,1,0,2,2.0,False,830.0,108.0,415.0,0
SAROORNAGAR_VANASTHALIPURAM,initial greater-Hyderabad study area,TGSPDCL,SAROORNAGAR,CHAMPAPET,VANASTHALIPURAM,VANASTHALIPURAM,2023-12-01,2023,12,2,1,3,2.0,True,613.0,162.0,204.33,0
SAROORNAGAR_VANASTHALIPURAM,initial greater-Hyderabad study area,TGSPDCL,SAROORNAGAR,CHAMPAPET,VANASTHALIPURAM,VANASTHALIPURAM,2024-01-01,2024,1,2,1,3,3.0,False,2280.0,162.0,760.0,0
SAROORNAGAR_VANASTHALIPURAM,initial greater-Hyderabad study area,TGSPDCL,SAROORNAGAR,CHAMPAPET,VANASTHALIPURAM,VANASTHALIPURAM,2024-02-01,2024,2,4,1,5,5.0,False,2638.0,270.0,527.6,0
SAROORNAGAR_VANASTHALIPURAM,initial greater-Hyderabad study area,TGSPDCL,SAROORNAGAR,CHAMPAPET,VANASTHALIPURAM,VANASTHALIPURAM,2024-03-01,2024,3,4,0,5,5.0,False,4300.0,270.0,860.0,0
SAROORNAGAR_VANASTHALIPURAM,initial greater-Hyderabad study area,TGSPDCL,SAROORNAGAR,CHAMPAPET,VANASTHALIPURAM,VANASTHALIPURAM,2024-04-01,2024,4,4,0,5,5.0,False,5563.0,270.0,1112.6,0
SAROORNAGAR_VANASTHALIPURAM,initial greater-Hyderabad study area,TGSPDCL,SAROORNAGAR,CHAMPAPET,VANASTHALIPURAM,VANASTHALIPURAM,2024-05-01,2024,5,4,0,5,5.0,False,8399.0,270.0,1679.8,0
SAROORNAGAR_VANASTHALIPURAM,initial greater-Hyderabad study area,TGSPDCL,SAROORNAGAR,CHAMPAPET,VANASTHALIPURAM,VANASTHALIPURAM,2024-06-01,2024,6,4,0,5,5.0,False,8456.0,270.0,1691.2,0
SAROORNAGAR_VANASTHALIPURAM,initial greater-Hyderabad study area,TGSPDCL,SAROORNAGAR,CHAMPAPET,VANASTHALIPURAM,VANASTHALIPURAM,2024-07-01,2024,7,4,0,5,5.0,False,9958.0,270.0,1991.6,0
SAROORNAGAR_VANASTHALIPURAM,initial greater-Hyderabad study area,TGSPDCL,SAROORNAGAR,CHAMPAPET,VANASTHALIPURAM,VANASTHALIPURAM,2024-08-01,2024,8,4,0,5,5.0,False,12380.0,270.0,2476.0,0
SAROORNAGAR_VANASTHALIPURAM,initial greater-Hyderabad study area,TGSPDCL,SAROORNAGAR,CHAMPAPET,VANASTHALIPURAM,VANASTHALIPURAM,2024-09-01,2024,9,5,1,6,6.0,False,12215.0,324.0,2035.83,0
SAROORNAGAR_VANASTHALIPURAM,initial greater-Hyderabad study area,TGSPDCL,SAROORNAGAR,CHAMPAPET,VANASTHALIPURAM,VANASTHALIPURAM,2024-10-01,2024,10,5,0,6,6.0,False,6725.0,324.0,1120.83,0
SAROORNAGAR_VANASTHALIPURAM,initial greater-Hyderabad study area,TGSPDCL,SAROORNAGAR,CHAMPAPET,VANASTHALIPURAM,VANASTHALIPURAM,2024-11-01,2024,11,5,0,6,6.0,False,8492.0,324.0,1415.33,0
SAROORNAGAR_VANASTHALIPURAM,initial greater-Hyderabad study area,TGSPDCL,SAROORNAGAR,CHAMPAPET,VANASTHALIPURAM,VANASTHALIPURAM,2024-12-01,2024,12,5,0,6,6.0,False,7686.0,324.0,1281.0,0
SAROORNAGAR_VANASTHALIPURAM,initial greater-Hyderabad study area,TGSPDCL,SAROORNAGAR,CHAMPAPET,VANASTHALIPURAM,VANASTHALIPURAM,2025-01-01,2025,1,5,0,6,6.0,False,9109.0,324.0,1518.17,0
SAROORNAGAR_VANASTHALIPURAM,initial greater-Hyderabad study area,TGSPDCL,SAROORNAGAR,CHAMPAPET,VANASTHALIPURAM,VANASTHALIPURAM,2025-02-01,2025,2,5,0,6,6.0,False,11051.0,324.0,1841.83,0
SAROORNAGAR_VANASTHALIPURAM,initial greater-Hyderabad study area,TGSPDCL,SAROORNAGAR,CHAMPAPET,VANASTHALIPURAM,VANASTHALIPURAM,2025-03-01,2025,3,5,0,6,6.0,False,15230.0,324.0,2538.33,0
SAROORNAGAR_VANASTHALIPURAM,initial greater-Hyderabad study area,TGSPDCL,SAROORNAGAR,CHAMPAPET,VANASTHALIPURAM,VANASTHALIPURAM,2025-04-01,2025,4,5,0,6,6.0,False,18259.0,324.0,3043.17,0
SAROORNAGAR_VANASTHALIPURAM,initial greater-Hyderabad study area,TGSPDCL,SAROORNAGAR,CHAMPAPET,VANASTHALIPURAM,VANASTHALIPURAM,2025-05-01,2025,5,5,0,6,6.0,False,19476.0,324.0,3246.0,0
SAROORNAGAR_VANASTHALIPURAM,initial greater-Hyderabad study area,TGSPDCL,SAROORNAGAR,CHAMPAPET,VANASTHALIPURAM,VANASTHALIPURAM,2025-06-01,2025,6,5,0,6,6.0,False,18531.0,324.0,3088.5,0
SAROORNAGAR_VANASTHALIPURAM,initial greater-Hyderabad study area,TGSPDCL,SAROORNAGAR,CHAMPAPET,VANASTHALIPURAM,VANASTHALIPURAM,2025-07-01,2025,7,5,1,6,6.0,False,18184.0,324.0,3030.67,0
SAROORNAGAR_VANASTHALIPURAM,initial greater-Hyderabad study area,TGSPDCL,SAROORNAGAR,CHAMPAPET,VANASTHALIPURAM,VANASTHALIPURAM,2025-08-01,2025,8,5,1,6,6.0,False,20536.0,324.0,3422.67,0
SAROORNAGAR_VANASTHALIPURAM,initial greater-Hyderabad study area,TGSPDCL,SAROORNAGAR,CHAMPAPET,VANASTHALIPURAM,VANASTHALIPURAM,2025-09-01,2025,9,6,2,7,6.0,True,22604.0,403.0,3229.14,0
SAROORNAGAR_VANASTHALIPURAM,initial greater-Hyderabad study area,TGSPDCL,SAROORNAGAR,CHAMPAPET,VANASTHALIPURAM,VANASTHALIPURAM,2025-10-01,2025,10,6,1,7,7.0,False,28833.0,403.0,4119.0,0
SAROORNAGAR_VANASTHALIPURAM,initial greater-Hyderabad study area,TGSPDCL,SAROORNAGAR,CHAMPAPET,VANASTHALIPURAM,VANASTHALIPURAM,2025-11-01,2025,11,6,1,7,7.0,False,28899.0,403.0,4128.43,0
SAROORNAGAR_VANASTHALIPURAM,initial greater-Hyderabad study area,TGSPDCL,SAROORNAGAR,CHAMPAPET,VANASTHALIPURAM,VANASTHALIPURAM,2025-12-01,2025,12,6,1,7,7.0,False,28783.0,403.0,4111.86,0
SAROORNAGAR_VANASTHALIPURAM,initial greater-Hyderabad study area,TGSPDCL,SAROORNAGAR,CHAMPAPET,VANASTHALIPURAM,VANASTHALIPURAM,2026-01-01,2026,1,6,1,7,7.0,False,26949.0,403.0,3849.86,0
SAROORNAGAR_VANASTHALIPURAM,initial greater-Hyderabad study area,TGSPDCL,SAROORNAGAR,CHAMPAPET,VANASTHALIPURAM,VANASTHALIPURAM,2026-02-01,2026,2,6,1,7,7.0,False,23100.0,403.0,3300.0,0
SAROORNAGAR_VANASTHALIPURAM,initial greater-Hyderabad study area,TGSPDCL,SAROORNAGAR,CHAMPAPET,VANASTHALIPURAM,VANASTHALIPURAM,2026-03-01,2026,3,6,1,7,7.0,False,23785.0,403.0,3397.86,0
SAROORNAGAR_VANASTHALIPURAM,initial greater-Hyderabad study area,TGSPDCL,SAROORNAGAR,CHAMPAPET,VANASTHALIPURAM,VANASTHALIPURAM,2026-04-01,2026,4,6,1,7,7.0,False,34750.0,403.0,4964.29,0
SAROORNAGAR_VANASTHALIPURAM,initial greater-Hyderabad study area,TGSPDCL,SAROORNAGAR,CHAMPAPET,VANASTHALIPURAM,VANASTHALIPURAM,2026-05-01,2026,5,6,1,7,7.0,False,41415.0,403.0,5916.43,0
SAROORNAGAR_VANASTHALIPURAM,initial greater-Hyderabad study area,TGSPDCL,SAROORNAGAR,CHAMPAPET,VANASTHALIPURAM,VANASTHALIPURAM,2026-06-01,2026,6,6,1,7,7.0,False,44834.0,403.0,6404.86,0
SAROORNAGAR_VANASTHALIPURAM,initial greater-Hyderabad study area,TGSPDCL,SAROORNAGAR,CHAMPAPET,VANASTHALIPURAM,VANASTHALIPURAM,2026-07-01,2026,7,6,1,7,7.0,False,60502.0,403.0,8643.14,0
SAROORNAGAR_VANASTHALIPURAM,initial greater-Hyderabad study area,TGSPDCL,SAROORNAGAR,CHAMPAPET,VANASTHALIPURAM,VANASTHALIPURAM,2026-08-01,2026,8,6,1,7,7.0,False,62502.0,403.0,8928.86,0
SECUNDERABAD_ALWAL,initial greater-Hyderabad study area,TGSPDCL,SECUNDERABAD,SECUNDERABAD,LALBAZAR,ALWAL,2023-09-01,2023,9,1,0,1,1.0,False,1.0,2.0,1.0,0
SECUNDERABAD_ALWAL,initial greater-Hyderabad study area,TGSPDCL,SECUNDERABAD,SECUNDERABAD,LALBAZAR,ALWAL,2023-10-01,2023,10,1,0,1,1.0,False,1.0,2.0,1.0,0
SECUNDERABAD_ALWAL,initial greater-Hyderabad study area,TGSPDCL,SECUNDERABAD,SECUNDERABAD,LALBAZAR,ALWAL,2023-11-01,2023,11,1,0,1,1.0,False,2.0,2.0,2.0,0
SECUNDERABAD_ALWAL,initial greater-Hyderabad study area,TGSPDCL,SECUNDERABAD,SECUNDERABAD,LALBAZAR,ALWAL,2023-12-01,2023,12,1,0,1,1.0,False,1.0,2.0,1.0,0
SECUNDERABAD_ALWAL,initial greater-Hyderabad study area,TGSPDCL,SECUNDERABAD,SECUNDERABAD,LALBAZAR,ALWAL,2024-01-01,2024,1,1,1,1,1.0,False,0.0,2.0,0.0,0
SECUNDERABAD_ALWAL,initial greater-Hyderabad study area,TGSPDCL,SECUNDERABAD,SECUNDERABAD,LALBAZAR,ALWAL,2024-02-01,2024,2,1,1,1,1.0,False,0.0,2.0,0.0,0
SECUNDERABAD_ALWAL,initial greater-Hyderabad study area,TGSPDCL,SECUNDERABAD,SECUNDERABAD,LALBAZAR,ALWAL,2024-03-01,2024,3,1,1,1,1.0,False,0.0,2.0,0.0,0
SECUNDERABAD_ALWAL,initial greater-Hyderabad study area,TGSPDCL,SECUNDERABAD,SECUNDERABAD,LALBAZAR,ALWAL,2024-04-01,2024,4,1,1,1,1.0,False,0.0,2.0,0.0,0
SECUNDERABAD_ALWAL,initial greater-Hyderabad study area,TGSPDCL,SECUNDERABAD,SECUNDERABAD,LALBAZAR,ALWAL,2024-05-01,2024,5,1,1,1,1.0,False,0.0,2.0,0.0,0
SECUNDERABAD_ALWAL,initial greater-Hyderabad study area,TGSPDCL,SECUNDERABAD,SECUNDERABAD,LALBAZAR,ALWAL,2024-06-01,2024,6,1,1,1,1.0,False,0.0,2.0,0.0,0
SECUNDERABAD_ALWAL,initial greater-Hyderabad study area,TGSPDCL,SECUNDERABAD,SECUNDERABAD,LALBAZAR,ALWAL,2024-07-01,2024,7,1,1,1,1.0,False,0.0,2.0,0.0,0
SECUNDERABAD_ALWAL,initial greater-Hyderabad study area,TGSPDCL,SECUNDERABAD,SECUNDERABAD,LALBAZAR,ALWAL,2024-08-01,2024,8,1,1,1,1.0,False,0.0,2.0,0.0,0
SECUNDERABAD_ALWAL,initial greater-Hyderabad study area,TGSPDCL,SECUNDERABAD,SECUNDERABAD,LALBAZAR,ALWAL,2024-09-01,2024,9,1,1,1,1.0,False,0.0,2.0,0.0,0
SECUNDERABAD_ALWAL,initial greater-Hyderabad study area,TGSPDCL,SECUNDERABAD,SECUNDERABAD,LALBAZAR,ALWAL,2024-10-01,2024,10,1,1,1,,True,0.0,2.0,0.0,0
SECUNDERABAD_ALWAL,initial greater-Hyderabad study area,TGSPDCL,SECUNDERABAD,SECUNDERABAD,LALBAZAR,ALWAL,2024-11-01,2024,11,1,1,1,,True,0.0,2.0,0.0,0
SECUNDERABAD_ALWAL,initial greater-Hyderabad study area,TGSPDCL,SECUNDERABAD,SECUNDERABAD,LALBAZAR,ALWAL,2024-12-01,2024,12,1,1,1,,True,0.0,2.0,0.0,0
SECUNDERABAD_BALANAGAR,initial greater-Hyderabad study area,TGSPDCL,SECUNDERABAD,BOWENPALLY,BALANAGAR,BALANAGAR,2025-03-01,2025,3,1,1,1,,True,0.0,54.0,0.0,0
SECUNDERABAD_BALANAGAR,initial greater-Hyderabad study area,TGSPDCL,SECUNDERABAD,BOWENPALLY,BALANAGAR,BALANAGAR,2025-04-01,2025,4,1,1,1,1.0,False,0.0,54.0,0.0,0
SECUNDERABAD_BALANAGAR,initial greater-Hyderabad study area,TGSPDCL,SECUNDERABAD,BOWENPALLY,BALANAGAR,BALANAGAR,2025-05-01,2025,5,1,0,1,1.0,False,130.0,54.0,130.0,0
SECUNDERABAD_BALANAGAR,initial greater-Hyderabad study area,TGSPDCL,SECUNDERABAD,BOWENPALLY,BALANAGAR,BALANAGAR,2025-06-01,2025,6,1,0,1,1.0,False,1325.0,54.0,1325.0,0
SECUNDERABAD_BALANAGAR,initial greater-Hyderabad study area,TGSPDCL,SECUNDERABAD,BOWENPALLY,BALANAGAR,BALANAGAR,2025-07-01,2025,7,1,0,1,1.0,False,3479.0,54.0,3479.0,0
SECUNDERABAD_BALANAGAR,initial greater-Hyderabad study area,TGSPDCL,SECUNDERABAD,BOWENPALLY,BALANAGAR,BALANAGAR,2025-08-01,2025,8,1,0,1,1.0,False,5723.0,54.0,5723.0,0
SECUNDERABAD_BALANAGAR,initial greater-Hyderabad study area,TGSPDCL,SECUNDERABAD,BOWENPALLY,BALANAGAR,BALANAGAR,2025-09-01,2025,9,1,0,1,1.0,False,2007.0,54.0,2007.0,0
SECUNDERABAD_BALANAGAR,initial greater-Hyderabad study area,TGSPDCL,SECUNDERABAD,BOWENPALLY,BALANAGAR,BALANAGAR,2025-10-01,2025,10,1,0,1,1.0,False,314.0,54.0,314.0,0
SECUNDERABAD_BALANAGAR,initial greater-Hyderabad study area,TGSPDCL,SECUNDERABAD,BOWENPALLY,BALANAGAR,BALANAGAR,2025-11-01,2025,11,1,0,1,1.0,False,349.0,54.0,349.0,0
SECUNDERABAD_BALANAGAR,initial greater-Hyderabad study area,TGSPDCL,SECUNDERABAD,BOWENPALLY,BALANAGAR,BALANAGAR,2025-12-01,2025,12,1,0,1,1.0,False,426.0,54.0,426.0,0
SECUNDERABAD_BALANAGAR,initial greater-Hyderabad study area,TGSPDCL,SECUNDERABAD,BOWENPALLY,BALANAGAR,BALANAGAR,2026-01-01,2026,1,1,0,1,1.0,False,379.0,54.0,379.0,0
SECUNDERABAD_BALANAGAR,initial greater-Hyderabad study area,TGSPDCL,SECUNDERABAD,BOWENPALLY,BALANAGAR,BALANAGAR,2026-02-01,2026,2,1,0,1,1.0,False,355.0,54.0,355.0,0
SECUNDERABAD_BALANAGAR,initial greater-Hyderabad study area,TGSPDCL,SECUNDERABAD,BOWENPALLY,BALANAGAR,BALANAGAR,2026-03-01,2026,3,1,0,1,1.0,False,454.0,54.0,454.0,0
SECUNDERABAD_BALANAGAR,initial greater-Hyderabad study area,TGSPDCL,SECUNDERABAD,BOWENPALLY,BALANAGAR,BALANAGAR,2026-04-01,2026,4,1,0,1,1.0,False,681.0,54.0,681.0,0
SECUNDERABAD_BALANAGAR,initial greater-Hyderabad study area,TGSPDCL,SECUNDERABAD,BOWENPALLY,BALANAGAR,BALANAGAR,2026-05-01,2026,5,1,0,1,1.0,False,1802.0,54.0,1802.0,0
SECUNDERABAD_BALANAGAR,initial greater-Hyderabad study area,TGSPDCL,SECUNDERABAD,BOWENPALLY,BALANAGAR,BALANAGAR,2026-06-01,2026,6,1,0,1,1.0,False,2615.0,54.0,2615.0,0
SECUNDERABAD_BALANAGAR,initial greater-Hyderabad study area,TGSPDCL,SECUNDERABAD,BOWENPALLY,BALANAGAR,BALANAGAR,2026-07-01,2026,7,1,0,1,1.0,False,1551.0,54.0,1551.0,0
SECUNDERABAD_BALANAGAR,initial greater-Hyderabad study area,TGSPDCL,SECUNDERABAD,BOWENPALLY,BALANAGAR,BALANAGAR,2026-08-01,2026,8,1,0,2,1.0,False,2769.0,108.0,1384.5,0
SECUNDERABAD_BOLLARUM,initial greater-Hyderabad study area,TGSPDCL,SECUNDERABAD,SECUNDERABAD,LALBAZAR,BOLLARUM,2023-01-01,2023,1,2,0,2,2.0,False,976.0,12.0,488.0,0
SECUNDERABAD_BOLLARUM,initial greater-Hyderabad study area,TGSPDCL,SECUNDERABAD,SECUNDERABAD,LALBAZAR,BOLLARUM,2023-02-01,2023,2,2,0,2,2.0,False,1039.0,12.0,519.5,0
SECUNDERABAD_BOLLARUM,initial greater-Hyderabad study area,TGSPDCL,SECUNDERABAD,SECUNDERABAD,LALBAZAR,BOLLARUM,2023-03-01,2023,3,2,0,2,2.0,False,1091.0,12.0,545.5,0
SECUNDERABAD_BOLLARUM,initial greater-Hyderabad study area,TGSPDCL,SECUNDERABAD,SECUNDERABAD,LALBAZAR,BOLLARUM,2023-04-01,2023,4,2,0,2,2.0,False,1183.0,12.0,591.5,0
SECUNDERABAD_BOLLARUM,initial greater-Hyderabad study area,TGSPDCL,SECUNDERABAD,SECUNDERABAD,LALBAZAR,BOLLARUM,2023-05-01,2023,5,2,0,2,2.0,False,1121.0,12.0,560.5,0
SECUNDERABAD_BOLLARUM,initial greater-Hyderabad study area,TGSPDCL,SECUNDERABAD,SECUNDERABAD,LALBAZAR,BOLLARUM,2023-06-01,2023,6,2,0,2,2.0,False,1274.0,12.0,637.0,0
SECUNDERABAD_BOLLARUM,initial greater-Hyderabad study area,TGSPDCL,SECUNDERABAD,SECUNDERABAD,LALBAZAR,BOLLARUM,2023-07-01,2023,7,2,0,2,2.0,False,1074.0,12.0,537.0,0
SECUNDERABAD_BOLLARUM,initial greater-Hyderabad study area,TGSPDCL,SECUNDERABAD,SECUNDERABAD,LALBAZAR,BOLLARUM,2023-08-01,2023,8,2,0,2,2.0,False,1074.0,12.0,537.0,0
SECUNDERABAD_BOLLARUM,initial greater-Hyderabad study area,TGSPDCL,SECUNDERABAD,SECUNDERABAD,LALBAZAR,BOLLARUM,2023-09-01,2023,9,1,0,1,1.0,False,1329.0,10.0,1329.0,0
SECUNDERABAD_BOLLARUM,initial greater-Hyderabad study area,TGSPDCL,SECUNDERABAD,SECUNDERABAD,LALBAZAR,BOLLARUM,2023-10-01,2023,10,1,0,1,1.0,False,1122.0,10.0,1122.0,0
SECUNDERABAD_BOLLARUM,initial greater-Hyderabad study area,TGSPDCL,SECUNDERABAD,SECUNDERABAD,LALBAZAR,BOLLARUM,2023-11-01,2023,11,1,0,1,1.0,False,1654.0,10.0,1654.0,0
SECUNDERABAD_BOLLARUM,initial greater-Hyderabad study area,TGSPDCL,SECUNDERABAD,SECUNDERABAD,LALBAZAR,BOLLARUM,2023-12-01,2023,12,2,1,2,1.0,True,1115.0,64.0,557.5,0
SECUNDERABAD_BOLLARUM,initial greater-Hyderabad study area,TGSPDCL,SECUNDERABAD,SECUNDERABAD,LALBAZAR,BOLLARUM,2024-01-01,2024,1,2,0,2,2.0,False,1179.0,64.0,589.5,0
SECUNDERABAD_BOLLARUM,initial greater-Hyderabad study area,TGSPDCL,SECUNDERABAD,SECUNDERABAD,LALBAZAR,BOLLARUM,2024-02-01,2024,2,2,0,2,2.0,False,1661.0,64.0,830.5,0
SECUNDERABAD_BOLLARUM,initial greater-Hyderabad study area,TGSPDCL,SECUNDERABAD,SECUNDERABAD,LALBAZAR,BOLLARUM,2024-03-01,2024,3,2,0,2,2.0,False,1901.0,64.0,950.5,0
SECUNDERABAD_BOLLARUM,initial greater-Hyderabad study area,TGSPDCL,SECUNDERABAD,SECUNDERABAD,LALBAZAR,BOLLARUM,2024-04-01,2024,4,2,0,2,2.0,False,1889.0,64.0,944.5,0
SECUNDERABAD_BOLLARUM,initial greater-Hyderabad study area,TGSPDCL,SECUNDERABAD,SECUNDERABAD,LALBAZAR,BOLLARUM,2024-05-01,2024,5,2,0,2,2.0,False,4860.0,64.0,2430.0,0
SECUNDERABAD_BOLLARUM,initial greater-Hyderabad study area,TGSPDCL,SECUNDERABAD,SECUNDERABAD,LALBAZAR,BOLLARUM,2024-06-01,2024,6,2,0,2,2.0,False,3671.0,64.0,1835.5,0
SECUNDERABAD_BOLLARUM,initial greater-Hyderabad study area,TGSPDCL,SECUNDERABAD,SECUNDERABAD,LALBAZAR,BOLLARUM,2024-07-01,2024,7,2,0,2,2.0,False,2472.0,64.0,1236.0,0
SECUNDERABAD_BOLLARUM,initial greater-Hyderabad study area,TGSPDCL,SECUNDERABAD,SECUNDERABAD,LALBAZAR,BOLLARUM,2024-08-01,2024,8,2,0,2,2.0,False,2559.0,64.0,1279.5,0
SECUNDERABAD_BOLLARUM,initial greater-Hyderabad study area,TGSPDCL,SECUNDERABAD,SECUNDERABAD,LALBAZAR,BOLLARUM,2024-09-01,2024,9,2,0,2,2.0,False,2848.0,64.0,1424.0,0
SECUNDERABAD_BOLLARUM,initial greater-Hyderabad study area,TGSPDCL,SECUNDERABAD,SECUNDERABAD,LALBAZAR,BOLLARUM,2024-10-01,2024,10,2,0,2,2.0,False,2119.0,64.0,1059.5,0
SECUNDERABAD_BOLLARUM,initial greater-Hyderabad study area,TGSPDCL,SECUNDERABAD,SECUNDERABAD,LALBAZAR,BOLLARUM,2024-11-01,2024,11,2,0,2,2.0,False,1574.0,64.0,787.0,0
SECUNDERABAD_BOLLARUM,initial greater-Hyderabad study area,TGSPDCL,SECUNDERABAD,SECUNDERABAD,LALBAZAR,BOLLARUM,2024-12-01,2024,12,2,0,2,2.0,False,1235.0,64.0,617.5,0
SECUNDERABAD_BOLLARUM,initial greater-Hyderabad study area,TGSPDCL,SECUNDERABAD,SECUNDERABAD,LALBAZAR,BOLLARUM,2025-01-01,2025,1,2,0,2,2.0,False,1927.0,64.0,963.5,0
SECUNDERABAD_BOLLARUM,initial greater-Hyderabad study area,TGSPDCL,SECUNDERABAD,SECUNDERABAD,LALBAZAR,BOLLARUM,2025-02-01,2025,2,2,0,2,2.0,False,2867.0,64.0,1433.5,0
SECUNDERABAD_BOLLARUM,initial greater-Hyderabad study area,TGSPDCL,SECUNDERABAD,SECUNDERABAD,LALBAZAR,BOLLARUM,2025-03-01,2025,3,2,0,2,2.0,False,1932.0,64.0,966.0,0
SECUNDERABAD_BOLLARUM,initial greater-Hyderabad study area,TGSPDCL,SECUNDERABAD,SECUNDERABAD,LALBAZAR,BOLLARUM,2025-04-01,2025,4,2,0,2,2.0,False,5075.0,64.0,2537.5,0
SECUNDERABAD_BOLLARUM,initial greater-Hyderabad study area,TGSPDCL,SECUNDERABAD,SECUNDERABAD,LALBAZAR,BOLLARUM,2025-05-01,2025,5,2,0,2,2.0,False,2698.0,64.0,1349.0,0
SECUNDERABAD_BOLLARUM,initial greater-Hyderabad study area,TGSPDCL,SECUNDERABAD,SECUNDERABAD,LALBAZAR,BOLLARUM,2025-06-01,2025,6,2,0,2,2.0,False,1938.0,64.0,969.0,0
SECUNDERABAD_BOLLARUM,initial greater-Hyderabad study area,TGSPDCL,SECUNDERABAD,SECUNDERABAD,LALBAZAR,BOLLARUM,2025-07-01,2025,7,2,0,2,2.0,False,2578.0,64.0,1289.0,0
SECUNDERABAD_BOLLARUM,initial greater-Hyderabad study area,TGSPDCL,SECUNDERABAD,SECUNDERABAD,LALBAZAR,BOLLARUM,2025-08-01,2025,8,2,0,2,2.0,False,2086.0,64.0,1043.0,0
SECUNDERABAD_BOLLARUM,initial greater-Hyderabad study area,TGSPDCL,SECUNDERABAD,SECUNDERABAD,LALBAZAR,BOLLARUM,2025-09-01,2025,9,2,1,2,2.0,False,2702.0,64.0,1351.0,0
SECUNDERABAD_BOLLARUM,initial greater-Hyderabad study area,TGSPDCL,SECUNDERABAD,SECUNDERABAD,LALBAZAR,BOLLARUM,2025-10-01,2025,10,2,1,2,1.0,True,4437.0,64.0,2218.5,0
SECUNDERABAD_BOLLARUM,initial greater-Hyderabad study area,TGSPDCL,SECUNDERABAD,SECUNDERABAD,LALBAZAR,BOLLARUM,2025-11-01,2025,11,2,1,2,1.0,True,5461.0,64.0,2730.5,0
SECUNDERABAD_BOLLARUM,initial greater-Hyderabad study area,TGSPDCL,SECUNDERABAD,SECUNDERABAD,LALBAZAR,BOLLARUM,2025-12-01,2025,12,2,0,2,2.0,False,4815.0,64.0,2407.5,0
SECUNDERABAD_BOLLARUM,initial greater-Hyderabad study area,TGSPDCL,SECUNDERABAD,SECUNDERABAD,LALBAZAR,BOLLARUM,2026-01-01,2026,1,2,0,2,2.0,False,2828.0,64.0,1414.0,0
SECUNDERABAD_BOLLARUM,initial greater-Hyderabad study area,TGSPDCL,SECUNDERABAD,SECUNDERABAD,LALBAZAR,BOLLARUM,2026-02-01,2026,2,2,0,2,2.0,False,3618.0,64.0,1809.0,0
SECUNDERABAD_BOLLARUM,initial greater-Hyderabad study area,TGSPDCL,SECUNDERABAD,SECUNDERABAD,LALBAZAR,BOLLARUM,2026-03-01,2026,3,2,0,2,2.0,False,2845.0,64.0,1422.5,0
SECUNDERABAD_BOLLARUM,initial greater-Hyderabad study area,TGSPDCL,SECUNDERABAD,SECUNDERABAD,LALBAZAR,BOLLARUM,2026-04-01,2026,4,2,1,2,1.0,True,1777.0,64.0,888.5,0
SECUNDERABAD_BOLLARUM,initial greater-Hyderabad study area,TGSPDCL,SECUNDERABAD,SECUNDERABAD,LALBAZAR,BOLLARUM,2026-05-01,2026,5,2,1,2,1.0,True,3632.0,64.0,1816.0,0
SECUNDERABAD_BOLLARUM,initial greater-Hyderabad study area,TGSPDCL,SECUNDERABAD,SECUNDERABAD,LALBAZAR,BOLLARUM,2026-06-01,2026,6,2,1,2,1.0,True,1.0,64.0,0.5,0
SECUNDERABAD_BOLLARUM,initial greater-Hyderabad study area,TGSPDCL,SECUNDERABAD,SECUNDERABAD,LALBAZAR,BOLLARUM,2026-07-01,2026,7,1,0,1,1.0,False,3.0,54.0,3.0,0
SECUNDERABAD_BOLLARUM,initial greater-Hyderabad study area,TGSPDCL,SECUNDERABAD,SECUNDERABAD,LALBAZAR,BOLLARUM,2026-08-01,2026,8,1,0,1,1.0,False,32.0,54.0,32.0,0
SECUNDERABAD_CLOCK_TOWER,initial greater-Hyderabad study area,TGSPDCL,SECUNDERABAD,PARADISE,JAMES STREET,CLOCK TOWER,2023-02-01,2023,2,1,1,1,,True,0.0,15.0,0.0,0
SECUNDERABAD_CLOCK_TOWER,initial greater-Hyderabad study area,TGSPDCL,SECUNDERABAD,PARADISE,JAMES STREET,CLOCK TOWER,2023-03-01,2023,3,1,0,1,1.0,False,101.0,15.0,101.0,0
SECUNDERABAD_CLOCK_TOWER,initial greater-Hyderabad study area,TGSPDCL,SECUNDERABAD,PARADISE,JAMES STREET,CLOCK TOWER,2023-04-01,2023,4,2,1,2,1.0,True,399.0,69.0,199.5,0
SECUNDERABAD_CLOCK_TOWER,initial greater-Hyderabad study area,TGSPDCL,SECUNDERABAD,PARADISE,JAMES STREET,CLOCK TOWER,2023-05-01,2023,5,2,0,3,2.0,False,45.0,123.0,15.0,0
SECUNDERABAD_CLOCK_TOWER,initial greater-Hyderabad study area,TGSPDCL,SECUNDERABAD,PARADISE,JAMES STREET,CLOCK TOWER,2023-06-01,2023,6,2,0,3,3.0,False,385.0,123.0,128.33,0
SECUNDERABAD_CLOCK_TOWER,initial greater-Hyderabad study area,TGSPDCL,SECUNDERABAD,PARADISE,JAMES STREET,CLOCK TOWER,2023-07-01,2023,7,2,0,3,3.0,False,844.0,123.0,281.33,0
SECUNDERABAD_CLOCK_TOWER,initial greater-Hyderabad study area,TGSPDCL,SECUNDERABAD,PARADISE,JAMES STREET,CLOCK TOWER,2023-08-01,2023,8,2,0,3,3.0,False,1735.0,123.0,578.33,0
SECUNDERABAD_CLOCK_TOWER,initial greater-Hyderabad study area,TGSPDCL,SECUNDERABAD,PARADISE,JAMES STREET,CLOCK TOWER,2023-09-01,2023,9,2,0,3,3.0,False,1856.0,123.0,618.67,0
SECUNDERABAD_CLOCK_TOWER,initial greater-Hyderabad study area,TGSPDCL,SECUNDERABAD,PARADISE,JAMES STREET,CLOCK TOWER,2023-10-01,2023,10,2,0,3,3.0,False,1861.0,123.0,620.33,0
SECUNDERABAD_CLOCK_TOWER,initial greater-Hyderabad study area,TGSPDCL,SECUNDERABAD,PARADISE,JAMES STREET,CLOCK TOWER,2023-11-01,2023,11,2,0,3,3.0,False,4506.0,123.0,1502.0,0
SECUNDERABAD_CLOCK_TOWER,initial greater-Hyderabad study area,TGSPDCL,SECUNDERABAD,PARADISE,JAMES STREET,CLOCK TOWER,2023-12-01,2023,12,2,0,3,3.0,False,10855.0,123.0,3618.33,0
SECUNDERABAD_CLOCK_TOWER,initial greater-Hyderabad study area,TGSPDCL,SECUNDERABAD,PARADISE,JAMES STREET,CLOCK TOWER,2024-01-01,2024,1,2,0,3,3.0,False,11351.0,123.0,3783.67,0
SECUNDERABAD_CLOCK_TOWER,initial greater-Hyderabad study area,TGSPDCL,SECUNDERABAD,PARADISE,JAMES STREET,CLOCK TOWER,2024-02-01,2024,2,2,0,3,3.0,False,12648.0,123.0,4216.0,0
SECUNDERABAD_CLOCK_TOWER,initial greater-Hyderabad study area,TGSPDCL,SECUNDERABAD,PARADISE,JAMES STREET,CLOCK TOWER,2024-03-01,2024,3,2,0,3,3.0,False,8234.0,123.0,2744.67,0
SECUNDERABAD_CLOCK_TOWER,initial greater-Hyderabad study area,TGSPDCL,SECUNDERABAD,PARADISE,JAMES STREET,CLOCK TOWER,2024-04-01,2024,4,2,0,3,3.0,False,7839.0,123.0,2613.0,0
SECUNDERABAD_CLOCK_TOWER,initial greater-Hyderabad study area,TGSPDCL,SECUNDERABAD,PARADISE,JAMES STREET,CLOCK TOWER,2024-05-01,2024,5,2,0,3,3.0,False,6322.0,123.0,2107.33,0
SECUNDERABAD_CLOCK_TOWER,initial greater-Hyderabad study area,TGSPDCL,SECUNDERABAD,PARADISE,JAMES STREET,CLOCK TOWER,2024-06-01,2024,6,2,0,3,3.0,False,10182.0,123.0,3394.0,0
SECUNDERABAD_CLOCK_TOWER,initial greater-Hyderabad study area,TGSPDCL,SECUNDERABAD,PARADISE,JAMES STREET,CLOCK TOWER,2024-07-01,2024,7,2,0,3,3.0,False,2508.0,123.0,836.0,0
SECUNDERABAD_CLOCK_TOWER,initial greater-Hyderabad study area,TGSPDCL,SECUNDERABAD,PARADISE,JAMES STREET,CLOCK TOWER,2024-08-01,2024,8,2,0,3,3.0,False,6016.0,123.0,2005.33,0
SECUNDERABAD_CLOCK_TOWER,initial greater-Hyderabad study area,TGSPDCL,SECUNDERABAD,PARADISE,JAMES STREET,CLOCK TOWER,2024-09-01,2024,9,2,0,3,3.0,False,12341.0,123.0,4113.67,0
SECUNDERABAD_CLOCK_TOWER,initial greater-Hyderabad study area,TGSPDCL,SECUNDERABAD,PARADISE,JAMES STREET,CLOCK TOWER,2024-10-01,2024,10,2,0,3,3.0,False,5390.0,123.0,1796.67,0
SECUNDERABAD_CLOCK_TOWER,initial greater-Hyderabad study area,TGSPDCL,SECUNDERABAD,PARADISE,JAMES STREET,CLOCK TOWER,2024-11-01,2024,11,2,0,3,3.0,False,4724.0,123.0,1574.67,0
SECUNDERABAD_CLOCK_TOWER,initial greater-Hyderabad study area,TGSPDCL,SECUNDERABAD,PARADISE,JAMES STREET,CLOCK TOWER,2024-12-01,2024,12,2,0,3,3.0,False,4557.0,123.0,1519.0,0
SECUNDERABAD_CLOCK_TOWER,initial greater-Hyderabad study area,TGSPDCL,SECUNDERABAD,PARADISE,JAMES STREET,CLOCK TOWER,2025-01-01,2025,1,2,0,3,3.0,False,6231.0,123.0,2077.0,0
SECUNDERABAD_CLOCK_TOWER,initial greater-Hyderabad study area,TGSPDCL,SECUNDERABAD,PARADISE,JAMES STREET,CLOCK TOWER,2025-02-01,2025,2,2,0,3,3.0,False,3712.0,123.0,1237.33,0
SECUNDERABAD_CLOCK_TOWER,initial greater-Hyderabad study area,TGSPDCL,SECUNDERABAD,PARADISE,JAMES STREET,CLOCK TOWER,2025-03-01,2025,3,2,1,3,3.0,False,995.0,123.0,331.67,0
SECUNDERABAD_CLOCK_TOWER,initial greater-Hyderabad study area,TGSPDCL,SECUNDERABAD,PARADISE,JAMES STREET,CLOCK TOWER,2025-04-01,2025,4,2,1,3,3.0,False,585.0,123.0,195.0,0
SECUNDERABAD_CLOCK_TOWER,initial greater-Hyderabad study area,TGSPDCL,SECUNDERABAD,PARADISE,JAMES STREET,CLOCK TOWER,2025-05-01,2025,5,2,1,3,3.0,False,515.0,123.0,171.67,0
SECUNDERABAD_CLOCK_TOWER,initial greater-Hyderabad study area,TGSPDCL,SECUNDERABAD,PARADISE,JAMES STREET,CLOCK TOWER,2025-06-01,2025,6,2,1,3,3.0,False,560.0,123.0,186.67,0
SECUNDERABAD_CLOCK_TOWER,initial greater-Hyderabad study area,TGSPDCL,SECUNDERABAD,PARADISE,JAMES STREET,CLOCK TOWER,2025-07-01,2025,7,2,1,3,3.0,False,673.0,123.0,224.33,0
SECUNDERABAD_CLOCK_TOWER,initial greater-Hyderabad study area,TGSPDCL,SECUNDERABAD,PARADISE,JAMES STREET,CLOCK TOWER,2025-08-01,2025,8,2,0,3,3.0,False,2615.0,123.0,871.67,0
SECUNDERABAD_CLOCK_TOWER,initial greater-Hyderabad study area,TGSPDCL,SECUNDERABAD,PARADISE,JAMES STREET,CLOCK TOWER,2025-09-01,2025,9,2,1,3,3.0,False,5310.0,123.0,1770.0,0
SECUNDERABAD_CLOCK_TOWER,initial greater-Hyderabad study area,TGSPDCL,SECUNDERABAD,PARADISE,JAMES STREET,CLOCK TOWER,2025-10-01,2025,10,2,0,3,3.0,False,6993.0,123.0,2331.0,0
SECUNDERABAD_CLOCK_TOWER,initial greater-Hyderabad study area,TGSPDCL,SECUNDERABAD,PARADISE,JAMES STREET,CLOCK TOWER,2025-11-01,2025,11,2,1,3,3.0,False,5797.0,123.0,1932.33,0
SECUNDERABAD_CLOCK_TOWER,initial greater-Hyderabad study area,TGSPDCL,SECUNDERABAD,PARADISE,JAMES STREET,CLOCK TOWER,2025-12-01,2025,12,2,1,3,3.0,False,5366.0,123.0,1788.67,0
SECUNDERABAD_CLOCK_TOWER,initial greater-Hyderabad study area,TGSPDCL,SECUNDERABAD,PARADISE,JAMES STREET,CLOCK TOWER,2026-01-01,2026,1,2,1,3,3.0,False,6183.0,123.0,2061.0,0
SECUNDERABAD_CLOCK_TOWER,initial greater-Hyderabad study area,TGSPDCL,SECUNDERABAD,PARADISE,JAMES STREET,CLOCK TOWER,2026-02-01,2026,2,2,1,3,3.0,False,7178.0,123.0,2392.67,0
SECUNDERABAD_CLOCK_TOWER,initial greater-Hyderabad study area,TGSPDCL,SECUNDERABAD,PARADISE,JAMES STREET,CLOCK TOWER,2026-03-01,2026,3,2,1,3,3.0,False,5890.0,123.0,1963.33,0
SECUNDERABAD_CLOCK_TOWER,initial greater-Hyderabad study area,TGSPDCL,SECUNDERABAD,PARADISE,JAMES STREET,CLOCK TOWER,2026-04-01,2026,4,2,1,3,3.0,False,7420.0,123.0,2473.33,0
SECUNDERABAD_CLOCK_TOWER,initial greater-Hyderabad study area,TGSPDCL,SECUNDERABAD,PARADISE,JAMES STREET,CLOCK TOWER,2026-05-01,2026,5,2,0,3,3.0,False,9486.0,123.0,3162.0,0
SECUNDERABAD_CLOCK_TOWER,initial greater-Hyderabad study area,TGSPDCL,SECUNDERABAD,PARADISE,JAMES STREET,CLOCK TOWER,2026-06-01,2026,6,2,0,3,3.0,False,9940.0,123.0,3313.33,0
SECUNDERABAD_CLOCK_TOWER,initial greater-Hyderabad study area,TGSPDCL,SECUNDERABAD,PARADISE,JAMES STREET,CLOCK TOWER,2026-07-01,2026,7,2,1,3,3.0,False,11056.0,123.0,3685.33,0
SECUNDERABAD_CLOCK_TOWER,initial greater-Hyderabad study area,TGSPDCL,SECUNDERABAD,PARADISE,JAMES STREET,CLOCK TOWER,2026-08-01,2026,8,2,1,3,3.0,False,10424.0,123.0,3474.67,0
SECUNDERABAD_FEROZEGUDA,initial greater-Hyderabad study area,TGSPDCL,SECUNDERABAD,BOWENPALLY,BALANAGAR,FEROZEGUDA,2023-01-01,2023,1,1,0,1,1.0,False,64.0,5.0,64.0,0
SECUNDERABAD_FEROZEGUDA,initial greater-Hyderabad study area,TGSPDCL,SECUNDERABAD,BOWENPALLY,BALANAGAR,FEROZEGUDA,2023-02-01,2023,2,1,0,1,1.0,False,51.0,5.0,51.0,0
SECUNDERABAD_FEROZEGUDA,initial greater-Hyderabad study area,TGSPDCL,SECUNDERABAD,BOWENPALLY,BALANAGAR,FEROZEGUDA,2023-03-01,2023,3,1,0,1,1.0,False,22.0,5.0,22.0,0
SECUNDERABAD_FEROZEGUDA,initial greater-Hyderabad study area,TGSPDCL,SECUNDERABAD,BOWENPALLY,BALANAGAR,FEROZEGUDA,2023-04-01,2023,4,1,0,1,1.0,False,6.0,5.0,6.0,0
SECUNDERABAD_FEROZEGUDA,initial greater-Hyderabad study area,TGSPDCL,SECUNDERABAD,BOWENPALLY,BALANAGAR,FEROZEGUDA,2023-05-01,2023,5,1,1,1,1.0,False,0.0,5.0,0.0,0
SECUNDERABAD_FEROZEGUDA,initial greater-Hyderabad study area,TGSPDCL,SECUNDERABAD,BOWENPALLY,BALANAGAR,FEROZEGUDA,2023-06-01,2023,6,1,1,1,1.0,False,0.0,5.0,0.0,0
SECUNDERABAD_FEROZEGUDA,initial greater-Hyderabad study area,TGSPDCL,SECUNDERABAD,BOWENPALLY,BALANAGAR,FEROZEGUDA,2023-07-01,2023,7,1,1,1,1.0,False,0.0,5.0,0.0,0
SECUNDERABAD_FEROZEGUDA,initial greater-Hyderabad study area,TGSPDCL,SECUNDERABAD,BOWENPALLY,BALANAGAR,FEROZEGUDA,2023-08-01,2023,8,1,1,1,1.0,False,0.0,5.0,0.0,0
SECUNDERABAD_FEROZEGUDA,initial greater-Hyderabad study area,TGSPDCL,SECUNDERABAD,BOWENPALLY,BALANAGAR,FEROZEGUDA,2023-09-01,2023,9,1,1,1,,True,0.0,5.0,0.0,0
SECUNDERABAD_FEROZEGUDA,initial greater-Hyderabad study area,TGSPDCL,SECUNDERABAD,BOWENPALLY,BALANAGAR,FEROZEGUDA,2024-01-01,2024,1,1,0,1,1.0,False,9.0,54.0,9.0,0
SECUNDERABAD_FEROZEGUDA,initial greater-Hyderabad study area,TGSPDCL,SECUNDERABAD,BOWENPALLY,BALANAGAR,FEROZEGUDA,2024-02-01,2024,2,1,0,1,1.0,False,185.0,54.0,185.0,0
SECUNDERABAD_FEROZEGUDA,initial greater-Hyderabad study area,TGSPDCL,SECUNDERABAD,BOWENPALLY,BALANAGAR,FEROZEGUDA,2024-03-01,2024,3,1,0,1,1.0,False,443.0,54.0,443.0,0
SECUNDERABAD_FEROZEGUDA,initial greater-Hyderabad study area,TGSPDCL,SECUNDERABAD,BOWENPALLY,BALANAGAR,FEROZEGUDA,2024-04-01,2024,4,1,0,1,1.0,False,637.0,54.0,637.0,0
SECUNDERABAD_FEROZEGUDA,initial greater-Hyderabad study area,TGSPDCL,SECUNDERABAD,BOWENPALLY,BALANAGAR,FEROZEGUDA,2024-05-01,2024,5,1,0,1,1.0,False,1137.0,54.0,1137.0,0
SECUNDERABAD_FEROZEGUDA,initial greater-Hyderabad study area,TGSPDCL,SECUNDERABAD,BOWENPALLY,BALANAGAR,FEROZEGUDA,2024-06-01,2024,6,1,0,1,1.0,False,1368.0,54.0,1368.0,0
SECUNDERABAD_FEROZEGUDA,initial greater-Hyderabad study area,TGSPDCL,SECUNDERABAD,BOWENPALLY,BALANAGAR,FEROZEGUDA,2024-07-01,2024,7,1,0,1,1.0,False,2672.0,54.0,2672.0,0
SECUNDERABAD_FEROZEGUDA,initial greater-Hyderabad study area,TGSPDCL,SECUNDERABAD,BOWENPALLY,BALANAGAR,FEROZEGUDA,2024-08-01,2024,8,1,0,1,1.0,False,3470.0,54.0,3470.0,0
SECUNDERABAD_FEROZEGUDA,initial greater-Hyderabad study area,TGSPDCL,SECUNDERABAD,BOWENPALLY,BALANAGAR,FEROZEGUDA,2024-09-01,2024,9,1,0,1,1.0,False,4493.0,54.0,4493.0,0
SECUNDERABAD_FEROZEGUDA,initial greater-Hyderabad study area,TGSPDCL,SECUNDERABAD,BOWENPALLY,BALANAGAR,FEROZEGUDA,2024-10-01,2024,10,1,0,1,1.0,False,3948.0,54.0,3948.0,0
SECUNDERABAD_FEROZEGUDA,initial greater-Hyderabad study area,TGSPDCL,SECUNDERABAD,BOWENPALLY,BALANAGAR,FEROZEGUDA,2024-11-01,2024,11,1,0,1,1.0,False,2746.0,54.0,2746.0,0
SECUNDERABAD_FEROZEGUDA,initial greater-Hyderabad study area,TGSPDCL,SECUNDERABAD,BOWENPALLY,BALANAGAR,FEROZEGUDA,2024-12-01,2024,12,1,0,1,1.0,False,1646.0,54.0,1646.0,0
SECUNDERABAD_FEROZEGUDA,initial greater-Hyderabad study area,TGSPDCL,SECUNDERABAD,BOWENPALLY,BALANAGAR,FEROZEGUDA,2025-01-01,2025,1,1,0,2,1.0,False,2083.0,107.0,1041.5,0
SECUNDERABAD_FEROZEGUDA,initial greater-Hyderabad study area,TGSPDCL,SECUNDERABAD,BOWENPALLY,BALANAGAR,FEROZEGUDA,2025-02-01,2025,2,1,0,2,2.0,False,4214.0,107.0,2107.0,0
SECUNDERABAD_FEROZEGUDA,initial greater-Hyderabad study area,TGSPDCL,SECUNDERABAD,BOWENPALLY,BALANAGAR,FEROZEGUDA,2025-03-01,2025,3,1,0,2,2.0,False,8511.0,107.0,4255.5,0
SECUNDERABAD_FEROZEGUDA,initial greater-Hyderabad study area,TGSPDCL,SECUNDERABAD,BOWENPALLY,BALANAGAR,FEROZEGUDA,2025-04-01,2025,4,1,0,2,2.0,False,14919.0,107.0,7459.5,0
SECUNDERABAD_FEROZEGUDA,initial greater-Hyderabad study area,TGSPDCL,SECUNDERABAD,BOWENPALLY,BALANAGAR,FEROZEGUDA,2025-05-01,2025,5,1,0,2,2.0,False,16771.0,119.0,8385.5,0
SECUNDERABAD_FEROZEGUDA,initial greater-Hyderabad study area,TGSPDCL,SECUNDERABAD,BOWENPALLY,BALANAGAR,FEROZEGUDA,2025-06-01,2025,6,1,0,2,2.0,False,13926.0,119.0,6963.0,0
SECUNDERABAD_FEROZEGUDA,initial greater-Hyderabad study area,TGSPDCL,SECUNDERABAD,BOWENPALLY,BALANAGAR,FEROZEGUDA,2025-07-01,2025,7,1,0,2,2.0,False,16078.0,119.0,8039.0,0
SECUNDERABAD_FEROZEGUDA,initial greater-Hyderabad study area,TGSPDCL,SECUNDERABAD,BOWENPALLY,BALANAGAR,FEROZEGUDA,2025-08-01,2025,8,1,0,3,3.0,False,16965.0,179.0,5655.0,0
SECUNDERABAD_FEROZEGUDA,initial greater-Hyderabad study area,TGSPDCL,SECUNDERABAD,BOWENPALLY,BALANAGAR,FEROZEGUDA,2025-09-01,2025,9,1,0,3,3.0,False,11319.0,179.0,3773.0,0
SECUNDERABAD_FEROZEGUDA,initial greater-Hyderabad study area,TGSPDCL,SECUNDERABAD,BOWENPALLY,BALANAGAR,FEROZEGUDA,2025-10-01,2025,10,1,0,3,3.0,False,12770.0,179.0,4256.67,0
SECUNDERABAD_FEROZEGUDA,initial greater-Hyderabad study area,TGSPDCL,SECUNDERABAD,BOWENPALLY,BALANAGAR,FEROZEGUDA,2025-11-01,2025,11,1,0,3,3.0,False,16921.0,179.0,5640.33,0
SECUNDERABAD_FEROZEGUDA,initial greater-Hyderabad study area,TGSPDCL,SECUNDERABAD,BOWENPALLY,BALANAGAR,FEROZEGUDA,2025-12-01,2025,12,1,0,3,3.0,False,18035.0,179.0,6011.67,0
SECUNDERABAD_FEROZEGUDA,initial greater-Hyderabad study area,TGSPDCL,SECUNDERABAD,BOWENPALLY,BALANAGAR,FEROZEGUDA,2026-01-01,2026,1,1,0,3,3.0,False,25070.0,179.0,8356.67,0
SECUNDERABAD_FEROZEGUDA,initial greater-Hyderabad study area,TGSPDCL,SECUNDERABAD,BOWENPALLY,BALANAGAR,FEROZEGUDA,2026-02-01,2026,2,1,0,3,3.0,False,21020.0,179.0,7006.67,0
SECUNDERABAD_FEROZEGUDA,initial greater-Hyderabad study area,TGSPDCL,SECUNDERABAD,BOWENPALLY,BALANAGAR,FEROZEGUDA,2026-03-01,2026,3,1,0,3,3.0,False,27923.0,179.0,9307.67,0
SECUNDERABAD_FEROZEGUDA,initial greater-Hyderabad study area,TGSPDCL,SECUNDERABAD,BOWENPALLY,BALANAGAR,FEROZEGUDA,2026-04-01,2026,4,1,0,3,3.0,False,43423.0,229.0,14474.33,0
SECUNDERABAD_FEROZEGUDA,initial greater-Hyderabad study area,TGSPDCL,SECUNDERABAD,BOWENPALLY,BALANAGAR,FEROZEGUDA,2026-05-01,2026,5,1,0,3,3.0,False,40263.0,229.0,13421.0,0
SECUNDERABAD_FEROZEGUDA,initial greater-Hyderabad study area,TGSPDCL,SECUNDERABAD,BOWENPALLY,BALANAGAR,FEROZEGUDA,2026-06-01,2026,6,1,0,3,3.0,False,48168.0,229.0,16056.0,0
SECUNDERABAD_FEROZEGUDA,initial greater-Hyderabad study area,TGSPDCL,SECUNDERABAD,BOWENPALLY,BALANAGAR,FEROZEGUDA,2026-07-01,2026,7,1,0,3,3.0,False,54429.0,229.0,18143.0,0
SECUNDERABAD_FEROZEGUDA,initial greater-Hyderabad study area,TGSPDCL,SECUNDERABAD,BOWENPALLY,BALANAGAR,FEROZEGUDA,2026-08-01,2026,8,1,0,3,3.0,False,49681.0,229.0,16560.33,0
SECUNDERABAD_GYMKHANA,initial greater-Hyderabad study area,TGSPDCL,SECUNDERABAD,SECUNDERABAD,MAREDPALLY,GYMKHANA,2024-09-01,2024,9,1,1,1,,True,0.0,40.0,0.0,0
SECUNDERABAD_GYMKHANA,initial greater-Hyderabad study area,TGSPDCL,SECUNDERABAD,SECUNDERABAD,MAREDPALLY,GYMKHANA,2024-10-01,2024,10,1,0,1,1.0,False,3871.0,40.0,3871.0,0
SECUNDERABAD_GYMKHANA,initial greater-Hyderabad study area,TGSPDCL,SECUNDERABAD,SECUNDERABAD,MAREDPALLY,GYMKHANA,2024-11-01,2024,11,1,0,1,1.0,False,4128.0,40.0,4128.0,0
SECUNDERABAD_GYMKHANA,initial greater-Hyderabad study area,TGSPDCL,SECUNDERABAD,SECUNDERABAD,MAREDPALLY,GYMKHANA,2024-12-01,2024,12,1,0,1,1.0,False,3989.0,40.0,3989.0,0
SECUNDERABAD_GYMKHANA,initial greater-Hyderabad study area,TGSPDCL,SECUNDERABAD,SECUNDERABAD,MAREDPALLY,GYMKHANA,2025-01-01,2025,1,1,0,1,1.0,False,3393.0,40.0,3393.0,0
SECUNDERABAD_GYMKHANA,initial greater-Hyderabad study area,TGSPDCL,SECUNDERABAD,SECUNDERABAD,MAREDPALLY,GYMKHANA,2025-02-01,2025,2,1,0,1,1.0,False,3135.0,40.0,3135.0,0
SECUNDERABAD_GYMKHANA,initial greater-Hyderabad study area,TGSPDCL,SECUNDERABAD,SECUNDERABAD,MAREDPALLY,GYMKHANA,2025-03-01,2025,3,1,0,1,1.0,False,2748.0,40.0,2748.0,0
SECUNDERABAD_GYMKHANA,initial greater-Hyderabad study area,TGSPDCL,SECUNDERABAD,SECUNDERABAD,MAREDPALLY,GYMKHANA,2025-04-01,2025,4,1,0,1,1.0,False,2396.0,40.0,2396.0,0
SECUNDERABAD_GYMKHANA,initial greater-Hyderabad study area,TGSPDCL,SECUNDERABAD,SECUNDERABAD,MAREDPALLY,GYMKHANA,2025-05-01,2025,5,1,0,1,1.0,False,2295.0,40.0,2295.0,0
SECUNDERABAD_GYMKHANA,initial greater-Hyderabad study area,TGSPDCL,SECUNDERABAD,SECUNDERABAD,MAREDPALLY,GYMKHANA,2025-06-01,2025,6,1,0,1,1.0,False,2842.0,40.0,2842.0,0
SECUNDERABAD_GYMKHANA,initial greater-Hyderabad study area,TGSPDCL,SECUNDERABAD,SECUNDERABAD,MAREDPALLY,GYMKHANA,2025-07-01,2025,7,1,0,2,2.0,False,2984.0,94.0,1492.0,0
SECUNDERABAD_GYMKHANA,initial greater-Hyderabad study area,TGSPDCL,SECUNDERABAD,SECUNDERABAD,MAREDPALLY,GYMKHANA,2025-08-01,2025,8,1,0,2,2.0,False,3680.0,94.0,1840.0,0
SECUNDERABAD_GYMKHANA,initial greater-Hyderabad study area,TGSPDCL,SECUNDERABAD,SECUNDERABAD,MAREDPALLY,GYMKHANA,2025-09-01,2025,9,1,0,2,2.0,False,3978.0,94.0,1989.0,0
SECUNDERABAD_GYMKHANA,initial greater-Hyderabad study area,TGSPDCL,SECUNDERABAD,SECUNDERABAD,MAREDPALLY,GYMKHANA,2025-10-01,2025,10,1,0,2,2.0,False,3852.0,94.0,1926.0,0
SECUNDERABAD_GYMKHANA,initial greater-Hyderabad study area,TGSPDCL,SECUNDERABAD,SECUNDERABAD,MAREDPALLY,GYMKHANA,2025-11-01,2025,11,1,0,2,2.0,False,3966.0,94.0,1983.0,0
SECUNDERABAD_GYMKHANA,initial greater-Hyderabad study area,TGSPDCL,SECUNDERABAD,SECUNDERABAD,MAREDPALLY,GYMKHANA,2025-12-01,2025,12,1,0,2,2.0,False,4343.0,94.0,2171.5,0
SECUNDERABAD_GYMKHANA,initial greater-Hyderabad study area,TGSPDCL,SECUNDERABAD,SECUNDERABAD,MAREDPALLY,GYMKHANA,2026-01-01,2026,1,1,0,2,2.0,False,4320.0,94.0,2160.0,0
SECUNDERABAD_GYMKHANA,initial greater-Hyderabad study area,TGSPDCL,SECUNDERABAD,SECUNDERABAD,MAREDPALLY,GYMKHANA,2026-02-01,2026,2,1,0,2,2.0,False,2904.0,94.0,1452.0,0
SECUNDERABAD_GYMKHANA,initial greater-Hyderabad study area,TGSPDCL,SECUNDERABAD,SECUNDERABAD,MAREDPALLY,GYMKHANA,2026-03-01,2026,3,1,0,2,2.0,False,3787.0,94.0,1893.5,0
SECUNDERABAD_GYMKHANA,initial greater-Hyderabad study area,TGSPDCL,SECUNDERABAD,SECUNDERABAD,MAREDPALLY,GYMKHANA,2026-04-01,2026,4,1,0,2,2.0,False,5156.0,94.0,2578.0,0
SECUNDERABAD_GYMKHANA,initial greater-Hyderabad study area,TGSPDCL,SECUNDERABAD,SECUNDERABAD,MAREDPALLY,GYMKHANA,2026-05-01,2026,5,1,0,2,2.0,False,8398.0,94.0,4199.0,0
SECUNDERABAD_GYMKHANA,initial greater-Hyderabad study area,TGSPDCL,SECUNDERABAD,SECUNDERABAD,MAREDPALLY,GYMKHANA,2026-06-01,2026,6,1,0,2,2.0,False,14373.0,94.0,7186.5,0
SECUNDERABAD_GYMKHANA,initial greater-Hyderabad study area,TGSPDCL,SECUNDERABAD,SECUNDERABAD,MAREDPALLY,GYMKHANA,2026-07-01,2026,7,1,0,2,2.0,False,23131.0,94.0,11565.5,0
SECUNDERABAD_GYMKHANA,initial greater-Hyderabad study area,TGSPDCL,SECUNDERABAD,SECUNDERABAD,MAREDPALLY,GYMKHANA,2026-08-01,2026,8,1,0,2,2.0,False,18580.0,94.0,9290.0,0
SECUNDERABAD_I_D_P_L,initial greater-Hyderabad study area,TGSPDCL,SECUNDERABAD,BOWENPALLY,RR NAGAR,I.D.P.L.,2023-01-01,2023,1,2,0,3,3.0,False,427.0,14.0,142.33,0
SECUNDERABAD_I_D_P_L,initial greater-Hyderabad study area,TGSPDCL,SECUNDERABAD,BOWENPALLY,RR NAGAR,I.D.P.L.,2023-02-01,2023,2,2,0,3,3.0,False,585.0,14.0,195.0,0
SECUNDERABAD_I_D_P_L,initial greater-Hyderabad study area,TGSPDCL,SECUNDERABAD,BOWENPALLY,RR NAGAR,I.D.P.L.,2023-03-01,2023,3,2,1,3,3.0,False,623.0,14.0,207.67,0
SECUNDERABAD_I_D_P_L,initial greater-Hyderabad study area,TGSPDCL,SECUNDERABAD,BOWENPALLY,RR NAGAR,I.D.P.L.,2023-04-01,2023,4,2,0,4,3.0,False,632.0,23.0,158.0,0
SECUNDERABAD_I_D_P_L,initial greater-Hyderabad study area,TGSPDCL,SECUNDERABAD,BOWENPALLY,RR NAGAR,I.D.P.L.,2023-05-01,2023,5,2,0,4,4.0,False,282.0,23.0,70.5,0
SECUNDERABAD_I_D_P_L,initial greater-Hyderabad study area,TGSPDCL,SECUNDERABAD,BOWENPALLY,RR NAGAR,I.D.P.L.,2023-06-01,2023,6,1,0,2,2.0,False,47.0,19.0,23.5,1
SECUNDERABAD_I_D_P_L,initial greater-Hyderabad study area,TGSPDCL,SECUNDERABAD,BOWENPALLY,RR NAGAR,I.D.P.L.,2023-07-01,2023,7,2,0,4,4.0,False,43.0,23.0,10.75,0
SECUNDERABAD_I_D_P_L,initial greater-Hyderabad study area,TGSPDCL,SECUNDERABAD,BOWENPALLY,RR NAGAR,I.D.P.L.,2023-08-01,2023,8,2,0,4,4.0,False,121.0,23.0,30.25,0
SECUNDERABAD_I_D_P_L,initial greater-Hyderabad study area,TGSPDCL,SECUNDERABAD,BOWENPALLY,RR NAGAR,I.D.P.L.,2023-09-01,2023,9,2,0,4,4.0,False,2123.0,23.0,530.75,0
SECUNDERABAD_I_D_P_L,initial greater-Hyderabad study area,TGSPDCL,SECUNDERABAD,BOWENPALLY,RR NAGAR,I.D.P.L.,2023-10-01,2023,10,2,0,4,4.0,False,3129.0,23.0,782.25,0
SECUNDERABAD_I_D_P_L,initial greater-Hyderabad study area,TGSPDCL,SECUNDERABAD,BOWENPALLY,RR NAGAR,I.D.P.L.,2023-11-01,2023,11,2,0,4,4.0,False,3923.0,23.0,980.75,0
SECUNDERABAD_I_D_P_L,initial greater-Hyderabad study area,TGSPDCL,SECUNDERABAD,BOWENPALLY,RR NAGAR,I.D.P.L.,2023-12-01,2023,12,2,0,4,4.0,False,4306.0,39.0,1076.5,0
SECUNDERABAD_I_D_P_L,initial greater-Hyderabad study area,TGSPDCL,SECUNDERABAD,BOWENPALLY,RR NAGAR,I.D.P.L.,2024-01-01,2024,1,2,1,4,4.0,False,3133.0,39.0,783.25,0
SECUNDERABAD_I_D_P_L,initial greater-Hyderabad study area,TGSPDCL,SECUNDERABAD,BOWENPALLY,RR NAGAR,I.D.P.L.,2024-02-01,2024,2,2,1,4,4.0,False,2728.0,39.0,682.0,0
SECUNDERABAD_I_D_P_L,initial greater-Hyderabad study area,TGSPDCL,SECUNDERABAD,BOWENPALLY,RR NAGAR,I.D.P.L.,2024-03-01,2024,3,2,1,4,4.0,False,2654.0,39.0,663.5,0
SECUNDERABAD_I_D_P_L,initial greater-Hyderabad study area,TGSPDCL,SECUNDERABAD,BOWENPALLY,RR NAGAR,I.D.P.L.,2024-04-01,2024,4,2,0,4,4.0,False,3701.0,39.0,925.25,0
SECUNDERABAD_I_D_P_L,initial greater-Hyderabad study area,TGSPDCL,SECUNDERABAD,BOWENPALLY,RR NAGAR,I.D.P.L.,2024-05-01,2024,5,2,0,4,4.0,False,4350.0,39.0,1087.5,0
SECUNDERABAD_I_D_P_L,initial greater-Hyderabad study area,TGSPDCL,SECUNDERABAD,BOWENPALLY,RR NAGAR,I.D.P.L.,2024-06-01,2024,6,2,0,4,4.0,False,5247.0,39.0,1311.75,0
SECUNDERABAD_I_D_P_L,initial greater-Hyderabad study area,TGSPDCL,SECUNDERABAD,BOWENPALLY,RR NAGAR,I.D.P.L.,2024-07-01,2024,7,2,0,4,4.0,False,5677.0,39.0,1419.25,0
SECUNDERABAD_I_D_P_L,initial greater-Hyderabad study area,TGSPDCL,SECUNDERABAD,BOWENPALLY,RR NAGAR,I.D.P.L.,2024-08-01,2024,8,2,0,4,4.0,False,6039.0,39.0,1509.75,0
SECUNDERABAD_I_D_P_L,initial greater-Hyderabad study area,TGSPDCL,SECUNDERABAD,BOWENPALLY,RR NAGAR,I.D.P.L.,2024-09-01,2024,9,2,0,4,4.0,False,7311.0,39.0,1827.75,0
SECUNDERABAD_I_D_P_L,initial greater-Hyderabad study area,TGSPDCL,SECUNDERABAD,BOWENPALLY,RR NAGAR,I.D.P.L.,2024-10-01,2024,10,2,0,4,4.0,False,7078.0,39.0,1769.5,0
SECUNDERABAD_I_D_P_L,initial greater-Hyderabad study area,TGSPDCL,SECUNDERABAD,BOWENPALLY,RR NAGAR,I.D.P.L.,2024-11-01,2024,11,2,0,4,4.0,False,5699.0,39.0,1424.75,0
SECUNDERABAD_I_D_P_L,initial greater-Hyderabad study area,TGSPDCL,SECUNDERABAD,BOWENPALLY,RR NAGAR,I.D.P.L.,2024-12-01,2024,12,2,0,4,4.0,False,5072.0,39.0,1268.0,0
SECUNDERABAD_I_D_P_L,initial greater-Hyderabad study area,TGSPDCL,SECUNDERABAD,BOWENPALLY,RR NAGAR,I.D.P.L.,2025-01-01,2025,1,2,0,4,4.0,False,7192.0,39.0,1798.0,0
SECUNDERABAD_I_D_P_L,initial greater-Hyderabad study area,TGSPDCL,SECUNDERABAD,BOWENPALLY,RR NAGAR,I.D.P.L.,2025-02-01,2025,2,2,0,4,4.0,False,6378.0,39.0,1594.5,0
SECUNDERABAD_I_D_P_L,initial greater-Hyderabad study area,TGSPDCL,SECUNDERABAD,BOWENPALLY,RR NAGAR,I.D.P.L.,2025-03-01,2025,3,2,0,4,4.0,False,3964.0,39.0,991.0,0
SECUNDERABAD_I_D_P_L,initial greater-Hyderabad study area,TGSPDCL,SECUNDERABAD,BOWENPALLY,RR NAGAR,I.D.P.L.,2025-04-01,2025,4,2,0,4,4.0,False,4796.0,39.0,1199.0,0
SECUNDERABAD_I_D_P_L,initial greater-Hyderabad study area,TGSPDCL,SECUNDERABAD,BOWENPALLY,RR NAGAR,I.D.P.L.,2025-05-01,2025,5,2,0,4,4.0,False,4453.0,39.0,1113.25,0
SECUNDERABAD_I_D_P_L,initial greater-Hyderabad study area,TGSPDCL,SECUNDERABAD,BOWENPALLY,RR NAGAR,I.D.P.L.,2025-06-01,2025,6,2,0,4,4.0,False,3476.0,39.0,869.0,0
SECUNDERABAD_I_D_P_L,initial greater-Hyderabad study area,TGSPDCL,SECUNDERABAD,BOWENPALLY,RR NAGAR,I.D.P.L.,2025-07-01,2025,7,2,0,4,4.0,False,3139.0,39.0,784.75,0
SECUNDERABAD_I_D_P_L,initial greater-Hyderabad study area,TGSPDCL,SECUNDERABAD,BOWENPALLY,RR NAGAR,I.D.P.L.,2025-08-01,2025,8,2,0,4,4.0,False,2745.0,39.0,686.25,0
SECUNDERABAD_I_D_P_L,initial greater-Hyderabad study area,TGSPDCL,SECUNDERABAD,BOWENPALLY,RR NAGAR,I.D.P.L.,2025-09-01,2025,9,2,0,4,4.0,False,2649.0,39.0,662.25,0
SECUNDERABAD_I_D_P_L,initial greater-Hyderabad study area,TGSPDCL,SECUNDERABAD,BOWENPALLY,RR NAGAR,I.D.P.L.,2025-10-01,2025,10,2,0,4,4.0,False,2428.0,39.0,607.0,0
SECUNDERABAD_I_D_P_L,initial greater-Hyderabad study area,TGSPDCL,SECUNDERABAD,BOWENPALLY,RR NAGAR,I.D.P.L.,2025-11-01,2025,11,2,0,4,4.0,False,3495.0,39.0,873.75,0
SECUNDERABAD_I_D_P_L,initial greater-Hyderabad study area,TGSPDCL,SECUNDERABAD,BOWENPALLY,RR NAGAR,I.D.P.L.,2025-12-01,2025,12,2,0,4,4.0,False,3465.0,39.0,866.25,0
SECUNDERABAD_I_D_P_L,initial greater-Hyderabad study area,TGSPDCL,SECUNDERABAD,BOWENPALLY,RR NAGAR,I.D.P.L.,2026-01-01,2026,1,2,0,4,4.0,False,5419.0,39.0,1354.75,0
SECUNDERABAD_I_D_P_L,initial greater-Hyderabad study area,TGSPDCL,SECUNDERABAD,BOWENPALLY,RR NAGAR,I.D.P.L.,2026-02-01,2026,2,2,0,4,4.0,False,5430.0,39.0,1357.5,0
SECUNDERABAD_I_D_P_L,initial greater-Hyderabad study area,TGSPDCL,SECUNDERABAD,BOWENPALLY,RR NAGAR,I.D.P.L.,2026-03-01,2026,3,2,0,4,4.0,False,6001.0,39.0,1500.25,0
SECUNDERABAD_I_D_P_L,initial greater-Hyderabad study area,TGSPDCL,SECUNDERABAD,BOWENPALLY,RR NAGAR,I.D.P.L.,2026-04-01,2026,4,2,0,4,4.0,False,5975.0,39.0,1493.75,0
SECUNDERABAD_I_D_P_L,initial greater-Hyderabad study area,TGSPDCL,SECUNDERABAD,BOWENPALLY,RR NAGAR,I.D.P.L.,2026-05-01,2026,5,2,0,4,4.0,False,5960.0,39.0,1490.0,0
SECUNDERABAD_I_D_P_L,initial greater-Hyderabad study area,TGSPDCL,SECUNDERABAD,BOWENPALLY,RR NAGAR,I.D.P.L.,2026-06-01,2026,6,2,0,4,4.0,False,5004.0,39.0,1251.0,0
SECUNDERABAD_I_D_P_L,initial greater-Hyderabad study area,TGSPDCL,SECUNDERABAD,BOWENPALLY,RR NAGAR,I.D.P.L.,2026-07-01,2026,7,2,0,4,4.0,False,6164.0,39.0,1541.0,0
SECUNDERABAD_I_D_P_L,initial greater-Hyderabad study area,TGSPDCL,SECUNDERABAD,BOWENPALLY,RR NAGAR,I.D.P.L.,2026-08-01,2026,8,2,0,4,4.0,False,6673.0,39.0,1668.25,0
SECUNDERABAD_KARKHANA,initial greater-Hyderabad study area,TGSPDCL,SECUNDERABAD,SECUNDERABAD,MAREDPALLY,KARKHANA,2024-06-01,2024,6,1,1,1,,True,0.0,54.0,0.0,0
SECUNDERABAD_KARKHANA,initial greater-Hyderabad study area,TGSPDCL,SECUNDERABAD,SECUNDERABAD,MAREDPALLY,KARKHANA,2024-07-01,2024,7,1,0,1,1.0,False,1.0,54.0,1.0,0
SECUNDERABAD_KARKHANA,initial greater-Hyderabad study area,TGSPDCL,SECUNDERABAD,SECUNDERABAD,MAREDPALLY,KARKHANA,2024-08-01,2024,8,1,0,1,1.0,False,13.0,54.0,13.0,0
SECUNDERABAD_KARKHANA,initial greater-Hyderabad study area,TGSPDCL,SECUNDERABAD,SECUNDERABAD,MAREDPALLY,KARKHANA,2024-09-01,2024,9,1,0,1,1.0,False,424.0,54.0,424.0,0
SECUNDERABAD_KARKHANA,initial greater-Hyderabad study area,TGSPDCL,SECUNDERABAD,SECUNDERABAD,MAREDPALLY,KARKHANA,2024-10-01,2024,10,1,0,1,1.0,False,146.0,54.0,146.0,0
SECUNDERABAD_KARKHANA,initial greater-Hyderabad study area,TGSPDCL,SECUNDERABAD,SECUNDERABAD,MAREDPALLY,KARKHANA,2024-11-01,2024,11,1,0,1,1.0,False,272.0,54.0,272.0,0
SECUNDERABAD_KARKHANA,initial greater-Hyderabad study area,TGSPDCL,SECUNDERABAD,SECUNDERABAD,MAREDPALLY,KARKHANA,2024-12-01,2024,12,1,0,1,1.0,False,457.0,54.0,457.0,0
SECUNDERABAD_KARKHANA,initial greater-Hyderabad study area,TGSPDCL,SECUNDERABAD,SECUNDERABAD,MAREDPALLY,KARKHANA,2025-01-01,2025,1,1,0,1,1.0,False,553.0,54.0,553.0,0
SECUNDERABAD_KARKHANA,initial greater-Hyderabad study area,TGSPDCL,SECUNDERABAD,SECUNDERABAD,MAREDPALLY,KARKHANA,2025-02-01,2025,2,1,0,1,1.0,False,1275.0,54.0,1275.0,0
SECUNDERABAD_KARKHANA,initial greater-Hyderabad study area,TGSPDCL,SECUNDERABAD,SECUNDERABAD,MAREDPALLY,KARKHANA,2025-03-01,2025,3,1,0,1,1.0,False,1980.0,54.0,1980.0,0
SECUNDERABAD_KARKHANA,initial greater-Hyderabad study area,TGSPDCL,SECUNDERABAD,SECUNDERABAD,MAREDPALLY,KARKHANA,2025-04-01,2025,4,1,0,1,1.0,False,3577.0,54.0,3577.0,0
SECUNDERABAD_KARKHANA,initial greater-Hyderabad study area,TGSPDCL,SECUNDERABAD,SECUNDERABAD,MAREDPALLY,KARKHANA,2025-05-01,2025,5,1,0,1,1.0,False,2829.0,54.0,2829.0,0
SECUNDERABAD_KARKHANA,initial greater-Hyderabad study area,TGSPDCL,SECUNDERABAD,SECUNDERABAD,MAREDPALLY,KARKHANA,2025-06-01,2025,6,1,0,1,1.0,False,3526.0,54.0,3526.0,0
SECUNDERABAD_KARKHANA,initial greater-Hyderabad study area,TGSPDCL,SECUNDERABAD,SECUNDERABAD,MAREDPALLY,KARKHANA,2025-07-01,2025,7,1,0,1,1.0,False,2464.0,54.0,2464.0,0
SECUNDERABAD_KARKHANA,initial greater-Hyderabad study area,TGSPDCL,SECUNDERABAD,SECUNDERABAD,MAREDPALLY,KARKHANA,2025-08-01,2025,8,1,0,1,1.0,False,1102.0,54.0,1102.0,0
SECUNDERABAD_KARKHANA,initial greater-Hyderabad study area,TGSPDCL,SECUNDERABAD,SECUNDERABAD,MAREDPALLY,KARKHANA,2025-09-01,2025,9,1,0,1,1.0,False,16.0,54.0,16.0,0
SECUNDERABAD_KARKHANA,initial greater-Hyderabad study area,TGSPDCL,SECUNDERABAD,SECUNDERABAD,MAREDPALLY,KARKHANA,2025-10-01,2025,10,1,0,1,1.0,False,1476.0,54.0,1476.0,0
SECUNDERABAD_KARKHANA,initial greater-Hyderabad study area,TGSPDCL,SECUNDERABAD,SECUNDERABAD,MAREDPALLY,KARKHANA,2025-11-01,2025,11,1,0,1,1.0,False,1847.0,54.0,1847.0,0
SECUNDERABAD_KARKHANA,initial greater-Hyderabad study area,TGSPDCL,SECUNDERABAD,SECUNDERABAD,MAREDPALLY,KARKHANA,2025-12-01,2025,12,1,0,1,1.0,False,3930.0,54.0,3930.0,0
SECUNDERABAD_KARKHANA,initial greater-Hyderabad study area,TGSPDCL,SECUNDERABAD,SECUNDERABAD,MAREDPALLY,KARKHANA,2026-01-01,2026,1,1,0,1,1.0,False,4052.0,54.0,4052.0,0
SECUNDERABAD_KARKHANA,initial greater-Hyderabad study area,TGSPDCL,SECUNDERABAD,SECUNDERABAD,MAREDPALLY,KARKHANA,2026-02-01,2026,2,1,0,1,1.0,False,4737.0,54.0,4737.0,0
SECUNDERABAD_KARKHANA,initial greater-Hyderabad study area,TGSPDCL,SECUNDERABAD,SECUNDERABAD,MAREDPALLY,KARKHANA,2026-03-01,2026,3,1,0,1,1.0,False,1641.0,54.0,1641.0,0
SECUNDERABAD_KARKHANA,initial greater-Hyderabad study area,TGSPDCL,SECUNDERABAD,SECUNDERABAD,MAREDPALLY,KARKHANA,2026-04-01,2026,4,1,1,1,1.0,False,0.0,54.0,0.0,0
SECUNDERABAD_KARKHANA,initial greater-Hyderabad study area,TGSPDCL,SECUNDERABAD,SECUNDERABAD,MAREDPALLY,KARKHANA,2026-05-01,2026,5,1,1,1,1.0,False,0.0,54.0,0.0,0
SECUNDERABAD_KARKHANA,initial greater-Hyderabad study area,TGSPDCL,SECUNDERABAD,SECUNDERABAD,MAREDPALLY,KARKHANA,2026-06-01,2026,6,1,1,1,1.0,False,0.0,54.0,0.0,0
SECUNDERABAD_KARKHANA,initial greater-Hyderabad study area,TGSPDCL,SECUNDERABAD,SECUNDERABAD,MAREDPALLY,KARKHANA,2026-07-01,2026,7,1,1,1,1.0,False,0.0,54.0,0.0,0
SECUNDERABAD_KARKHANA,initial greater-Hyderabad study area,TGSPDCL,SECUNDERABAD,SECUNDERABAD,MAREDPALLY,KARKHANA,2026-08-01,2026,8,1,1,1,1.0,False,0.0,54.0,0.0,0
SECUNDERABAD_LALBAZAR,initial greater-Hyderabad study area,TGSPDCL,SECUNDERABAD,SECUNDERABAD,LALBAZAR,LALBAZAR,2025-04-01,2025,4,1,1,1,,True,0.0,53.0,0.0,0
SECUNDERABAD_LALBAZAR,initial greater-Hyderabad study area,TGSPDCL,SECUNDERABAD,SECUNDERABAD,LALBAZAR,LALBAZAR,2025-05-01,2025,5,1,0,1,1.0,False,1047.0,53.0,1047.0,0
SECUNDERABAD_LALBAZAR,initial greater-Hyderabad study area,TGSPDCL,SECUNDERABAD,SECUNDERABAD,LALBAZAR,LALBAZAR,2025-06-01,2025,6,1,0,1,1.0,False,1470.0,53.0,1470.0,0
SECUNDERABAD_LALBAZAR,initial greater-Hyderabad study area,TGSPDCL,SECUNDERABAD,SECUNDERABAD,LALBAZAR,LALBAZAR,2025-07-01,2025,7,1,0,1,1.0,False,1667.0,53.0,1667.0,0
SECUNDERABAD_LALBAZAR,initial greater-Hyderabad study area,TGSPDCL,SECUNDERABAD,SECUNDERABAD,LALBAZAR,LALBAZAR,2025-08-01,2025,8,1,0,1,1.0,False,1627.0,53.0,1627.0,0
SECUNDERABAD_LALBAZAR,initial greater-Hyderabad study area,TGSPDCL,SECUNDERABAD,SECUNDERABAD,LALBAZAR,LALBAZAR,2025-09-01,2025,9,1,0,1,1.0,False,2120.0,53.0,2120.0,0
SECUNDERABAD_LALBAZAR,initial greater-Hyderabad study area,TGSPDCL,SECUNDERABAD,SECUNDERABAD,LALBAZAR,LALBAZAR,2025-10-01,2025,10,1,0,1,1.0,False,1945.0,53.0,1945.0,0
SECUNDERABAD_LALBAZAR,initial greater-Hyderabad study area,TGSPDCL,SECUNDERABAD,SECUNDERABAD,LALBAZAR,LALBAZAR,2025-11-01,2025,11,1,0,1,1.0,False,2082.0,53.0,2082.0,0
SECUNDERABAD_LALBAZAR,initial greater-Hyderabad study area,TGSPDCL,SECUNDERABAD,SECUNDERABAD,LALBAZAR,LALBAZAR,2025-12-01,2025,12,1,0,1,1.0,False,1407.0,53.0,1407.0,0
SECUNDERABAD_LALBAZAR,initial greater-Hyderabad study area,TGSPDCL,SECUNDERABAD,SECUNDERABAD,LALBAZAR,LALBAZAR,2026-01-01,2026,1,1,0,1,1.0,False,1770.0,53.0,1770.0,0
SECUNDERABAD_LALBAZAR,initial greater-Hyderabad study area,TGSPDCL,SECUNDERABAD,SECUNDERABAD,LALBAZAR,LALBAZAR,2026-02-01,2026,2,1,0,1,1.0,False,2206.0,53.0,2206.0,0
SECUNDERABAD_LALBAZAR,initial greater-Hyderabad study area,TGSPDCL,SECUNDERABAD,SECUNDERABAD,LALBAZAR,LALBAZAR,2026-03-01,2026,3,1,0,1,1.0,False,1680.0,53.0,1680.0,0
SECUNDERABAD_LALBAZAR,initial greater-Hyderabad study area,TGSPDCL,SECUNDERABAD,SECUNDERABAD,LALBAZAR,LALBAZAR,2026-04-01,2026,4,1,0,1,1.0,False,2851.0,53.0,2851.0,0
SECUNDERABAD_LALBAZAR,initial greater-Hyderabad study area,TGSPDCL,SECUNDERABAD,SECUNDERABAD,LALBAZAR,LALBAZAR,2026-05-01,2026,5,1,0,1,1.0,False,6277.0,53.0,6277.0,0
SECUNDERABAD_LALBAZAR,initial greater-Hyderabad study area,TGSPDCL,SECUNDERABAD,SECUNDERABAD,LALBAZAR,LALBAZAR,2026-06-01,2026,6,1,0,1,1.0,False,11806.0,53.0,11806.0,0
SECUNDERABAD_LALBAZAR,initial greater-Hyderabad study area,TGSPDCL,SECUNDERABAD,SECUNDERABAD,LALBAZAR,LALBAZAR,2026-07-01,2026,7,1,0,1,1.0,False,9986.0,53.0,9986.0,0
SECUNDERABAD_LALBAZAR,initial greater-Hyderabad study area,TGSPDCL,SECUNDERABAD,SECUNDERABAD,LALBAZAR,LALBAZAR,2026-08-01,2026,8,1,0,1,1.0,False,10035.0,114.8,10035.0,0
SECUNDERABAD_LALLAGUDA,initial greater-Hyderabad study area,TGSPDCL,SECUNDERABAD,PARADISE,PADMA RAO NAGAR,LALLAGUDA,2025-02-01,2025,2,1,1,1,,True,0.0,54.0,0.0,0
SECUNDERABAD_LALLAGUDA,initial greater-Hyderabad study area,TGSPDCL,SECUNDERABAD,PARADISE,PADMA RAO NAGAR,LALLAGUDA,2025-03-01,2025,3,1,0,1,1.0,False,14.0,54.0,14.0,0
SECUNDERABAD_LALLAGUDA,initial greater-Hyderabad study area,TGSPDCL,SECUNDERABAD,PARADISE,PADMA RAO NAGAR,LALLAGUDA,2025-04-01,2025,4,1,1,2,1.0,False,0.0,107.0,0.0,0
SECUNDERABAD_LALLAGUDA,initial greater-Hyderabad study area,TGSPDCL,SECUNDERABAD,PARADISE,PADMA RAO NAGAR,LALLAGUDA,2025-05-01,2025,5,1,0,2,2.0,False,1296.0,107.0,648.0,0
SECUNDERABAD_LALLAGUDA,initial greater-Hyderabad study area,TGSPDCL,SECUNDERABAD,PARADISE,PADMA RAO NAGAR,LALLAGUDA,2025-06-01,2025,6,1,0,2,2.0,False,2187.0,107.0,1093.5,0
SECUNDERABAD_LALLAGUDA,initial greater-Hyderabad study area,TGSPDCL,SECUNDERABAD,PARADISE,PADMA RAO NAGAR,LALLAGUDA,2025-07-01,2025,7,1,0,2,2.0,False,2013.0,107.0,1006.5,0
SECUNDERABAD_LALLAGUDA,initial greater-Hyderabad study area,TGSPDCL,SECUNDERABAD,PARADISE,PADMA RAO NAGAR,LALLAGUDA,2025-08-01,2025,8,1,0,2,2.0,False,2163.0,107.0,1081.5,0
SECUNDERABAD_LALLAGUDA,initial greater-Hyderabad study area,TGSPDCL,SECUNDERABAD,PARADISE,PADMA RAO NAGAR,LALLAGUDA,2025-09-01,2025,9,1,0,2,2.0,False,2069.0,107.0,1034.5,0
SECUNDERABAD_LALLAGUDA,initial greater-Hyderabad study area,TGSPDCL,SECUNDERABAD,PARADISE,PADMA RAO NAGAR,LALLAGUDA,2025-10-01,2025,10,1,0,2,2.0,False,2250.0,107.0,1125.0,0
SECUNDERABAD_LALLAGUDA,initial greater-Hyderabad study area,TGSPDCL,SECUNDERABAD,PARADISE,PADMA RAO NAGAR,LALLAGUDA,2025-11-01,2025,11,1,0,2,2.0,False,2569.0,107.0,1284.5,0
SECUNDERABAD_LALLAGUDA,initial greater-Hyderabad study area,TGSPDCL,SECUNDERABAD,PARADISE,PADMA RAO NAGAR,LALLAGUDA,2025-12-01,2025,12,1,0,2,2.0,False,2888.0,107.0,1444.0,0
SECUNDERABAD_LALLAGUDA,initial greater-Hyderabad study area,TGSPDCL,SECUNDERABAD,PARADISE,PADMA RAO NAGAR,LALLAGUDA,2026-01-01,2026,1,1,0,2,2.0,False,3912.0,107.0,1956.0,0
SECUNDERABAD_LALLAGUDA,initial greater-Hyderabad study area,TGSPDCL,SECUNDERABAD,PARADISE,PADMA RAO NAGAR,LALLAGUDA,2026-02-01,2026,2,1,0,2,2.0,False,4721.0,107.0,2360.5,0
SECUNDERABAD_LALLAGUDA,initial greater-Hyderabad study area,TGSPDCL,SECUNDERABAD,PARADISE,PADMA RAO NAGAR,LALLAGUDA,2026-03-01,2026,3,1,0,2,2.0,False,5623.0,107.0,2811.5,0
SECUNDERABAD_LALLAGUDA,initial greater-Hyderabad study area,TGSPDCL,SECUNDERABAD,PARADISE,PADMA RAO NAGAR,LALLAGUDA,2026-04-01,2026,4,1,0,2,2.0,False,8656.0,107.0,4328.0,0
SECUNDERABAD_LALLAGUDA,initial greater-Hyderabad study area,TGSPDCL,SECUNDERABAD,PARADISE,PADMA RAO NAGAR,LALLAGUDA,2026-05-01,2026,5,1,0,2,2.0,False,14927.0,107.0,7463.5,0
SECUNDERABAD_LALLAGUDA,initial greater-Hyderabad study area,TGSPDCL,SECUNDERABAD,PARADISE,PADMA RAO NAGAR,LALLAGUDA,2026-06-01,2026,6,1,0,2,2.0,False,21161.0,107.0,10580.5,0
SECUNDERABAD_LALLAGUDA,initial greater-Hyderabad study area,TGSPDCL,SECUNDERABAD,PARADISE,PADMA RAO NAGAR,LALLAGUDA,2026-07-01,2026,7,1,0,2,2.0,False,20929.0,169.0,10464.5,0
SECUNDERABAD_LALLAGUDA,initial greater-Hyderabad study area,TGSPDCL,SECUNDERABAD,PARADISE,PADMA RAO NAGAR,LALLAGUDA,2026-08-01,2026,8,1,0,2,2.0,False,21884.0,169.0,10942.0,0
SECUNDERABAD_MARREDPALLY,initial greater-Hyderabad study area,TGSPDCL,SECUNDERABAD,SECUNDERABAD,MAREDPALLY,MARREDPALLY,2024-02-01,2024,2,1,0,1,1.0,False,15.0,54.0,15.0,0
SECUNDERABAD_MARREDPALLY,initial greater-Hyderabad study area,TGSPDCL,SECUNDERABAD,SECUNDERABAD,MAREDPALLY,MARREDPALLY,2024-03-01,2024,3,1,0,1,1.0,False,359.0,54.0,359.0,0
SECUNDERABAD_MARREDPALLY,initial greater-Hyderabad study area,TGSPDCL,SECUNDERABAD,SECUNDERABAD,MAREDPALLY,MARREDPALLY,2024-04-01,2024,4,1,0,1,1.0,False,654.0,54.0,654.0,0
SECUNDERABAD_MARREDPALLY,initial greater-Hyderabad study area,TGSPDCL,SECUNDERABAD,SECUNDERABAD,MAREDPALLY,MARREDPALLY,2024-05-01,2024,5,1,0,1,1.0,False,827.0,54.0,827.0,0
SECUNDERABAD_MARREDPALLY,initial greater-Hyderabad study area,TGSPDCL,SECUNDERABAD,SECUNDERABAD,MAREDPALLY,MARREDPALLY,2024-06-01,2024,6,1,0,1,1.0,False,705.0,54.0,705.0,0
SECUNDERABAD_MARREDPALLY,initial greater-Hyderabad study area,TGSPDCL,SECUNDERABAD,SECUNDERABAD,MAREDPALLY,MARREDPALLY,2024-07-01,2024,7,1,0,1,1.0,False,1261.0,54.0,1261.0,0
SECUNDERABAD_MARREDPALLY,initial greater-Hyderabad study area,TGSPDCL,SECUNDERABAD,SECUNDERABAD,MAREDPALLY,MARREDPALLY,2024-08-01,2024,8,1,0,1,1.0,False,2044.0,54.0,2044.0,0
SECUNDERABAD_MARREDPALLY,initial greater-Hyderabad study area,TGSPDCL,SECUNDERABAD,SECUNDERABAD,MAREDPALLY,MARREDPALLY,2024-09-01,2024,9,1,0,1,1.0,False,3000.0,54.0,3000.0,0
SECUNDERABAD_MARREDPALLY,initial greater-Hyderabad study area,TGSPDCL,SECUNDERABAD,SECUNDERABAD,MAREDPALLY,MARREDPALLY,2024-10-01,2024,10,1,0,1,1.0,False,1072.0,54.0,1072.0,0
SECUNDERABAD_MARREDPALLY,initial greater-Hyderabad study area,TGSPDCL,SECUNDERABAD,SECUNDERABAD,MAREDPALLY,MARREDPALLY,2024-11-01,2024,11,1,0,1,1.0,False,1250.0,54.0,1250.0,0
SECUNDERABAD_MARREDPALLY,initial greater-Hyderabad study area,TGSPDCL,SECUNDERABAD,SECUNDERABAD,MAREDPALLY,MARREDPALLY,2024-12-01,2024,12,1,0,1,1.0,False,1015.0,54.0,1015.0,0
SECUNDERABAD_MARREDPALLY,initial greater-Hyderabad study area,TGSPDCL,SECUNDERABAD,SECUNDERABAD,MAREDPALLY,MARREDPALLY,2025-01-01,2025,1,1,0,1,1.0,False,1085.0,54.0,1085.0,0
SECUNDERABAD_MARREDPALLY,initial greater-Hyderabad study area,TGSPDCL,SECUNDERABAD,SECUNDERABAD,MAREDPALLY,MARREDPALLY,2025-02-01,2025,2,1,0,1,1.0,False,1627.0,54.0,1627.0,0
SECUNDERABAD_MARREDPALLY,initial greater-Hyderabad study area,TGSPDCL,SECUNDERABAD,SECUNDERABAD,MAREDPALLY,MARREDPALLY,2025-03-01,2025,3,1,0,1,1.0,False,2044.0,54.0,2044.0,0
SECUNDERABAD_MARREDPALLY,initial greater-Hyderabad study area,TGSPDCL,SECUNDERABAD,SECUNDERABAD,MAREDPALLY,MARREDPALLY,2025-04-01,2025,4,1,0,1,1.0,False,2095.0,54.0,2095.0,0
SECUNDERABAD_MARREDPALLY,initial greater-Hyderabad study area,TGSPDCL,SECUNDERABAD,SECUNDERABAD,MAREDPALLY,MARREDPALLY,2025-05-01,2025,5,1,0,1,1.0,False,4404.0,54.0,4404.0,0
SECUNDERABAD_MARREDPALLY,initial greater-Hyderabad study area,TGSPDCL,SECUNDERABAD,SECUNDERABAD,MAREDPALLY,MARREDPALLY,2025-06-01,2025,6,1,0,1,1.0,False,3069.0,54.0,3069.0,0
SECUNDERABAD_MARREDPALLY,initial greater-Hyderabad study area,TGSPDCL,SECUNDERABAD,SECUNDERABAD,MAREDPALLY,MARREDPALLY,2025-07-01,2025,7,1,0,1,1.0,False,3350.0,54.0,3350.0,0
SECUNDERABAD_MARREDPALLY,initial greater-Hyderabad study area,TGSPDCL,SECUNDERABAD,SECUNDERABAD,MAREDPALLY,MARREDPALLY,2025-08-01,2025,8,1,0,1,1.0,False,2005.0,54.0,2005.0,0
SECUNDERABAD_MARREDPALLY,initial greater-Hyderabad study area,TGSPDCL,SECUNDERABAD,SECUNDERABAD,MAREDPALLY,MARREDPALLY,2025-09-01,2025,9,1,0,1,1.0,False,1210.0,54.0,1210.0,0
SECUNDERABAD_MARREDPALLY,initial greater-Hyderabad study area,TGSPDCL,SECUNDERABAD,SECUNDERABAD,MAREDPALLY,MARREDPALLY,2025-10-01,2025,10,1,0,1,1.0,False,1428.0,54.0,1428.0,0
SECUNDERABAD_MARREDPALLY,initial greater-Hyderabad study area,TGSPDCL,SECUNDERABAD,SECUNDERABAD,MAREDPALLY,MARREDPALLY,2025-11-01,2025,11,1,0,1,1.0,False,482.0,54.0,482.0,0
SECUNDERABAD_MARREDPALLY,initial greater-Hyderabad study area,TGSPDCL,SECUNDERABAD,SECUNDERABAD,MAREDPALLY,MARREDPALLY,2025-12-01,2025,12,1,0,1,1.0,False,2214.0,54.0,2214.0,0
SECUNDERABAD_MARREDPALLY,initial greater-Hyderabad study area,TGSPDCL,SECUNDERABAD,SECUNDERABAD,MAREDPALLY,MARREDPALLY,2026-01-01,2026,1,1,0,1,1.0,False,2625.0,54.0,2625.0,0
SECUNDERABAD_MARREDPALLY,initial greater-Hyderabad study area,TGSPDCL,SECUNDERABAD,SECUNDERABAD,MAREDPALLY,MARREDPALLY,2026-02-01,2026,2,1,0,2,1.0,False,2811.0,108.0,1405.5,0
SECUNDERABAD_MARREDPALLY,initial greater-Hyderabad study area,TGSPDCL,SECUNDERABAD,SECUNDERABAD,MAREDPALLY,MARREDPALLY,2026-03-01,2026,3,2,1,3,2.0,True,3296.0,116.0,1098.67,0
SECUNDERABAD_MARREDPALLY,initial greater-Hyderabad study area,TGSPDCL,SECUNDERABAD,SECUNDERABAD,MAREDPALLY,MARREDPALLY,2026-04-01,2026,4,2,0,3,3.0,False,5848.0,116.0,1949.33,0
SECUNDERABAD_MARREDPALLY,initial greater-Hyderabad study area,TGSPDCL,SECUNDERABAD,SECUNDERABAD,MAREDPALLY,MARREDPALLY,2026-05-01,2026,5,2,0,3,3.0,False,6736.0,116.0,2245.33,0
SECUNDERABAD_MARREDPALLY,initial greater-Hyderabad study area,TGSPDCL,SECUNDERABAD,SECUNDERABAD,MAREDPALLY,MARREDPALLY,2026-06-01,2026,6,2,0,3,3.0,False,678.0,116.0,226.0,0
SECUNDERABAD_MARREDPALLY,initial greater-Hyderabad study area,TGSPDCL,SECUNDERABAD,SECUNDERABAD,MAREDPALLY,MARREDPALLY,2026-07-01,2026,7,2,1,3,3.0,False,131.0,116.0,43.67,0
SECUNDERABAD_MARREDPALLY,initial greater-Hyderabad study area,TGSPDCL,SECUNDERABAD,SECUNDERABAD,MAREDPALLY,MARREDPALLY,2026-08-01,2026,8,2,1,3,3.0,False,93.0,116.0,31.0,0
SECUNDERABAD_NEW_BOWENPALLY,initial greater-Hyderabad study area,TGSPDCL,SECUNDERABAD,BOWENPALLY,BOWENPALLY,NEW BOWENPALLY,2023-04-01,2023,4,1,1,1,,True,0.0,10.0,0.0,0
SECUNDERABAD_NEW_BOWENPALLY,initial greater-Hyderabad study area,TGSPDCL,SECUNDERABAD,BOWENPALLY,BOWENPALLY,NEW BOWENPALLY,2023-05-01,2023,5,1,0,1,1.0,False,1.0,10.0,1.0,0
SECUNDERABAD_NEW_BOWENPALLY,initial greater-Hyderabad study area,TGSPDCL,SECUNDERABAD,BOWENPALLY,BOWENPALLY,NEW BOWENPALLY,2023-06-01,2023,6,1,0,1,1.0,False,96.0,10.0,96.0,0
SECUNDERABAD_NEW_BOWENPALLY,initial greater-Hyderabad study area,TGSPDCL,SECUNDERABAD,BOWENPALLY,BOWENPALLY,NEW BOWENPALLY,2023-07-01,2023,7,1,1,1,1.0,False,0.0,10.0,0.0,0
SECUNDERABAD_NEW_BOWENPALLY,initial greater-Hyderabad study area,TGSPDCL,SECUNDERABAD,BOWENPALLY,BOWENPALLY,NEW BOWENPALLY,2023-08-01,2023,8,1,0,1,1.0,False,231.0,10.0,231.0,0
SECUNDERABAD_NEW_BOWENPALLY,initial greater-Hyderabad study area,TGSPDCL,SECUNDERABAD,BOWENPALLY,BOWENPALLY,NEW BOWENPALLY,2023-09-01,2023,9,1,0,1,1.0,False,1553.0,10.0,1553.0,0
SECUNDERABAD_NEW_BOWENPALLY,initial greater-Hyderabad study area,TGSPDCL,SECUNDERABAD,BOWENPALLY,BOWENPALLY,NEW BOWENPALLY,2023-10-01,2023,10,1,0,1,1.0,False,1075.0,10.0,1075.0,0
SECUNDERABAD_NEW_BOWENPALLY,initial greater-Hyderabad study area,TGSPDCL,SECUNDERABAD,BOWENPALLY,BOWENPALLY,NEW BOWENPALLY,2023-11-01,2023,11,1,0,1,1.0,False,2583.0,10.0,2583.0,0
SECUNDERABAD_NEW_BOWENPALLY,initial greater-Hyderabad study area,TGSPDCL,SECUNDERABAD,BOWENPALLY,BOWENPALLY,NEW BOWENPALLY,2023-12-01,2023,12,1,0,1,1.0,False,1647.0,10.0,1647.0,0
SECUNDERABAD_NEW_BOWENPALLY,initial greater-Hyderabad study area,TGSPDCL,SECUNDERABAD,BOWENPALLY,BOWENPALLY,NEW BOWENPALLY,2024-01-01,2024,1,1,0,1,1.0,False,2001.0,10.0,2001.0,0
SECUNDERABAD_NEW_BOWENPALLY,initial greater-Hyderabad study area,TGSPDCL,SECUNDERABAD,BOWENPALLY,BOWENPALLY,NEW BOWENPALLY,2024-02-01,2024,2,1,0,1,1.0,False,1591.0,15.0,1591.0,0
SECUNDERABAD_NEW_BOWENPALLY,initial greater-Hyderabad study area,TGSPDCL,SECUNDERABAD,BOWENPALLY,BOWENPALLY,NEW BOWENPALLY,2024-03-01,2024,3,1,0,1,1.0,False,1392.0,15.0,1392.0,0
SECUNDERABAD_NEW_BOWENPALLY,initial greater-Hyderabad study area,TGSPDCL,SECUNDERABAD,BOWENPALLY,BOWENPALLY,NEW BOWENPALLY,2024-04-01,2024,4,1,0,1,1.0,False,1946.0,15.0,1946.0,0
SECUNDERABAD_NEW_BOWENPALLY,initial greater-Hyderabad study area,TGSPDCL,SECUNDERABAD,BOWENPALLY,BOWENPALLY,NEW BOWENPALLY,2024-05-01,2024,5,1,0,1,1.0,False,2146.0,15.0,2146.0,0
SECUNDERABAD_NEW_BOWENPALLY,initial greater-Hyderabad study area,TGSPDCL,SECUNDERABAD,BOWENPALLY,BOWENPALLY,NEW BOWENPALLY,2024-06-01,2024,6,1,0,1,1.0,False,2334.0,15.0,2334.0,0
SECUNDERABAD_NEW_BOWENPALLY,initial greater-Hyderabad study area,TGSPDCL,SECUNDERABAD,BOWENPALLY,BOWENPALLY,NEW BOWENPALLY,2024-07-01,2024,7,1,0,1,1.0,False,3485.0,15.0,3485.0,0
SECUNDERABAD_NEW_BOWENPALLY,initial greater-Hyderabad study area,TGSPDCL,SECUNDERABAD,BOWENPALLY,BOWENPALLY,NEW BOWENPALLY,2024-08-01,2024,8,1,0,1,1.0,False,3077.0,15.0,3077.0,0
SECUNDERABAD_NEW_BOWENPALLY,initial greater-Hyderabad study area,TGSPDCL,SECUNDERABAD,BOWENPALLY,BOWENPALLY,NEW BOWENPALLY,2024-09-01,2024,9,1,0,1,1.0,False,6948.0,15.0,6948.0,0
SECUNDERABAD_NEW_BOWENPALLY,initial greater-Hyderabad study area,TGSPDCL,SECUNDERABAD,BOWENPALLY,BOWENPALLY,NEW BOWENPALLY,2024-10-01,2024,10,1,0,1,1.0,False,5133.0,15.0,5133.0,0
SECUNDERABAD_NEW_BOWENPALLY,initial greater-Hyderabad study area,TGSPDCL,SECUNDERABAD,BOWENPALLY,BOWENPALLY,NEW BOWENPALLY,2024-11-01,2024,11,1,0,1,1.0,False,6208.0,15.0,6208.0,0
SECUNDERABAD_NEW_BOWENPALLY,initial greater-Hyderabad study area,TGSPDCL,SECUNDERABAD,BOWENPALLY,BOWENPALLY,NEW BOWENPALLY,2024-12-01,2024,12,1,0,1,1.0,False,4928.0,15.0,4928.0,0
SECUNDERABAD_NEW_BOWENPALLY,initial greater-Hyderabad study area,TGSPDCL,SECUNDERABAD,BOWENPALLY,BOWENPALLY,NEW BOWENPALLY,2025-01-01,2025,1,1,0,1,1.0,False,6657.0,15.0,6657.0,0
SECUNDERABAD_NEW_BOWENPALLY,initial greater-Hyderabad study area,TGSPDCL,SECUNDERABAD,BOWENPALLY,BOWENPALLY,NEW BOWENPALLY,2025-02-01,2025,2,1,0,1,1.0,False,4885.0,15.0,4885.0,0
SECUNDERABAD_NEW_BOWENPALLY,initial greater-Hyderabad study area,TGSPDCL,SECUNDERABAD,BOWENPALLY,BOWENPALLY,NEW BOWENPALLY,2025-03-01,2025,3,1,0,1,1.0,False,4757.0,15.0,4757.0,0
SECUNDERABAD_NEW_BOWENPALLY,initial greater-Hyderabad study area,TGSPDCL,SECUNDERABAD,BOWENPALLY,BOWENPALLY,NEW BOWENPALLY,2025-04-01,2025,4,1,0,1,1.0,False,3869.0,15.0,3869.0,0
SECUNDERABAD_NEW_BOWENPALLY,initial greater-Hyderabad study area,TGSPDCL,SECUNDERABAD,BOWENPALLY,BOWENPALLY,NEW BOWENPALLY,2025-05-01,2025,5,1,0,1,1.0,False,3936.0,15.0,3936.0,0
SECUNDERABAD_NEW_BOWENPALLY,initial greater-Hyderabad study area,TGSPDCL,SECUNDERABAD,BOWENPALLY,BOWENPALLY,NEW BOWENPALLY,2025-06-01,2025,6,1,0,1,1.0,False,2543.0,15.0,2543.0,0
SECUNDERABAD_NEW_BOWENPALLY,initial greater-Hyderabad study area,TGSPDCL,SECUNDERABAD,BOWENPALLY,BOWENPALLY,NEW BOWENPALLY,2025-07-01,2025,7,1,0,1,1.0,False,2724.0,15.0,2724.0,0
SECUNDERABAD_NEW_BOWENPALLY,initial greater-Hyderabad study area,TGSPDCL,SECUNDERABAD,BOWENPALLY,BOWENPALLY,NEW BOWENPALLY,2025-08-01,2025,8,1,0,1,1.0,False,3314.0,15.0,3314.0,0
SECUNDERABAD_NEW_BOWENPALLY,initial greater-Hyderabad study area,TGSPDCL,SECUNDERABAD,BOWENPALLY,BOWENPALLY,NEW BOWENPALLY,2025-09-01,2025,9,1,0,1,1.0,False,3671.0,15.0,3671.0,0
SECUNDERABAD_NEW_BOWENPALLY,initial greater-Hyderabad study area,TGSPDCL,SECUNDERABAD,BOWENPALLY,BOWENPALLY,NEW BOWENPALLY,2025-10-01,2025,10,1,0,1,1.0,False,2875.0,15.0,2875.0,0
SECUNDERABAD_NEW_BOWENPALLY,initial greater-Hyderabad study area,TGSPDCL,SECUNDERABAD,BOWENPALLY,BOWENPALLY,NEW BOWENPALLY,2025-11-01,2025,11,1,0,1,1.0,False,3741.0,15.0,3741.0,0
SECUNDERABAD_NEW_BOWENPALLY,initial greater-Hyderabad study area,TGSPDCL,SECUNDERABAD,BOWENPALLY,BOWENPALLY,NEW BOWENPALLY,2025-12-01,2025,12,1,0,1,1.0,False,3792.0,15.0,3792.0,0
SECUNDERABAD_NEW_BOWENPALLY,initial greater-Hyderabad study area,TGSPDCL,SECUNDERABAD,BOWENPALLY,BOWENPALLY,NEW BOWENPALLY,2026-01-01,2026,1,1,0,1,1.0,False,5083.0,15.0,5083.0,0
SECUNDERABAD_NEW_BOWENPALLY,initial greater-Hyderabad study area,TGSPDCL,SECUNDERABAD,BOWENPALLY,BOWENPALLY,NEW BOWENPALLY,2026-02-01,2026,2,1,0,1,1.0,False,5358.0,15.0,5358.0,0
SECUNDERABAD_NEW_BOWENPALLY,initial greater-Hyderabad study area,TGSPDCL,SECUNDERABAD,BOWENPALLY,BOWENPALLY,NEW BOWENPALLY,2026-03-01,2026,3,1,0,1,1.0,False,6558.0,15.0,6558.0,0
SECUNDERABAD_NEW_BOWENPALLY,initial greater-Hyderabad study area,TGSPDCL,SECUNDERABAD,BOWENPALLY,BOWENPALLY,NEW BOWENPALLY,2026-04-01,2026,4,1,0,1,1.0,False,6539.0,15.0,6539.0,0
SECUNDERABAD_NEW_BOWENPALLY,initial greater-Hyderabad study area,TGSPDCL,SECUNDERABAD,BOWENPALLY,BOWENPALLY,NEW BOWENPALLY,2026-05-01,2026,5,1,0,1,1.0,False,4462.0,15.0,4462.0,0
SECUNDERABAD_NEW_BOWENPALLY,initial greater-Hyderabad study area,TGSPDCL,SECUNDERABAD,BOWENPALLY,BOWENPALLY,NEW BOWENPALLY,2026-06-01,2026,6,1,0,1,1.0,False,7286.0,15.0,7286.0,0
SECUNDERABAD_NEW_BOWENPALLY,initial greater-Hyderabad study area,TGSPDCL,SECUNDERABAD,BOWENPALLY,BOWENPALLY,NEW BOWENPALLY,2026-07-01,2026,7,1,0,1,1.0,False,6551.0,15.0,6551.0,0
SECUNDERABAD_NEW_BOWENPALLY,initial greater-Hyderabad study area,TGSPDCL,SECUNDERABAD,BOWENPALLY,BOWENPALLY,NEW BOWENPALLY,2026-08-01,2026,8,1,0,1,1.0,False,8154.0,15.0,8154.0,0
SECUNDERABAD_OLD_BOWENPALLY,initial greater-Hyderabad study area,TGSPDCL,SECUNDERABAD,BOWENPALLY,BOWENPALLY,OLD BOWENPALLY,2025-01-01,2025,1,1,1,1,,True,0.0,53.0,0.0,0
SECUNDERABAD_OLD_BOWENPALLY,initial greater-Hyderabad study area,TGSPDCL,SECUNDERABAD,BOWENPALLY,BOWENPALLY,OLD BOWENPALLY,2025-02-01,2025,2,1,0,1,1.0,False,2231.0,53.0,2231.0,0
SECUNDERABAD_OLD_BOWENPALLY,initial greater-Hyderabad study area,TGSPDCL,SECUNDERABAD,BOWENPALLY,BOWENPALLY,OLD BOWENPALLY,2025-03-01,2025,3,1,0,1,1.0,False,2956.0,53.0,2956.0,0
SECUNDERABAD_OLD_BOWENPALLY,initial greater-Hyderabad study area,TGSPDCL,SECUNDERABAD,BOWENPALLY,BOWENPALLY,OLD BOWENPALLY,2025-04-01,2025,4,1,0,1,1.0,False,3948.0,53.0,3948.0,0
SECUNDERABAD_OLD_BOWENPALLY,initial greater-Hyderabad study area,TGSPDCL,SECUNDERABAD,BOWENPALLY,BOWENPALLY,OLD BOWENPALLY,2025-05-01,2025,5,1,0,1,1.0,False,5330.0,53.0,5330.0,0
SECUNDERABAD_OLD_BOWENPALLY,initial greater-Hyderabad study area,TGSPDCL,SECUNDERABAD,BOWENPALLY,BOWENPALLY,OLD BOWENPALLY,2025-06-01,2025,6,1,0,1,1.0,False,4141.0,53.0,4141.0,0
SECUNDERABAD_OLD_BOWENPALLY,initial greater-Hyderabad study area,TGSPDCL,SECUNDERABAD,BOWENPALLY,BOWENPALLY,OLD BOWENPALLY,2025-07-01,2025,7,1,0,1,1.0,False,5648.0,53.0,5648.0,0
SECUNDERABAD_OLD_BOWENPALLY,initial greater-Hyderabad study area,TGSPDCL,SECUNDERABAD,BOWENPALLY,BOWENPALLY,OLD BOWENPALLY,2025-08-01,2025,8,1,0,1,1.0,False,5419.0,53.0,5419.0,0
SECUNDERABAD_OLD_BOWENPALLY,initial greater-Hyderabad study area,TGSPDCL,SECUNDERABAD,BOWENPALLY,BOWENPALLY,OLD BOWENPALLY,2025-09-01,2025,9,1,0,1,1.0,False,7493.0,53.0,7493.0,0
SECUNDERABAD_OLD_BOWENPALLY,initial greater-Hyderabad study area,TGSPDCL,SECUNDERABAD,BOWENPALLY,BOWENPALLY,OLD BOWENPALLY,2025-10-01,2025,10,1,0,1,1.0,False,7173.0,53.0,7173.0,0
SECUNDERABAD_OLD_BOWENPALLY,initial greater-Hyderabad study area,TGSPDCL,SECUNDERABAD,BOWENPALLY,BOWENPALLY,OLD BOWENPALLY,2025-11-01,2025,11,1,0,1,1.0,False,11163.0,53.0,11163.0,0
SECUNDERABAD_OLD_BOWENPALLY,initial greater-Hyderabad study area,TGSPDCL,SECUNDERABAD,BOWENPALLY,BOWENPALLY,OLD BOWENPALLY,2025-12-01,2025,12,1,0,1,1.0,False,15073.0,53.0,15073.0,0
SECUNDERABAD_OLD_BOWENPALLY,initial greater-Hyderabad study area,TGSPDCL,SECUNDERABAD,BOWENPALLY,BOWENPALLY,OLD BOWENPALLY,2026-01-01,2026,1,1,0,1,1.0,False,20448.0,53.0,20448.0,0
SECUNDERABAD_OLD_BOWENPALLY,initial greater-Hyderabad study area,TGSPDCL,SECUNDERABAD,BOWENPALLY,BOWENPALLY,OLD BOWENPALLY,2026-02-01,2026,2,1,0,1,1.0,False,20485.0,53.0,20485.0,0
SECUNDERABAD_OLD_BOWENPALLY,initial greater-Hyderabad study area,TGSPDCL,SECUNDERABAD,BOWENPALLY,BOWENPALLY,OLD BOWENPALLY,2026-03-01,2026,3,1,0,1,1.0,False,20721.0,53.0,20721.0,0
SECUNDERABAD_OLD_BOWENPALLY,initial greater-Hyderabad study area,TGSPDCL,SECUNDERABAD,BOWENPALLY,BOWENPALLY,OLD BOWENPALLY,2026-04-01,2026,4,1,0,1,1.0,False,27679.0,53.0,27679.0,0
SECUNDERABAD_OLD_BOWENPALLY,initial greater-Hyderabad study area,TGSPDCL,SECUNDERABAD,BOWENPALLY,BOWENPALLY,OLD BOWENPALLY,2026-05-01,2026,5,1,0,1,1.0,False,28332.0,53.0,28332.0,0
SECUNDERABAD_OLD_BOWENPALLY,initial greater-Hyderabad study area,TGSPDCL,SECUNDERABAD,BOWENPALLY,BOWENPALLY,OLD BOWENPALLY,2026-06-01,2026,6,1,0,1,1.0,False,33289.0,53.0,33289.0,0
SECUNDERABAD_OLD_BOWENPALLY,initial greater-Hyderabad study area,TGSPDCL,SECUNDERABAD,BOWENPALLY,BOWENPALLY,OLD BOWENPALLY,2026-07-01,2026,7,1,0,1,1.0,False,32388.0,115.0,32388.0,0
SECUNDERABAD_OLD_BOWENPALLY,initial greater-Hyderabad study area,TGSPDCL,SECUNDERABAD,BOWENPALLY,BOWENPALLY,OLD BOWENPALLY,2026-08-01,2026,8,1,0,2,2.0,False,32417.0,131.0,16208.5,0
SECUNDERABAD_PADMARAO_NAGAR,initial greater-Hyderabad study area,TGSPDCL,SECUNDERABAD,PARADISE,PADMA RAO NAGAR,PADMARAO NAGAR,2025-01-01,2025,1,1,1,1,,True,0.0,54.0,0.0,0
SECUNDERABAD_PADMARAO_NAGAR,initial greater-Hyderabad study area,TGSPDCL,SECUNDERABAD,PARADISE,PADMA RAO NAGAR,PADMARAO NAGAR,2025-02-01,2025,2,1,0,1,1.0,False,11.0,54.0,11.0,0
SECUNDERABAD_PADMARAO_NAGAR,initial greater-Hyderabad study area,TGSPDCL,SECUNDERABAD,PARADISE,PADMA RAO NAGAR,PADMARAO NAGAR,2025-03-01,2025,3,1,0,1,1.0,False,963.0,54.0,963.0,0
SECUNDERABAD_PADMARAO_NAGAR,initial greater-Hyderabad study area,TGSPDCL,SECUNDERABAD,PARADISE,PADMA RAO NAGAR,PADMARAO NAGAR,2025-04-01,2025,4,1,0,1,1.0,False,1137.0,54.0,1137.0,0
SECUNDERABAD_PADMARAO_NAGAR,initial greater-Hyderabad study area,TGSPDCL,SECUNDERABAD,PARADISE,PADMA RAO NAGAR,PADMARAO NAGAR,2025-05-01,2025,5,1,0,1,1.0,False,315.0,54.0,315.0,0
SECUNDERABAD_PADMARAO_NAGAR,initial greater-Hyderabad study area,TGSPDCL,SECUNDERABAD,PARADISE,PADMA RAO NAGAR,PADMARAO NAGAR,2025-06-01,2025,6,1,0,1,1.0,False,2018.0,54.0,2018.0,0
SECUNDERABAD_PADMARAO_NAGAR,initial greater-Hyderabad study area,TGSPDCL,SECUNDERABAD,PARADISE,PADMA RAO NAGAR,PADMARAO NAGAR,2025-07-01,2025,7,1,0,1,1.0,False,2894.0,54.0,2894.0,0
SECUNDERABAD_PADMARAO_NAGAR,initial greater-Hyderabad study area,TGSPDCL,SECUNDERABAD,PARADISE,PADMA RAO NAGAR,PADMARAO NAGAR,2025-08-01,2025,8,1,0,1,1.0,False,3327.0,54.0,3327.0,0
SECUNDERABAD_PADMARAO_NAGAR,initial greater-Hyderabad study area,TGSPDCL,SECUNDERABAD,PARADISE,PADMA RAO NAGAR,PADMARAO NAGAR,2025-09-01,2025,9,1,0,1,1.0,False,2686.0,54.0,2686.0,0
SECUNDERABAD_PADMARAO_NAGAR,initial greater-Hyderabad study area,TGSPDCL,SECUNDERABAD,PARADISE,PADMA RAO NAGAR,PADMARAO NAGAR,2025-10-01,2025,10,1,0,1,1.0,False,3660.0,54.0,3660.0,0
SECUNDERABAD_PADMARAO_NAGAR,initial greater-Hyderabad study area,TGSPDCL,SECUNDERABAD,PARADISE,PADMA RAO NAGAR,PADMARAO NAGAR,2025-11-01,2025,11,1,0,1,1.0,False,3840.0,54.0,3840.0,0
SECUNDERABAD_PADMARAO_NAGAR,initial greater-Hyderabad study area,TGSPDCL,SECUNDERABAD,PARADISE,PADMA RAO NAGAR,PADMARAO NAGAR,2025-12-01,2025,12,1,0,1,1.0,False,3439.0,54.0,3439.0,0
SECUNDERABAD_PADMARAO_NAGAR,initial greater-Hyderabad study area,TGSPDCL,SECUNDERABAD,PARADISE,PADMA RAO NAGAR,PADMARAO NAGAR,2026-01-01,2026,1,1,0,1,1.0,False,2081.0,54.0,2081.0,0
SECUNDERABAD_PADMARAO_NAGAR,initial greater-Hyderabad study area,TGSPDCL,SECUNDERABAD,PARADISE,PADMA RAO NAGAR,PADMARAO NAGAR,2026-02-01,2026,2,1,0,1,1.0,False,3304.0,54.0,3304.0,0
SECUNDERABAD_PADMARAO_NAGAR,initial greater-Hyderabad study area,TGSPDCL,SECUNDERABAD,PARADISE,PADMA RAO NAGAR,PADMARAO NAGAR,2026-03-01,2026,3,1,0,1,1.0,False,3883.0,54.0,3883.0,0
SECUNDERABAD_PADMARAO_NAGAR,initial greater-Hyderabad study area,TGSPDCL,SECUNDERABAD,PARADISE,PADMA RAO NAGAR,PADMARAO NAGAR,2026-04-01,2026,4,1,0,1,1.0,False,3611.0,54.0,3611.0,0
SECUNDERABAD_PADMARAO_NAGAR,initial greater-Hyderabad study area,TGSPDCL,SECUNDERABAD,PARADISE,PADMA RAO NAGAR,PADMARAO NAGAR,2026-05-01,2026,5,1,0,1,1.0,False,6573.0,54.0,6573.0,0
SECUNDERABAD_PADMARAO_NAGAR,initial greater-Hyderabad study area,TGSPDCL,SECUNDERABAD,PARADISE,PADMA RAO NAGAR,PADMARAO NAGAR,2026-06-01,2026,6,1,0,1,1.0,False,6723.0,54.0,6723.0,0
SECUNDERABAD_PADMARAO_NAGAR,initial greater-Hyderabad study area,TGSPDCL,SECUNDERABAD,PARADISE,PADMA RAO NAGAR,PADMARAO NAGAR,2026-07-01,2026,7,1,0,1,1.0,False,8723.0,54.0,8723.0,0
SECUNDERABAD_PADMARAO_NAGAR,initial greater-Hyderabad study area,TGSPDCL,SECUNDERABAD,PARADISE,PADMA RAO NAGAR,PADMARAO NAGAR,2026-08-01,2026,8,1,0,1,1.0,False,9080.0,54.0,9080.0,0
SECUNDERABAD_PARADISE,initial greater-Hyderabad study area,TGSPDCL,SECUNDERABAD,PARADISE,JAMES STREET,PARADISE,2023-01-01,2023,1,1,0,1,1.0,False,181.0,10.0,181.0,0
SECUNDERABAD_PARADISE,initial greater-Hyderabad study area,TGSPDCL,SECUNDERABAD,PARADISE,JAMES STREET,PARADISE,2023-02-01,2023,2,1,0,1,1.0,False,255.0,10.0,255.0,0
SECUNDERABAD_PARADISE,initial greater-Hyderabad study area,TGSPDCL,SECUNDERABAD,PARADISE,JAMES STREET,PARADISE,2023-03-01,2023,3,1,0,1,1.0,False,213.0,10.0,213.0,0
SECUNDERABAD_PARADISE,initial greater-Hyderabad study area,TGSPDCL,SECUNDERABAD,PARADISE,JAMES STREET,PARADISE,2023-04-01,2023,4,1,0,1,1.0,False,185.0,10.0,185.0,0
SECUNDERABAD_PARADISE,initial greater-Hyderabad study area,TGSPDCL,SECUNDERABAD,PARADISE,JAMES STREET,PARADISE,2023-05-01,2023,5,1,0,1,1.0,False,269.0,10.0,269.0,0
SECUNDERABAD_PARADISE,initial greater-Hyderabad study area,TGSPDCL,SECUNDERABAD,PARADISE,JAMES STREET,PARADISE,2023-06-01,2023,6,1,0,1,1.0,False,241.0,10.0,241.0,0
SECUNDERABAD_PARADISE,initial greater-Hyderabad study area,TGSPDCL,SECUNDERABAD,PARADISE,JAMES STREET,PARADISE,2023-07-01,2023,7,1,0,1,1.0,False,229.0,10.0,229.0,0
SECUNDERABAD_PARADISE,initial greater-Hyderabad study area,TGSPDCL,SECUNDERABAD,PARADISE,JAMES STREET,PARADISE,2023-08-01,2023,8,1,0,1,1.0,False,247.0,10.0,247.0,0
SECUNDERABAD_PARADISE,initial greater-Hyderabad study area,TGSPDCL,SECUNDERABAD,PARADISE,JAMES STREET,PARADISE,2023-09-01,2023,9,1,0,1,1.0,False,272.0,10.0,272.0,0
SECUNDERABAD_PARADISE,initial greater-Hyderabad study area,TGSPDCL,SECUNDERABAD,PARADISE,JAMES STREET,PARADISE,2023-10-01,2023,10,1,0,1,1.0,False,208.0,10.0,208.0,0
SECUNDERABAD_PARADISE,initial greater-Hyderabad study area,TGSPDCL,SECUNDERABAD,PARADISE,JAMES STREET,PARADISE,2023-11-01,2023,11,1,0,1,1.0,False,267.0,10.0,267.0,0
SECUNDERABAD_PARADISE,initial greater-Hyderabad study area,TGSPDCL,SECUNDERABAD,PARADISE,JAMES STREET,PARADISE,2023-12-01,2023,12,1,0,1,1.0,False,126.0,10.0,126.0,0
SECUNDERABAD_PARADISE,initial greater-Hyderabad study area,TGSPDCL,SECUNDERABAD,PARADISE,JAMES STREET,PARADISE,2024-01-01,2024,1,1,0,1,1.0,False,256.0,10.0,256.0,0
SECUNDERABAD_PARADISE,initial greater-Hyderabad study area,TGSPDCL,SECUNDERABAD,PARADISE,JAMES STREET,PARADISE,2024-02-01,2024,2,1,0,1,1.0,False,239.0,10.0,239.0,0
SECUNDERABAD_PARADISE,initial greater-Hyderabad study area,TGSPDCL,SECUNDERABAD,PARADISE,JAMES STREET,PARADISE,2024-03-01,2024,3,1,0,1,1.0,False,140.0,10.0,140.0,0
SECUNDERABAD_PARADISE,initial greater-Hyderabad study area,TGSPDCL,SECUNDERABAD,PARADISE,JAMES STREET,PARADISE,2024-04-01,2024,4,1,0,1,1.0,False,172.0,10.0,172.0,0
SECUNDERABAD_PARADISE,initial greater-Hyderabad study area,TGSPDCL,SECUNDERABAD,PARADISE,JAMES STREET,PARADISE,2024-05-01,2024,5,1,0,1,1.0,False,105.0,10.0,105.0,0
SECUNDERABAD_PARADISE,initial greater-Hyderabad study area,TGSPDCL,SECUNDERABAD,PARADISE,JAMES STREET,PARADISE,2024-06-01,2024,6,1,0,1,1.0,False,125.0,10.0,125.0,0
SECUNDERABAD_PARADISE,initial greater-Hyderabad study area,TGSPDCL,SECUNDERABAD,PARADISE,JAMES STREET,PARADISE,2024-07-01,2024,7,1,0,1,1.0,False,171.0,10.0,171.0,0
SECUNDERABAD_PARADISE,initial greater-Hyderabad study area,TGSPDCL,SECUNDERABAD,PARADISE,JAMES STREET,PARADISE,2024-08-01,2024,8,1,0,1,1.0,False,152.0,10.0,152.0,0
SECUNDERABAD_PARADISE,initial greater-Hyderabad study area,TGSPDCL,SECUNDERABAD,PARADISE,JAMES STREET,PARADISE,2024-09-01,2024,9,1,0,1,1.0,False,177.0,10.0,177.0,0
SECUNDERABAD_PARADISE,initial greater-Hyderabad study area,TGSPDCL,SECUNDERABAD,PARADISE,JAMES STREET,PARADISE,2024-10-01,2024,10,1,0,1,1.0,False,197.0,10.0,197.0,0
SECUNDERABAD_PARADISE,initial greater-Hyderabad study area,TGSPDCL,SECUNDERABAD,PARADISE,JAMES STREET,PARADISE,2024-11-01,2024,11,1,0,1,1.0,False,186.0,10.0,186.0,0
SECUNDERABAD_PARADISE,initial greater-Hyderabad study area,TGSPDCL,SECUNDERABAD,PARADISE,JAMES STREET,PARADISE,2024-12-01,2024,12,1,0,1,1.0,False,193.0,10.0,193.0,0
SECUNDERABAD_PARADISE,initial greater-Hyderabad study area,TGSPDCL,SECUNDERABAD,PARADISE,JAMES STREET,PARADISE,2025-01-01,2025,1,1,0,1,1.0,False,178.0,10.0,178.0,0
SECUNDERABAD_PARADISE,initial greater-Hyderabad study area,TGSPDCL,SECUNDERABAD,PARADISE,JAMES STREET,PARADISE,2025-02-01,2025,2,2,1,2,1.0,True,172.0,37.0,86.0,0
SECUNDERABAD_PARADISE,initial greater-Hyderabad study area,TGSPDCL,SECUNDERABAD,PARADISE,JAMES STREET,PARADISE,2025-03-01,2025,3,2,0,2,2.0,False,1331.0,37.0,665.5,0
SECUNDERABAD_PARADISE,initial greater-Hyderabad study area,TGSPDCL,SECUNDERABAD,PARADISE,JAMES STREET,PARADISE,2025-04-01,2025,4,2,0,2,2.0,False,4069.0,37.0,2034.5,0
SECUNDERABAD_PARADISE,initial greater-Hyderabad study area,TGSPDCL,SECUNDERABAD,PARADISE,JAMES STREET,PARADISE,2025-05-01,2025,5,2,0,4,4.0,False,8412.0,144.0,2103.0,0
SECUNDERABAD_PARADISE,initial greater-Hyderabad study area,TGSPDCL,SECUNDERABAD,PARADISE,JAMES STREET,PARADISE,2025-06-01,2025,6,2,0,4,4.0,False,8653.0,144.0,2163.25,0
SECUNDERABAD_PARADISE,initial greater-Hyderabad study area,TGSPDCL,SECUNDERABAD,PARADISE,JAMES STREET,PARADISE,2025-07-01,2025,7,2,0,4,4.0,False,9173.0,144.0,2293.25,0
SECUNDERABAD_PARADISE,initial greater-Hyderabad study area,TGSPDCL,SECUNDERABAD,PARADISE,JAMES STREET,PARADISE,2025-08-01,2025,8,2,0,4,4.0,False,8853.0,144.0,2213.25,0
SECUNDERABAD_PARADISE,initial greater-Hyderabad study area,TGSPDCL,SECUNDERABAD,PARADISE,JAMES STREET,PARADISE,2025-09-01,2025,9,2,0,4,4.0,False,9035.0,144.0,2258.75,0
SECUNDERABAD_PARADISE,initial greater-Hyderabad study area,TGSPDCL,SECUNDERABAD,PARADISE,JAMES STREET,PARADISE,2025-10-01,2025,10,2,0,4,4.0,False,10242.0,144.0,2560.5,0
SECUNDERABAD_PARADISE,initial greater-Hyderabad study area,TGSPDCL,SECUNDERABAD,PARADISE,JAMES STREET,PARADISE,2025-11-01,2025,11,2,0,4,4.0,False,11250.0,144.0,2812.5,0
SECUNDERABAD_PARADISE,initial greater-Hyderabad study area,TGSPDCL,SECUNDERABAD,PARADISE,JAMES STREET,PARADISE,2025-12-01,2025,12,2,0,4,4.0,False,13955.0,144.0,3488.75,0
SECUNDERABAD_PARADISE,initial greater-Hyderabad study area,TGSPDCL,SECUNDERABAD,PARADISE,JAMES STREET,PARADISE,2026-01-01,2026,1,2,0,4,4.0,False,18988.0,144.0,4747.0,0
SECUNDERABAD_PARADISE,initial greater-Hyderabad study area,TGSPDCL,SECUNDERABAD,PARADISE,JAMES STREET,PARADISE,2026-02-01,2026,2,2,0,4,4.0,False,17620.0,144.0,4405.0,0
SECUNDERABAD_PARADISE,initial greater-Hyderabad study area,TGSPDCL,SECUNDERABAD,PARADISE,JAMES STREET,PARADISE,2026-03-01,2026,3,2,0,4,4.0,False,21577.0,144.0,5394.25,0
SECUNDERABAD_PARADISE,initial greater-Hyderabad study area,TGSPDCL,SECUNDERABAD,PARADISE,JAMES STREET,PARADISE,2026-04-01,2026,4,2,0,4,4.0,False,24722.0,144.0,6180.5,0
SECUNDERABAD_PARADISE,initial greater-Hyderabad study area,TGSPDCL,SECUNDERABAD,PARADISE,JAMES STREET,PARADISE,2026-05-01,2026,5,2,0,4,4.0,False,34250.0,144.0,8562.5,0
SECUNDERABAD_PARADISE,initial greater-Hyderabad study area,TGSPDCL,SECUNDERABAD,PARADISE,JAMES STREET,PARADISE,2026-06-01,2026,6,2,0,4,4.0,False,34851.0,144.0,8712.75,0
SECUNDERABAD_PARADISE,initial greater-Hyderabad study area,TGSPDCL,SECUNDERABAD,PARADISE,JAMES STREET,PARADISE,2026-07-01,2026,7,2,0,4,4.0,False,36990.0,144.0,9247.5,0
SECUNDERABAD_PARADISE,initial greater-Hyderabad study area,TGSPDCL,SECUNDERABAD,PARADISE,JAMES STREET,PARADISE,2026-08-01,2026,8,2,0,4,4.0,False,39948.0,144.0,9987.0,0
SECUNDERABAD_RANGA_REDDY_NAGAR,initial greater-Hyderabad study area,TGSPDCL,SECUNDERABAD,BOWENPALLY,RR NAGAR,RANGA REDDY NAGAR,2023-01-01,2023,1,2,0,2,2.0,False,62.0,4.0,31.0,0
SECUNDERABAD_RANGA_REDDY_NAGAR,initial greater-Hyderabad study area,TGSPDCL,SECUNDERABAD,BOWENPALLY,RR NAGAR,RANGA REDDY NAGAR,2023-02-01,2023,2,2,1,2,2.0,False,27.0,4.0,13.5,0
SECUNDERABAD_RANGA_REDDY_NAGAR,initial greater-Hyderabad study area,TGSPDCL,SECUNDERABAD,BOWENPALLY,RR NAGAR,RANGA REDDY NAGAR,2023-03-01,2023,3,2,1,2,2.0,False,26.0,4.0,13.0,0
SECUNDERABAD_RANGA_REDDY_NAGAR,initial greater-Hyderabad study area,TGSPDCL,SECUNDERABAD,BOWENPALLY,RR NAGAR,RANGA REDDY NAGAR,2023-04-01,2023,4,2,1,2,2.0,False,29.0,4.0,14.5,0
SECUNDERABAD_RANGA_REDDY_NAGAR,initial greater-Hyderabad study area,TGSPDCL,SECUNDERABAD,BOWENPALLY,RR NAGAR,RANGA REDDY NAGAR,2023-05-01,2023,5,2,1,2,2.0,False,22.0,4.0,11.0,0
SECUNDERABAD_RANGA_REDDY_NAGAR,initial greater-Hyderabad study area,TGSPDCL,SECUNDERABAD,BOWENPALLY,RR NAGAR,RANGA REDDY NAGAR,2023-06-01,2023,6,2,1,2,2.0,False,21.0,4.0,10.5,0
SECUNDERABAD_RANGA_REDDY_NAGAR,initial greater-Hyderabad study area,TGSPDCL,SECUNDERABAD,BOWENPALLY,RR NAGAR,RANGA REDDY NAGAR,2023-07-01,2023,7,2,1,2,2.0,False,16.0,4.0,8.0,0
SECUNDERABAD_RANGA_REDDY_NAGAR,initial greater-Hyderabad study area,TGSPDCL,SECUNDERABAD,BOWENPALLY,RR NAGAR,RANGA REDDY NAGAR,2023-08-01,2023,8,2,1,2,2.0,False,14.0,4.0,7.0,0
SECUNDERABAD_RANGA_REDDY_NAGAR,initial greater-Hyderabad study area,TGSPDCL,SECUNDERABAD,BOWENPALLY,RR NAGAR,RANGA REDDY NAGAR,2023-09-01,2023,9,2,1,2,2.0,False,6.0,4.0,3.0,0
SECUNDERABAD_RANGA_REDDY_NAGAR,initial greater-Hyderabad study area,TGSPDCL,SECUNDERABAD,BOWENPALLY,RR NAGAR,RANGA REDDY NAGAR,2023-10-01,2023,10,2,1,2,2.0,False,4.0,4.0,2.0,0
SECUNDERABAD_RANGA_REDDY_NAGAR,initial greater-Hyderabad study area,TGSPDCL,SECUNDERABAD,BOWENPALLY,RR NAGAR,RANGA REDDY NAGAR,2023-11-01,2023,11,2,2,2,2.0,False,0.0,4.0,0.0,0
SECUNDERABAD_RANGA_REDDY_NAGAR,initial greater-Hyderabad study area,TGSPDCL,SECUNDERABAD,BOWENPALLY,RR NAGAR,RANGA REDDY NAGAR,2023-12-01,2023,12,2,2,2,2.0,False,0.0,4.0,0.0,0
SECUNDERABAD_RANGA_REDDY_NAGAR,initial greater-Hyderabad study area,TGSPDCL,SECUNDERABAD,BOWENPALLY,RR NAGAR,RANGA REDDY NAGAR,2024-01-01,2024,1,2,1,2,2.0,False,6.0,4.0,3.0,0
SECUNDERABAD_RANGA_REDDY_NAGAR,initial greater-Hyderabad study area,TGSPDCL,SECUNDERABAD,BOWENPALLY,RR NAGAR,RANGA REDDY NAGAR,2024-02-01,2024,2,2,2,2,2.0,False,0.0,4.0,0.0,0
SECUNDERABAD_RANGA_REDDY_NAGAR,initial greater-Hyderabad study area,TGSPDCL,SECUNDERABAD,BOWENPALLY,RR NAGAR,RANGA REDDY NAGAR,2024-03-01,2024,3,2,2,2,2.0,False,0.0,4.0,0.0,0
SECUNDERABAD_RANGA_REDDY_NAGAR,initial greater-Hyderabad study area,TGSPDCL,SECUNDERABAD,BOWENPALLY,RR NAGAR,RANGA REDDY NAGAR,2024-04-01,2024,4,2,2,2,2.0,False,0.0,4.0,0.0,0
SECUNDERABAD_RANGA_REDDY_NAGAR,initial greater-Hyderabad study area,TGSPDCL,SECUNDERABAD,BOWENPALLY,RR NAGAR,RANGA REDDY NAGAR,2024-05-01,2024,5,2,2,2,2.0,False,0.0,4.0,0.0,0
SECUNDERABAD_RANGA_REDDY_NAGAR,initial greater-Hyderabad study area,TGSPDCL,SECUNDERABAD,BOWENPALLY,RR NAGAR,RANGA REDDY NAGAR,2024-06-01,2024,6,2,2,2,2.0,False,0.0,4.0,0.0,0
SECUNDERABAD_RANGA_REDDY_NAGAR,initial greater-Hyderabad study area,TGSPDCL,SECUNDERABAD,BOWENPALLY,RR NAGAR,RANGA REDDY NAGAR,2024-07-01,2024,7,2,1,2,2.0,False,2.0,4.0,1.0,0
SECUNDERABAD_RANGA_REDDY_NAGAR,initial greater-Hyderabad study area,TGSPDCL,SECUNDERABAD,BOWENPALLY,RR NAGAR,RANGA REDDY NAGAR,2024-08-01,2024,8,2,2,2,2.0,False,0.0,4.0,0.0,0
SECUNDERABAD_RANGA_REDDY_NAGAR,initial greater-Hyderabad study area,TGSPDCL,SECUNDERABAD,BOWENPALLY,RR NAGAR,RANGA REDDY NAGAR,2024-09-01,2024,9,2,2,2,2.0,False,0.0,4.0,0.0,0
SECUNDERABAD_RANGA_REDDY_NAGAR,initial greater-Hyderabad study area,TGSPDCL,SECUNDERABAD,BOWENPALLY,RR NAGAR,RANGA REDDY NAGAR,2024-10-01,2024,10,2,1,2,2.0,False,38.0,4.0,19.0,0
SECUNDERABAD_RANGA_REDDY_NAGAR,initial greater-Hyderabad study area,TGSPDCL,SECUNDERABAD,BOWENPALLY,RR NAGAR,RANGA REDDY NAGAR,2024-11-01,2024,11,1,1,1,1.0,False,0.0,2.0,0.0,1
SECUNDERABAD_RANGA_REDDY_NAGAR,initial greater-Hyderabad study area,TGSPDCL,SECUNDERABAD,BOWENPALLY,RR NAGAR,RANGA REDDY NAGAR,2024-12-01,2024,12,2,2,2,2.0,False,0.0,4.0,0.0,0
SECUNDERABAD_RANGA_REDDY_NAGAR,initial greater-Hyderabad study area,TGSPDCL,SECUNDERABAD,BOWENPALLY,RR NAGAR,RANGA REDDY NAGAR,2025-01-01,2025,1,2,2,2,2.0,False,0.0,4.0,0.0,0
SECUNDERABAD_RANGA_REDDY_NAGAR,initial greater-Hyderabad study area,TGSPDCL,SECUNDERABAD,BOWENPALLY,RR NAGAR,RANGA REDDY NAGAR,2025-02-01,2025,2,2,2,2,2.0,False,0.0,4.0,0.0,0
SECUNDERABAD_RANGA_REDDY_NAGAR,initial greater-Hyderabad study area,TGSPDCL,SECUNDERABAD,BOWENPALLY,RR NAGAR,RANGA REDDY NAGAR,2025-03-01,2025,3,2,2,2,1.0,True,0.0,4.0,0.0,0
SECUNDERABAD_RANGA_REDDY_NAGAR,initial greater-Hyderabad study area,TGSPDCL,SECUNDERABAD,BOWENPALLY,RR NAGAR,RANGA REDDY NAGAR,2025-04-01,2025,4,2,2,2,1.0,True,0.0,4.0,0.0,0
SECUNDERABAD_RANGA_REDDY_NAGAR,initial greater-Hyderabad study area,TGSPDCL,SECUNDERABAD,BOWENPALLY,RR NAGAR,RANGA REDDY NAGAR,2025-05-01,2025,5,3,2,3,2.0,True,18.0,58.0,6.0,0
SECUNDERABAD_RANGA_REDDY_NAGAR,initial greater-Hyderabad study area,TGSPDCL,SECUNDERABAD,BOWENPALLY,RR NAGAR,RANGA REDDY NAGAR,2025-06-01,2025,6,3,2,3,2.0,True,426.0,58.0,142.0,0
SECUNDERABAD_RANGA_REDDY_NAGAR,initial greater-Hyderabad study area,TGSPDCL,SECUNDERABAD,BOWENPALLY,RR NAGAR,RANGA REDDY NAGAR,2025-07-01,2025,7,3,2,3,2.0,True,2392.0,58.0,797.33,0
SECUNDERABAD_RANGA_REDDY_NAGAR,initial greater-Hyderabad study area,TGSPDCL,SECUNDERABAD,BOWENPALLY,RR NAGAR,RANGA REDDY NAGAR,2025-08-01,2025,8,3,2,3,2.0,True,2726.0,58.0,908.67,0
SECUNDERABAD_RANGA_REDDY_NAGAR,initial greater-Hyderabad study area,TGSPDCL,SECUNDERABAD,BOWENPALLY,RR NAGAR,RANGA REDDY NAGAR,2025-09-01,2025,9,3,2,3,2.0,True,2955.0,58.0,985.0,0
SECUNDERABAD_RANGA_REDDY_NAGAR,initial greater-Hyderabad study area,TGSPDCL,SECUNDERABAD,BOWENPALLY,RR NAGAR,RANGA REDDY NAGAR,2025-10-01,2025,10,3,2,3,2.0,True,4421.0,58.0,1473.67,0
SECUNDERABAD_RANGA_REDDY_NAGAR,initial greater-Hyderabad study area,TGSPDCL,SECUNDERABAD,BOWENPALLY,RR NAGAR,RANGA REDDY NAGAR,2025-11-01,2025,11,3,2,3,2.0,True,3949.0,58.0,1316.33,0
SECUNDERABAD_RANGA_REDDY_NAGAR,initial greater-Hyderabad study area,TGSPDCL,SECUNDERABAD,BOWENPALLY,RR NAGAR,RANGA REDDY NAGAR,2025-12-01,2025,12,3,2,3,2.0,True,2278.0,58.0,759.33,0
SECUNDERABAD_RANGA_REDDY_NAGAR,initial greater-Hyderabad study area,TGSPDCL,SECUNDERABAD,BOWENPALLY,RR NAGAR,RANGA REDDY NAGAR,2026-01-01,2026,1,3,2,3,2.0,True,2460.0,58.0,820.0,0
SECUNDERABAD_RANGA_REDDY_NAGAR,initial greater-Hyderabad study area,TGSPDCL,SECUNDERABAD,BOWENPALLY,RR NAGAR,RANGA REDDY NAGAR,2026-02-01,2026,2,3,2,3,2.0,True,3325.0,58.0,1108.33,0
SECUNDERABAD_RANGA_REDDY_NAGAR,initial greater-Hyderabad study area,TGSPDCL,SECUNDERABAD,BOWENPALLY,RR NAGAR,RANGA REDDY NAGAR,2026-03-01,2026,3,3,2,3,2.0,True,3318.0,58.0,1106.0,0
SECUNDERABAD_RANGA_REDDY_NAGAR,initial greater-Hyderabad study area,TGSPDCL,SECUNDERABAD,BOWENPALLY,RR NAGAR,RANGA REDDY NAGAR,2026-04-01,2026,4,3,2,3,2.0,True,6000.0,58.0,2000.0,0
SECUNDERABAD_RANGA_REDDY_NAGAR,initial greater-Hyderabad study area,TGSPDCL,SECUNDERABAD,BOWENPALLY,RR NAGAR,RANGA REDDY NAGAR,2026-05-01,2026,5,3,2,3,2.0,True,9104.0,58.0,3034.67,0
SECUNDERABAD_RANGA_REDDY_NAGAR,initial greater-Hyderabad study area,TGSPDCL,SECUNDERABAD,BOWENPALLY,RR NAGAR,RANGA REDDY NAGAR,2026-06-01,2026,6,3,2,3,2.0,True,2807.0,58.0,935.67,0
SECUNDERABAD_RANGA_REDDY_NAGAR,initial greater-Hyderabad study area,TGSPDCL,SECUNDERABAD,BOWENPALLY,RR NAGAR,RANGA REDDY NAGAR,2026-07-01,2026,7,3,2,3,2.0,True,6738.0,58.0,2246.0,0
SECUNDERABAD_RANGA_REDDY_NAGAR,initial greater-Hyderabad study area,TGSPDCL,SECUNDERABAD,BOWENPALLY,RR NAGAR,RANGA REDDY NAGAR,2026-08-01,2026,8,3,2,3,2.0,True,5447.0,58.0,1815.67,0
SECUNDERABAD_R_P_NILAYAM,initial greater-Hyderabad study area,TGSPDCL,SECUNDERABAD,SECUNDERABAD,LALBAZAR,R.P. NILAYAM,2023-12-01,2023,12,1,1,1,1.0,False,0.0,54.0,0.0,0
SECUNDERABAD_R_P_NILAYAM,initial greater-Hyderabad study area,TGSPDCL,SECUNDERABAD,SECUNDERABAD,LALBAZAR,R.P. NILAYAM,2024-01-01,2024,1,1,0,1,1.0,False,449.0,54.0,449.0,0
SECUNDERABAD_R_P_NILAYAM,initial greater-Hyderabad study area,TGSPDCL,SECUNDERABAD,SECUNDERABAD,LALBAZAR,R.P. NILAYAM,2024-02-01,2024,2,1,0,1,1.0,False,1107.0,54.0,1107.0,0
SECUNDERABAD_R_P_NILAYAM,initial greater-Hyderabad study area,TGSPDCL,SECUNDERABAD,SECUNDERABAD,LALBAZAR,R.P. NILAYAM,2024-03-01,2024,3,1,0,1,1.0,False,419.0,54.0,419.0,0
SECUNDERABAD_R_P_NILAYAM,initial greater-Hyderabad study area,TGSPDCL,SECUNDERABAD,SECUNDERABAD,LALBAZAR,R.P. NILAYAM,2024-04-01,2024,4,1,0,1,1.0,False,1345.0,54.0,1345.0,0
SECUNDERABAD_R_P_NILAYAM,initial greater-Hyderabad study area,TGSPDCL,SECUNDERABAD,SECUNDERABAD,LALBAZAR,R.P. NILAYAM,2024-05-01,2024,5,1,0,1,1.0,False,2278.0,54.0,2278.0,0
SECUNDERABAD_R_P_NILAYAM,initial greater-Hyderabad study area,TGSPDCL,SECUNDERABAD,SECUNDERABAD,LALBAZAR,R.P. NILAYAM,2024-06-01,2024,6,1,0,1,1.0,False,2054.0,54.0,2054.0,0
SECUNDERABAD_R_P_NILAYAM,initial greater-Hyderabad study area,TGSPDCL,SECUNDERABAD,SECUNDERABAD,LALBAZAR,R.P. NILAYAM,2024-07-01,2024,7,1,0,1,1.0,False,2569.0,54.0,2569.0,0
SECUNDERABAD_R_P_NILAYAM,initial greater-Hyderabad study area,TGSPDCL,SECUNDERABAD,SECUNDERABAD,LALBAZAR,R.P. NILAYAM,2024-08-01,2024,8,1,0,1,1.0,False,1814.0,54.0,1814.0,0
SECUNDERABAD_R_P_NILAYAM,initial greater-Hyderabad study area,TGSPDCL,SECUNDERABAD,SECUNDERABAD,LALBAZAR,R.P. NILAYAM,2024-09-01,2024,9,1,0,1,1.0,False,2564.0,54.0,2564.0,0
SECUNDERABAD_R_P_NILAYAM,initial greater-Hyderabad study area,TGSPDCL,SECUNDERABAD,SECUNDERABAD,LALBAZAR,R.P. NILAYAM,2024-10-01,2024,10,1,0,1,1.0,False,691.0,54.0,691.0,0
SECUNDERABAD_R_P_NILAYAM,initial greater-Hyderabad study area,TGSPDCL,SECUNDERABAD,SECUNDERABAD,LALBAZAR,R.P. NILAYAM,2024-11-01,2024,11,1,0,1,1.0,False,1549.0,54.0,1549.0,0
SECUNDERABAD_R_P_NILAYAM,initial greater-Hyderabad study area,TGSPDCL,SECUNDERABAD,SECUNDERABAD,LALBAZAR,R.P. NILAYAM,2024-12-01,2024,12,1,0,1,1.0,False,1734.0,54.0,1734.0,0
SECUNDERABAD_R_P_NILAYAM,initial greater-Hyderabad study area,TGSPDCL,SECUNDERABAD,SECUNDERABAD,LALBAZAR,R.P. NILAYAM,2025-01-01,2025,1,1,0,2,1.0,False,2299.0,107.0,1149.5,0
SECUNDERABAD_R_P_NILAYAM,initial greater-Hyderabad study area,TGSPDCL,SECUNDERABAD,SECUNDERABAD,LALBAZAR,R.P. NILAYAM,2025-02-01,2025,2,1,0,2,2.0,False,144.0,107.0,72.0,0
SECUNDERABAD_R_P_NILAYAM,initial greater-Hyderabad study area,TGSPDCL,SECUNDERABAD,SECUNDERABAD,LALBAZAR,R.P. NILAYAM,2025-03-01,2025,3,1,0,2,2.0,False,7393.0,107.0,3696.5,0
SECUNDERABAD_R_P_NILAYAM,initial greater-Hyderabad study area,TGSPDCL,SECUNDERABAD,SECUNDERABAD,LALBAZAR,R.P. NILAYAM,2025-04-01,2025,4,1,0,3,2.0,False,3230.0,160.0,1076.67,0
SECUNDERABAD_R_P_NILAYAM,initial greater-Hyderabad study area,TGSPDCL,SECUNDERABAD,SECUNDERABAD,LALBAZAR,R.P. NILAYAM,2025-05-01,2025,5,1,0,3,3.0,False,7541.0,160.0,2513.67,0
SECUNDERABAD_R_P_NILAYAM,initial greater-Hyderabad study area,TGSPDCL,SECUNDERABAD,SECUNDERABAD,LALBAZAR,R.P. NILAYAM,2025-06-01,2025,6,1,0,3,3.0,False,9381.0,160.0,3127.0,0
SECUNDERABAD_R_P_NILAYAM,initial greater-Hyderabad study area,TGSPDCL,SECUNDERABAD,SECUNDERABAD,LALBAZAR,R.P. NILAYAM,2025-07-01,2025,7,1,0,3,3.0,False,8611.0,160.0,2870.33,0
SECUNDERABAD_R_P_NILAYAM,initial greater-Hyderabad study area,TGSPDCL,SECUNDERABAD,SECUNDERABAD,LALBAZAR,R.P. NILAYAM,2025-08-01,2025,8,1,0,3,3.0,False,8214.0,160.0,2738.0,0
SECUNDERABAD_R_P_NILAYAM,initial greater-Hyderabad study area,TGSPDCL,SECUNDERABAD,SECUNDERABAD,LALBAZAR,R.P. NILAYAM,2025-09-01,2025,9,1,0,3,3.0,False,8542.0,160.0,2847.33,0
SECUNDERABAD_R_P_NILAYAM,initial greater-Hyderabad study area,TGSPDCL,SECUNDERABAD,SECUNDERABAD,LALBAZAR,R.P. NILAYAM,2025-10-01,2025,10,1,0,3,3.0,False,6995.0,160.0,2331.67,0
SECUNDERABAD_R_P_NILAYAM,initial greater-Hyderabad study area,TGSPDCL,SECUNDERABAD,SECUNDERABAD,LALBAZAR,R.P. NILAYAM,2025-11-01,2025,11,1,0,3,3.0,False,8604.0,160.0,2868.0,0
SECUNDERABAD_R_P_NILAYAM,initial greater-Hyderabad study area,TGSPDCL,SECUNDERABAD,SECUNDERABAD,LALBAZAR,R.P. NILAYAM,2025-12-01,2025,12,1,0,3,3.0,False,8210.0,160.0,2736.67,0
SECUNDERABAD_R_P_NILAYAM,initial greater-Hyderabad study area,TGSPDCL,SECUNDERABAD,SECUNDERABAD,LALBAZAR,R.P. NILAYAM,2026-01-01,2026,1,1,0,3,3.0,False,11754.0,160.0,3918.0,0
SECUNDERABAD_R_P_NILAYAM,initial greater-Hyderabad study area,TGSPDCL,SECUNDERABAD,SECUNDERABAD,LALBAZAR,R.P. NILAYAM,2026-02-01,2026,2,1,0,3,3.0,False,11729.0,160.0,3909.67,0
SECUNDERABAD_R_P_NILAYAM,initial greater-Hyderabad study area,TGSPDCL,SECUNDERABAD,SECUNDERABAD,LALBAZAR,R.P. NILAYAM,2026-03-01,2026,3,1,0,3,3.0,False,13600.0,160.0,4533.33,0
SECUNDERABAD_R_P_NILAYAM,initial greater-Hyderabad study area,TGSPDCL,SECUNDERABAD,SECUNDERABAD,LALBAZAR,R.P. NILAYAM,2026-04-01,2026,4,1,0,3,3.0,False,15723.0,160.0,5241.0,0
SECUNDERABAD_R_P_NILAYAM,initial greater-Hyderabad study area,TGSPDCL,SECUNDERABAD,SECUNDERABAD,LALBAZAR,R.P. NILAYAM,2026-05-01,2026,5,1,0,3,3.0,False,24815.0,160.0,8271.67,0
SECUNDERABAD_R_P_NILAYAM,initial greater-Hyderabad study area,TGSPDCL,SECUNDERABAD,SECUNDERABAD,LALBAZAR,R.P. NILAYAM,2026-06-01,2026,6,1,0,3,3.0,False,37570.0,160.0,12523.33,0
SECUNDERABAD_R_P_NILAYAM,initial greater-Hyderabad study area,TGSPDCL,SECUNDERABAD,SECUNDERABAD,LALBAZAR,R.P. NILAYAM,2026-07-01,2026,7,1,0,3,3.0,False,41583.0,160.0,13861.0,0
SECUNDERABAD_R_P_NILAYAM,initial greater-Hyderabad study area,TGSPDCL,SECUNDERABAD,SECUNDERABAD,LALBAZAR,R.P. NILAYAM,2026-08-01,2026,8,1,0,3,3.0,False,44864.0,283.6,14954.67,0
SECUNDERABAD_TARNAKA,initial greater-Hyderabad study area,TGSPDCL,SECUNDERABAD,PARADISE,PADMA RAO NAGAR,TARNAKA,2023-03-01,2023,3,1,1,1,,True,0.0,5.0,0.0,0
SECUNDERABAD_TARNAKA,initial greater-Hyderabad study area,TGSPDCL,SECUNDERABAD,PARADISE,PADMA RAO NAGAR,TARNAKA,2023-04-01,2023,4,1,0,1,1.0,False,375.0,5.0,375.0,0
SECUNDERABAD_TARNAKA,initial greater-Hyderabad study area,TGSPDCL,SECUNDERABAD,PARADISE,PADMA RAO NAGAR,TARNAKA,2023-05-01,2023,5,1,1,1,,True,0.0,10.0,0.0,1
SECUNDERABAD_TARNAKA,initial greater-Hyderabad study area,TGSPDCL,SECUNDERABAD,PARADISE,PADMA RAO NAGAR,TARNAKA,2023-06-01,2023,6,2,0,2,2.0,False,861.0,15.0,430.5,0
SECUNDERABAD_TARNAKA,initial greater-Hyderabad study area,TGSPDCL,SECUNDERABAD,PARADISE,PADMA RAO NAGAR,TARNAKA,2023-07-01,2023,7,2,1,2,2.0,False,373.0,15.0,186.5,0
SECUNDERABAD_TARNAKA,initial greater-Hyderabad study area,TGSPDCL,SECUNDERABAD,PARADISE,PADMA RAO NAGAR,TARNAKA,2023-08-01,2023,8,2,0,2,2.0,False,697.0,15.0,348.5,0
SECUNDERABAD_TARNAKA,initial greater-Hyderabad study area,TGSPDCL,SECUNDERABAD,PARADISE,PADMA RAO NAGAR,TARNAKA,2023-09-01,2023,9,2,0,2,2.0,False,1067.0,15.0,533.5,0
SECUNDERABAD_TARNAKA,initial greater-Hyderabad study area,TGSPDCL,SECUNDERABAD,PARADISE,PADMA RAO NAGAR,TARNAKA,2023-10-01,2023,10,2,0,2,2.0,False,1276.0,15.0,638.0,0
SECUNDERABAD_TARNAKA,initial greater-Hyderabad study area,TGSPDCL,SECUNDERABAD,PARADISE,PADMA RAO NAGAR,TARNAKA,2023-11-01,2023,11,2,0,2,2.0,False,1077.0,15.0,538.5,0
SECUNDERABAD_TARNAKA,initial greater-Hyderabad study area,TGSPDCL,SECUNDERABAD,PARADISE,PADMA RAO NAGAR,TARNAKA,2023-12-01,2023,12,2,0,2,2.0,False,1292.0,15.0,646.0,0
SECUNDERABAD_TARNAKA,initial greater-Hyderabad study area,TGSPDCL,SECUNDERABAD,PARADISE,PADMA RAO NAGAR,TARNAKA,2024-01-01,2024,1,3,0,3,3.0,False,1738.0,23.0,579.33,0
SECUNDERABAD_TARNAKA,initial greater-Hyderabad study area,TGSPDCL,SECUNDERABAD,PARADISE,PADMA RAO NAGAR,TARNAKA,2024-02-01,2024,2,4,0,4,4.0,False,1020.0,63.0,255.0,0
SECUNDERABAD_TARNAKA,initial greater-Hyderabad study area,TGSPDCL,SECUNDERABAD,PARADISE,PADMA RAO NAGAR,TARNAKA,2024-03-01,2024,3,4,0,4,4.0,False,1298.0,63.0,324.5,0
SECUNDERABAD_TARNAKA,initial greater-Hyderabad study area,TGSPDCL,SECUNDERABAD,PARADISE,PADMA RAO NAGAR,TARNAKA,2024-04-01,2024,4,4,0,4,4.0,False,2236.0,63.0,559.0,0
SECUNDERABAD_TARNAKA,initial greater-Hyderabad study area,TGSPDCL,SECUNDERABAD,PARADISE,PADMA RAO NAGAR,TARNAKA,2024-05-01,2024,5,4,0,4,4.0,False,5722.0,63.0,1430.5,0
SECUNDERABAD_TARNAKA,initial greater-Hyderabad study area,TGSPDCL,SECUNDERABAD,PARADISE,PADMA RAO NAGAR,TARNAKA,2024-06-01,2024,6,4,0,4,4.0,False,7384.0,63.0,1846.0,0
SECUNDERABAD_TARNAKA,initial greater-Hyderabad study area,TGSPDCL,SECUNDERABAD,PARADISE,PADMA RAO NAGAR,TARNAKA,2024-07-01,2024,7,4,0,4,4.0,False,7090.0,63.0,1772.5,0
SECUNDERABAD_TARNAKA,initial greater-Hyderabad study area,TGSPDCL,SECUNDERABAD,PARADISE,PADMA RAO NAGAR,TARNAKA,2024-08-01,2024,8,4,0,4,4.0,False,7661.0,63.0,1915.25,0
SECUNDERABAD_TARNAKA,initial greater-Hyderabad study area,TGSPDCL,SECUNDERABAD,PARADISE,PADMA RAO NAGAR,TARNAKA,2024-09-01,2024,9,4,0,4,4.0,False,11611.0,63.0,2902.75,0
SECUNDERABAD_TARNAKA,initial greater-Hyderabad study area,TGSPDCL,SECUNDERABAD,PARADISE,PADMA RAO NAGAR,TARNAKA,2024-10-01,2024,10,4,0,4,4.0,False,10408.0,63.0,2602.0,0
SECUNDERABAD_TARNAKA,initial greater-Hyderabad study area,TGSPDCL,SECUNDERABAD,PARADISE,PADMA RAO NAGAR,TARNAKA,2024-11-01,2024,11,4,0,4,4.0,False,12267.0,63.0,3066.75,0
SECUNDERABAD_TARNAKA,initial greater-Hyderabad study area,TGSPDCL,SECUNDERABAD,PARADISE,PADMA RAO NAGAR,TARNAKA,2024-12-01,2024,12,4,0,4,4.0,False,10256.0,63.0,2564.0,0
SECUNDERABAD_TARNAKA,initial greater-Hyderabad study area,TGSPDCL,SECUNDERABAD,PARADISE,PADMA RAO NAGAR,TARNAKA,2025-01-01,2025,1,4,0,5,4.0,False,15041.0,117.0,3008.2,0
SECUNDERABAD_TARNAKA,initial greater-Hyderabad study area,TGSPDCL,SECUNDERABAD,PARADISE,PADMA RAO NAGAR,TARNAKA,2025-02-01,2025,2,4,0,5,5.0,False,14154.0,117.0,2830.8,0
SECUNDERABAD_TARNAKA,initial greater-Hyderabad study area,TGSPDCL,SECUNDERABAD,PARADISE,PADMA RAO NAGAR,TARNAKA,2025-03-01,2025,3,4,0,5,5.0,False,15061.0,117.0,3012.2,0
SECUNDERABAD_TARNAKA,initial greater-Hyderabad study area,TGSPDCL,SECUNDERABAD,PARADISE,PADMA RAO NAGAR,TARNAKA,2025-04-01,2025,4,4,0,6,5.0,False,19492.0,188.0,3248.67,0
SECUNDERABAD_TARNAKA,initial greater-Hyderabad study area,TGSPDCL,SECUNDERABAD,PARADISE,PADMA RAO NAGAR,TARNAKA,2025-05-01,2025,5,4,0,7,6.0,False,18348.0,242.0,2621.14,0
SECUNDERABAD_TARNAKA,initial greater-Hyderabad study area,TGSPDCL,SECUNDERABAD,PARADISE,PADMA RAO NAGAR,TARNAKA,2025-06-01,2025,6,4,0,7,7.0,False,22633.0,259.0,3233.29,0
SECUNDERABAD_TARNAKA,initial greater-Hyderabad study area,TGSPDCL,SECUNDERABAD,PARADISE,PADMA RAO NAGAR,TARNAKA,2025-07-01,2025,7,4,0,7,7.0,False,23260.0,259.0,3322.86,0
SECUNDERABAD_TARNAKA,initial greater-Hyderabad study area,TGSPDCL,SECUNDERABAD,PARADISE,PADMA RAO NAGAR,TARNAKA,2025-08-01,2025,8,4,0,7,7.0,False,21387.0,259.0,3055.29,0
SECUNDERABAD_TARNAKA,initial greater-Hyderabad study area,TGSPDCL,SECUNDERABAD,PARADISE,PADMA RAO NAGAR,TARNAKA,2025-09-01,2025,9,4,0,7,7.0,False,22986.0,259.0,3283.71,0
SECUNDERABAD_TARNAKA,initial greater-Hyderabad study area,TGSPDCL,SECUNDERABAD,PARADISE,PADMA RAO NAGAR,TARNAKA,2025-10-01,2025,10,4,0,7,7.0,False,23905.0,259.0,3415.0,0
SECUNDERABAD_TARNAKA,initial greater-Hyderabad study area,TGSPDCL,SECUNDERABAD,PARADISE,PADMA RAO NAGAR,TARNAKA,2025-11-01,2025,11,4,0,7,7.0,False,25126.0,259.0,3589.43,0
SECUNDERABAD_TARNAKA,initial greater-Hyderabad study area,TGSPDCL,SECUNDERABAD,PARADISE,PADMA RAO NAGAR,TARNAKA,2025-12-01,2025,12,3,0,6,6.0,False,26241.0,254.0,4373.5,1
SECUNDERABAD_TARNAKA,initial greater-Hyderabad study area,TGSPDCL,SECUNDERABAD,PARADISE,PADMA RAO NAGAR,TARNAKA,2026-01-01,2026,1,4,0,7,7.0,False,30559.0,259.0,4365.57,0
SECUNDERABAD_TARNAKA,initial greater-Hyderabad study area,TGSPDCL,SECUNDERABAD,PARADISE,PADMA RAO NAGAR,TARNAKA,2026-02-01,2026,2,4,0,7,7.0,False,35103.0,259.0,5014.71,0
SECUNDERABAD_TARNAKA,initial greater-Hyderabad study area,TGSPDCL,SECUNDERABAD,PARADISE,PADMA RAO NAGAR,TARNAKA,2026-03-01,2026,3,4,0,7,7.0,False,38756.0,259.0,5536.57,0
SECUNDERABAD_TARNAKA,initial greater-Hyderabad study area,TGSPDCL,SECUNDERABAD,PARADISE,PADMA RAO NAGAR,TARNAKA,2026-04-01,2026,4,4,0,7,7.0,False,51011.0,259.0,7287.29,0
SECUNDERABAD_TARNAKA,initial greater-Hyderabad study area,TGSPDCL,SECUNDERABAD,PARADISE,PADMA RAO NAGAR,TARNAKA,2026-05-01,2026,5,4,0,7,7.0,False,62227.0,328.0,8889.57,0
SECUNDERABAD_TARNAKA,initial greater-Hyderabad study area,TGSPDCL,SECUNDERABAD,PARADISE,PADMA RAO NAGAR,TARNAKA,2026-06-01,2026,6,4,0,7,7.0,False,70554.0,328.0,10079.14,0
SECUNDERABAD_TARNAKA,initial greater-Hyderabad study area,TGSPDCL,SECUNDERABAD,PARADISE,PADMA RAO NAGAR,TARNAKA,2026-07-01,2026,7,4,0,7,7.0,False,60337.0,328.0,8619.57,0
SECUNDERABAD_TARNAKA,initial greater-Hyderabad study area,TGSPDCL,SECUNDERABAD,PARADISE,PADMA RAO NAGAR,TARNAKA,2026-08-01,2026,8,4,0,7,7.0,False,63987.0,328.0,9141.0,0
