section_id,circle,division,subdivision,section,geocode_status,lat,lon,review_priority,flags,note,km_from_circle_centre,km_from_division_centre,query_used,alias_used,osm_name,osm_category,osm_type,osm_place_rank,n_candidates,other_candidates,flag_not_found,flag_outside_greater_hyderabad,flag_far_from_circle,flag_far_from_division,flag_too_vague,flag_shares_coordinates,flag_matched_a_building_or_road
CYBERCITY_CHEVELLA,CYBERCITY,IBRAHIMBAGH,CHEVELLA,CHEVELLA,found,17.3062296,78.1370079,1_check_first,far_from_circle; far_from_division; too_vague,,29.7,27.2,"Chevella, Telangana",False,"Chevella mandal, Ranga Reddy, Telangana, 501503, India",boundary,administrative,12.0,1.0,[],False,False,True,True,True,False,False
CYBERCITY_CHILKUR,CYBERCITY,IBRAHIMBAGH,MOKILA,CHILKUR,found,17.4577733,78.3710193,1_check_first,far_from_division; matched_a_building_or_road,,0.8,20.8,"Chilkur, Hyderabad, Telangana",False,"Chilkur Balaji Food Court, HITEC City–Kondapur Main Road, jubilee gardens, Kondapur, Ward 107 Madhapur, Greater Hyderabad Municipal Corporation West Zone, Hyderabad, Serilingampalle mandal, Ranga Reddy, Telangana, 500084, India",amenity,food_court,30.0,1.0,[],False,False,False,True,False,False,True
CYBERCITY_IBRAHIMBAGH,CYBERCITY,IBRAHIMBAGH,IBRAHIMBAG,IBRAHIMBAGH,found,17.3767677,78.381442,1_check_first,far_from_division; matched_a_building_or_road,,9.1,21.2,"Ibrahimbagh, Hyderabad, Telangana",False,"Ibrahimbagh Road, Ward 66 Langar Houz, Greater Hyderabad Municipal Corporation Central Zone, Hyderabad, Gandipet mandal, Ranga Reddy, Telangana, 500031, India",highway,residential,26.0,1.0,[],False,False,False,True,False,False,True
CYBERCITY_NARSINGI,CYBERCITY,IBRAHIMBAGH,IBRAHIMBAG,NARSINGI,found,17.3915187,78.3598924,1_check_first,far_from_division,,7.4,18.6,"Narsingi, Telangana",False,"Narsingi, Manchirevula, Gandipet mandal, Ranga Reddy, Telangana, 500089, India",place,suburb,19.0,1.0,[],False,False,False,True,False,False,False
HABSIGUDA_CHERLAPALLY_I,HABSIGUDA,SAINIKPURI,CHERLAPALLY,CHERLAPALLY-I,found,17.4687455,78.6024858,1_check_first,shares_coordinates,,4.8,5.6,"Cherlapally-I, Hyderabad, Telangana",False,"Cherlapally, Ward 3 Cherlapally, Greater Hyderabad Municipal Corporation East Zone, Hyderabad, Kapra mandal, Medchal–Malkajgiri, Telangana, 500083, India",place,suburb,19.0,1.0,[],False,False,False,False,False,True,False
HABSIGUDA_CHERLAPALLY_II,HABSIGUDA,SAINIKPURI,CHERLAPALLY,CHERLAPALLY-II,found,17.4687455,78.6024858,1_check_first,shares_coordinates,,4.8,5.6,"Cherlapally-Ii, Hyderabad, Telangana",False,"Cherlapally, Ward 3 Cherlapally, Greater Hyderabad Municipal Corporation East Zone, Hyderabad, Kapra mandal, Medchal–Malkajgiri, Telangana, 500083, India",place,suburb,19.0,1.0,[],False,False,False,False,False,True,False
HABSIGUDA_GHATKESAR,HABSIGUDA,KEESARA,GHATKESAR,GHATKESAR,found,17.4510837,78.6843022,1_check_first,too_vague,,13.1,8.0,"Ghatkesar, Telangana",False,"Ghatkesar mandal, Medchal–Malkajgiri, Telangana, India",boundary,administrative,12.0,1.0,[],False,False,False,False,True,False,False
HABSIGUDA_UPPAL_BAGAYATH,HABSIGUDA,HABSIGUDA,UPPAL,UPPAL BAGAYATH,not_found,,,1_check_first,not_found,,,,,False,,,,,,,True,False,False,False,False,False,False
HYDERABAD_CENTRAL_SHANKARMUTT,HYDERABAD CENTRAL,AZAMABAD,BARKATPURA,SHANKARMUTT,not_found,,,1_check_first,not_found,,,,,False,,,,,,,True,False,False,False,False,False,False
HYDERABAD_CENTRAL_SURYANAGAR,HYDERABAD CENTRAL,MEHDIPATNAM,MEHDIPATNAM,SURYANAGAR,found,17.3933139,78.5610005,1_check_first,far_from_division; matched_a_building_or_road,,10.1,15.6,"Suryanagar, Hyderabad",False,"SuryaNagar Colony Road, Saraswati Colony, Ward 10 Uppal, Greater Hyderabad Municipal Corporation East Zone, Hyderabad, Uppal mandal, Medchal–Malkajgiri, Telangana, 500060, India",highway,secondary,26.0,3.0,"[{""score"": 12.13, ""km_from_expected"": 9.13, ""query"": ""Suryanagar, Hyderabad"", ""lat"": 17.399865, ""lon"": 78.5631254, ""name"": ""SuryaNagar Colony Road, Laxma Reddy Colony, Ward 10 Uppal, Greater Hyderabad Municipal Corporation East Zone, Hyderabad, Uppal mandal, Medchal\u2013Malkajgiri, Telangana, 500039, India"", ""category"": ""highway"", ""type"": ""secondary"", ""place_rank"": 26}, {""score"": 14.56, ""km_from_expected"": 11.56, ""query"": ""Suryanagar, Hyderabad"", ""lat"": 17.444727, ""lon"": 78.5773972, ""name"": ""Suryanagar, FCI Godown Road, Chandrapuri Colony, Ward 5 Mallapur, Greater Hyderabad Municipal Corporation East Zone, Hyderabad, Uppal mandal, Medchal\u2013Malkajgiri, Telangana, 500076, India"", ""category"": ""amenity"", ""type"": ""childcare"", ""place_rank"": 30}, {""score"": 15.81, ""km_from_expected"": 12.81, ""query"": ""Suryanagar, Hyderabad"", ""lat"": 17.5158639, ""lon"": 78.506077, ""name"": ""Suryanagar (ward no-23), Surya Nagar Colony Road, Macha Bolarum, Bolarum, Ward 133 Macha Bolarum, Greater Hyderabad Municipal Corporation North Zone, Hyderabad, Alwal mandal, Medchal\u2013Malkajgiri, Telangana, 500100, India"", ""category"": ""amenity"", ""type"": ""childcare"", ""place_rank"": 30}]",False,False,False,True,False,False,True
HYDERABAD_SOUTH_DATTATREYA_COLONY,HYDERABAD SOUTH,BEGUM BAZAR,SEETHARAM BAGH,DATTATREYA COLONY,found,17.5110985,78.4052903,1_check_first,far_from_circle; far_from_division,,18.4,16.3,"Dattatreya Colony, Hyderabad, Telangana",False,"Dattatreya Colony, Gajularamaram, Ward 124 Alwyn Colony, Greater Hyderabad Municipal Corporation West Zone, Hyderabad, Quthbullapur mandal, Medchal–Malkajgiri, Telangana, 501002, India",place,neighbourhood,24.0,1.0,[],False,False,True,True,False,False,False
HYDERABAD_SOUTH_PUTLI_BOWLI,HYDERABAD SOUTH,BEGUM BAZAR,TROOP BAZAR,PUTLI BOWLI,not_found,,,1_check_first,not_found,,,,,False,,,,,,,True,False,False,False,False,False,False
HYDERABAD_SOUTH_SAIDABAD,HYDERABAD SOUTH,ASMANGADH,ASMANGADH,SAIDABAD,found,17.359533,78.5147979,1_check_first,too_vague,,4.2,1.3,"Saidabad, Hyderabad, Telangana",False,"Saidabad mandal, Hyderabad, Telangana, 500059, India",boundary,administrative,12.0,1.0,[],False,False,False,False,True,False,False
MEDCHAL_ALIABAD,MEDCHAL,MEDCHAL,SHAMEERPET,ALIABAD,found,17.34563,78.4726799,1_check_first,far_from_circle; far_from_division,,20.4,21.5,"Aliabad, Hyderabad, Telangana",False,"Aliabad, Ward 48 Shah Ali Banda, Greater Hyderabad Municipal Corporation South Zone, Hyderabad, Bahadurpura mandal, Hyderabad, Telangana, 500065, India",place,suburb,19.0,1.0,[],False,False,True,True,False,False,False
MEDCHAL_MEDCHAL_RURAL,MEDCHAL,MEDCHAL,MEDCHAL,MEDCHAL RURAL,found,17.5381982,78.4009122,1_check_first,shares_coordinates; matched_a_building_or_road,,3.1,7.7,"Medchal, Hyderabad, Telangana",True,"Telangana Weaker Section Apartments - Dignity Homes, Ward 125 Gajularamaram, Greater Hyderabad Municipal Corporation North Zone, Hyderabad, Quthbullapur mandal, Medchal–Malkajgiri, Telangana, India",landuse,residential,24.0,3.0,"[{""name"": ""TS Grammar High School, Srinivaspuram, Ramanthapur, Opposite T.V. Studio Lane, Hyderabad, Telangana 500013, Street Number 3, Srinivasapuram Colony, Ward 8 Habsiguda, Greater Hyderabad Municipal Corporation East Zone, Hyderabad, Uppal mandal, Medchal\u2013Malkajgiri, Telangana, 500013, India"", ""lat"": ""17.3875962"", ""lon"": ""78.5309909""}, {""name"": ""Vaishnavi Olympiad School, Ganesh Nagar, Ramanthapur, Amberpet, Hyderabad, Telangana 500013, 2nd Cross B Road, Gokhale Nagar, Ward 8 Habsiguda, Greater Hyderabad Municipal Corporation East Zone, Hyderabad, Uppal mandal, Medchal\u2013Malkajgiri, Telangana, 500013, India"", ""lat"": ""17.3953573"", ""lon"": ""78.5305516""}]",False,False,False,False,False,True,True
MEDCHAL_MEDCHAL_TOWN,MEDCHAL,MEDCHAL,MEDCHAL,MEDCHAL TOWN,found,17.5381982,78.4009122,1_check_first,shares_coordinates; matched_a_building_or_road,,3.1,7.7,"Medchal, Hyderabad, Telangana",True,"Telangana Weaker Section Apartments - Dignity Homes, Ward 125 Gajularamaram, Greater Hyderabad Municipal Corporation North Zone, Hyderabad, Quthbullapur mandal, Medchal–Malkajgiri, Telangana, India",landuse,residential,24.0,3.0,"[{""name"": ""TS Grammar High School, Srinivaspuram, Ramanthapur, Opposite T.V. Studio Lane, Hyderabad, Telangana 500013, Street Number 3, Srinivasapuram Colony, Ward 8 Habsiguda, Greater Hyderabad Municipal Corporation East Zone, Hyderabad, Uppal mandal, Medchal\u2013Malkajgiri, Telangana, 500013, India"", ""lat"": ""17.3875962"", ""lon"": ""78.5309909""}, {""name"": ""Vaishnavi Olympiad School, Ganesh Nagar, Ramanthapur, Amberpet, Hyderabad, Telangana 500013, 2nd Cross B Road, Gokhale Nagar, Ward 8 Habsiguda, Greater Hyderabad Municipal Corporation East Zone, Hyderabad, Uppal mandal, Medchal\u2013Malkajgiri, Telangana, 500013, India"", ""lat"": ""17.3953573"", ""lon"": ""78.5305516""}]",False,False,False,False,False,True,True
MEDCHAL_SHAMEERPET,MEDCHAL,MEDCHAL,SHAMEERPET,SHAMEERPET,found,17.5944116,78.5749818,1_check_first,far_from_circle; far_from_division; matched_a_building_or_road,,19.5,14.2,"Shameerpet, Telangana",False,"Shameerpet-I, SH1, Upparapalle, Shamirpet mandal, Medchal–Malkajgiri, Telangana, 500078, India",amenity,childcare,30.0,3.0,"[{""name"": ""Shameerpet-III, SH1, Upparapalle, Shamirpet mandal, Medchal\u2013Malkajgiri, Telangana, 500078, India"", ""lat"": ""17.5945227"", ""lon"": ""78.5710755""}, {""name"": ""Shameerpet 2, NH365B, Bachannapet, Jangoan mandal, Jangaon, Telangana, 506221, India"", ""lat"": ""17.7364666"", ""lon"": ""79.1360758""}]",False,False,True,True,False,False,True
RAJENDRA_NAGAR_HIMAYAT_SAGAR,RAJENDRA NAGAR,RAJENDRA NAGAR,RAJENDRANAGAR,HIMAYAT SAGAR,found,17.3135573,78.3572056,1_check_first,far_from_division; matched_a_building_or_road,,9.1,8.5,"Himayat Sagar, Telangana",False,"Himayat Sagar, Nagireddyguda, Moinabad mandal, Ranga Reddy, Telangana, 500058, India",water,lake,20.0,2.0,"[{""name"": ""Himayat Sagar, Moinabad mandal, Ranga Reddy, Telangana, India"", ""lat"": ""17.2822726"", ""lon"": ""78.3612566""}]",False,False,False,True,False,False,True
RAJENDRA_NAGAR_MAHESHWARAM,RAJENDRA NAGAR,KANDUKUR,MAMIDIPALLY,MAHESHWARAM,found,17.3158544,78.4828417,1_check_first,far_from_division,,5.0,28.0,"Maheshwaram, Hyderabad, Telangana",False,"Maheshwaram Lines, Ward 42 Barkas, Greater Hyderabad Municipal Corporation South Zone, Hyderabad, Bandlaguda mandal, Hyderabad, Telangana, 500005, India",place,neighbourhood,24.0,1.0,[],False,False,False,True,False,False,False
RAJENDRA_NAGAR_NANDIGAMA,RAJENDRA NAGAR,SHADNAGAR,KOTHUR,NANDIGAMA,found,17.1174082,78.2486496,1_check_first,far_from_circle; matched_a_building_or_road,,29.4,0.5,"Nandigama, Hyderabad, Telangana",False,"Nandigama police station, Old NH 7 Hyderabad Road, Mohinuddin Guda (U.I), Chandrayanguda, Nandigama mandal, Ranga Reddy, Telangana, 509216, India",amenity,police,30.0,1.0,[],False,False,True,False,False,False,True
RAJENDRA_NAGAR_PAHADISHARIFF,RAJENDRA NAGAR,KANDUKUR,MAMIDIPALLY,PAHADISHARIFF,found,17.2677334,78.4715471,1_check_first,far_from_division,,5.5,22.8,"Pahadi Shareef, Telangana",True,"Pahadi Shareef Dargah, Pahadi Sharif, Balapur mandal, Ranga Reddy, Telangana, India",place,locality,25.0,2.0,"[{""name"": ""SubCentre, Pahadi Shareef, Pahadi Shareef, Balapur mandal, Ranga Reddy, Telangana, 500005, India"", ""lat"": ""17.2711602"", ""lon"": ""78.4725134""}]",False,False,False,True,False,False,False
RAJENDRA_NAGAR_SHADNAGAR_RURAL,RAJENDRA NAGAR,SHADNAGAR,SHADNAGAR,SHADNAGAR RURAL,found,17.0943572,78.2091059,1_check_first,far_from_circle; matched_a_building_or_road,,34.1,7.7,"Shadnagar, Hyderabad, Telangana",True,"Shadnagar Sub Station, Old NH 7 Hyderabad Road, Shadnagar, Farooqnagar mandal, Ranga Reddy, Telangana, 509216, India",building,substation,30.0,3.0,"[{""name"": ""Shadnagar 14, Old NH 7 Hyderabad Road, Shadnagar, Farooqnagar mandal, Ranga Reddy, Telangana, 509216, India"", ""lat"": ""17.0784896"", ""lon"": ""78.2031982""}, {""name"": ""SubCentre, Shadnagar(A), Old NH 7 Hyderabad Road, Shadnagar, Farooqnagar mandal, Ranga Reddy, Telangana, 509216, India"", ""lat"": ""17.0713335"", ""lon"": ""78.2051843""}]",False,False,True,False,False,False,True
RAJENDRA_NAGAR_SHAPOOR,RAJENDRA NAGAR,RAJENDRA NAGAR,SHAMSHABAD,SHAPOOR,found,18.0061198,77.6222813,1_check_first,outside_greater_hyderabad; far_from_circle; far_from_division; matched_a_building_or_road,,117.0,115.2,"Shapoor, Telangana",False,"Shapoor, Nagalgidda mandal, Sangareddy, Telangana, India",amenity,childcare,30.0,1.0,[],False,True,True,True,False,False,True
SAROORNAGAR_ABDULLAPURMET,SAROORNAGAR,IBRAHIMPATNAM,TURKAYAMJAL,ABDULLAPURMET,found,17.3209561,78.6929681,1_check_first,far_from_division; too_vague,,14.6,15.2,"Abdullapurmet, Telangana",False,"Abdullapurmet mandal, Ranga Reddy, Telangana, India",boundary,administrative,12.0,3.0,"[{""name"": ""Abdullapurmet lake, Balijaguda, Abdullapurmet mandal, Ranga Reddy, Telangana, India"", ""lat"": ""17.3194891"", ""lon"": ""78.6844552""}, {""name"": ""Abdullapurmet Lake, Laskerguda, Abdullapurmet mandal, Ranga Reddy, Telangana, 501512, India"", ""lat"": ""17.3062228"", ""lon"": ""78.6936274""}]",False,False,False,True,True,False,False
SAROORNAGAR_ADIBATLA,SAROORNAGAR,IBRAHIMPATNAM,IBRAHIMPATNAM,ADIBATLA,found,17.230899,78.5558997,1_check_first,far_from_division; matched_a_building_or_road,,11.1,12.6,"Adibatla, Telangana",False,"Adibatla-2, Outer Ring Road, Bongulur, Ibrahimpatnam mandal, Ranga Reddy, Telangana, 501510, India",amenity,childcare,30.0,1.0,[],False,False,False,True,False,False,True
SAROORNAGAR_INJAPUR,SAROORNAGAR,IBRAHIMPATNAM,TURKAYAMJAL,INJAPUR,found,17.2994314,78.5852848,1_check_first,far_from_division,,4.7,10.3,Injapur,False,"Injapur, Abdullapurmet mandal, Ranga Reddy, Telangana, 501511, India",place,suburb,19.0,3.0,"[{""score"": 9.15, ""km_from_expected"": 6.15, ""query"": ""Injapur, Hyderabad"", ""lat"": 17.2994798, ""lon"": 78.5820956, ""name"": ""Injapur Bus Stop, Hyderabad - Nagarjuna Sagar Road, Teachers Colony, Gurramguda, Greater Hyderabad Municipal Corporation East Zone, Hyderabad, Balapur mandal, Ranga Reddy, Telangana, 501510, India"", ""category"": ""amenity"", ""type"": ""bus_station"", ""place_rank"": 30}, {""score"": 9.24, ""km_from_expected"": 6.24, ""query"": ""Injapur, Hyderabad"", ""lat"": 17.298741, ""lon"": 78.582542, ""name"": ""Injapur Bus Stop (Sagar Ring Road side), Hyderabad - Nagarjuna Sagar Road, Teachers Colony, Gurramguda, Greater Hyderabad Municipal Corporation East Zone, Hyderabad, Balapur mandal, Ranga Reddy, Telangana, 501510, India"", ""category"": ""amenity"", ""type"": ""bus_station"", ""place_rank"": 30}, {""score"": 9.5, ""km_from_expected"": 6.5, ""query"": ""Injapur, Hyderabad"", ""lat"": 17.3055148, ""lon"": 78.5934992, ""name"": ""Injapur - II, Bank Colony Road, Hayathnagar mandal, Greater Hyderabad Municipal Corporation East Zone, Hyderabad, Ranga Reddy, Telangana, 500070, India"", ""category"": ""amenity"", ""type"": ""childcare"", ""place_rank"": 30}, {""score"": 17.59, ""km_from_expected"": 9.59, ""query"": ""Injapur, Hyderabad"", ""lat"": 17.2673195, ""lon"": 78.5894413, ""name"": ""Hyderabad - Nagarjuna Sagar Road, Injapur, Abdullapurmet mandal, Ranga Reddy, Telangana, 501511, India"", ""category"": ""highway"", ""type"": ""primary"", ""place_rank"": 26}]",False,False,False,True,False,False,False
SAROORNAGAR_PEDDA_AMBERPET,SAROORNAGAR,SAROORNAGAR,HAYATHNAGAR,PEDDA AMBERPET,found,17.3172848,78.6384505,1_check_first,far_from_division; matched_a_building_or_road,,8.9,9.3,"Pedda Amberpet, Hyderabad, Telangana",False,"Pedda Amberpet - IV, Vijaywada Highway, Abdullapurmet mandal, Ranga Reddy, Telangana, 501505, India",amenity,childcare,30.0,1.0,[],False,False,False,True,False,False,True
SAROORNAGAR_TURKAYAMZAL,SAROORNAGAR,IBRAHIMPATNAM,TURKAYAMJAL,TURKAYAMZAL,not_found,,,1_check_first,not_found,,,,,False,,,,,,,True,False,False,False,False,False,False
SECUNDERABAD_RANGA_REDDY_NAGAR,SECUNDERABAD,BOWENPALLY,RR NAGAR,RANGA REDDY NAGAR,found,17.3262463,78.4094032,1_check_first,far_from_circle; far_from_division; matched_a_building_or_road,,18.3,16.5,"Ranga Reddy Nagar, Hyderabad, Telangana",False,"P.V. Narsimha Rao Telangana Veterinary University Administrative Office, Rajendra nagar road, Bansilal Nagar, Budvel, Ward 60 Rajendra Nagar, Greater Hyderabad Municipal Corporation South Zone, Hyderabad, Rajendranagar mandal, Ranga Reddy, Telangana, 500030, India",amenity,university,30.0,3.0,"[{""name"": ""17, Jayabheri Pine Valley (Lane Adjacent to Care hospital),Gachibowli, Jayabheri Pine Valley, Gachibowli, Hyderabad, Telangana 500032, Telecom Nagar, Khajaguda, Greater Hyderabad Municipal Corporation West Zone, Hyderabad, Serilingampalle mandal, Ranga Reddy, Telangana, 500104, India"", ""lat"": ""17.4304064"", ""lon"": ""78.3707079""}, {""name"": ""simply telangana, LB Nagar Service Road, NTR Nagar, Ward 20 RK Puram, Greater Hyderabad Municipal Corporation East Zone, Hyderabad, Saroornagar mandal, Ranga Reddy, Telangana, 500102, India"", ""lat"": ""17.3590224"", ""lon"": ""78.5450699""}]",False,False,True,True,False,False,True
BANJARA_HILLS_BORABANDA,BANJARA HILLS,GREEN LANDS,SANATH NAGAR,BORABANDA,found,17.4590687,78.4078664,2_check_if_time,matched_a_building_or_road,,3.7,4.1,"Borabanda, Hyderabad, Telangana",False,"Borabanda, Borabanda Railway station road, Allapur, Ward 116 Allapur, Greater Hyderabad Municipal Corporation West Zone, Hyderabad, Kukatpally mandal, Medchal–Malkajgiri, Telangana, 800081, India",railway,station,30.0,2.0,"[{""name"": ""Borabanda, Ward 103 Borabanda, Greater Hyderabad Municipal Corporation Central Zone, Hyderabad, Balanagar mandal, Medchal\u2013Malkajgiri, Telangana, 500018, India"", ""lat"": ""17.4516700"", ""lon"": ""78.4154210""}]",False,False,False,False,False,False,True
BANJARA_HILLS_GREENLANDS,BANJARA HILLS,GREEN LANDS,GREENLANDS,GREENLANDS,found,17.4333179,78.4559618,2_check_if_time,matched_a_building_or_road,,3.1,2.7,"Greenlands, Hyderabad, Telangana",False,"Greenlands Road, Kundanbagh, Ameerpet, Ward 98 Ameerpet, Greater Hyderabad Municipal Corporation Central Zone, Hyderabad, Ameerpet mandal, Hyderabad, Telangana, 500016, India",highway,primary,26.0,3.0,"[{""name"": ""Greenlands Road, Nishat Bagh Colony, Somajiguda, Ward 97 Somajiguda, Greater Hyderabad Municipal Corporation Central Zone, Hyderabad, Khairatabad mandal, Hyderabad, Telangana, 500016, India"", ""lat"": ""17.4337701"", ""lon"": ""78.4555770""}, {""name"": ""Greenlands Road, Nishat Bagh Colony, Somajiguda, Ward 97 Somajiguda, Greater Hyderabad Municipal Corporation Central Zone, Hyderabad, Khairatabad mandal, Hyderabad, Telangana, 500082, India"", ""lat"": ""17.4303015"", ""lon"": ""78.4560806""}]",False,False,False,False,False,False,True
BANJARA_HILLS_MOTHI_NAGAR,BANJARA HILLS,GREEN LANDS,SANATH NAGAR,MOTHI NAGAR,found,17.4540242,78.4259114,2_check_if_time,matched_a_building_or_road,,2.0,2.1,"Mothi Nagar, Hyderabad, Telangana",False,"don bosco school, Erragadda, Mothi Nagar, Borabanda Mothinagar road, Panduranga Rao Colony, Moosapet, Ward 101 Erragadda, Greater Hyderabad Municipal Corporation Central Zone, Hyderabad, Balanagar mandal, Medchal–Malkajgiri, Telangana, 500018, India",office,educational_institution,30.0,2.0,"[{""name"": ""Mothi Nagar Community Hall, Moti Nagar Main road, Panduranga Rao Colony, Moosapet, Ward 117 Moosapet, Greater Hyderabad Municipal Corporation West Zone, Hyderabad, Balanagar mandal, Medchal\u2013Malkajgiri, Telangana, 500018, India"", ""lat"": ""17.4547202"", ""lon"": ""78.4229318""}]",False,False,False,False,False,False,True
BANJARA_HILLS_SANATHNAGAR,BANJARA HILLS,GREEN LANDS,SANATH NAGAR,SANATHNAGAR,found,17.4569654,78.4434781,2_check_if_time,matched_a_building_or_road,,2.6,1.1,"Sanathnagar, Hyderabad, Telangana",False,"Sanathnagar Industrial Estate Park, Sanath Nagar, Ward 100 Sanath Nagar, Greater Hyderabad Municipal Corporation Central Zone, Hyderabad, Balanagar mandal, Medchal–Malkajgiri, Telangana, India",leisure,park,24.0,2.0,"[{""name"": ""Sanathnagar Swimming Pool, SRT, Ward 100 Sanath Nagar, Fateh Nagar, Sanath Nagar, Ward 100 Sanath Nagar, Greater Hyderabad Municipal Corporation Central Zone, Hyderabad, Balanagar mandal, Medchal\u2013Malkajgiri, Telangana, 500042, India"", ""lat"": ""17.4542182"", ""lon"": ""78.4454956""}]",False,False,False,False,False,False,True
BANJARA_HILLS_SANJEEV_REDDY_NAGAR,BANJARA HILLS,GREEN LANDS,GREENLANDS,SANJEEV REDDY NAGAR,found,17.4400655,78.4456034,2_check_if_time,matched_a_building_or_road,,1.9,1.4,"Sanjeev Reddy Nagar, Hyderabad, Telangana",False,"Sanjeev Reddy Nagar Police Station, Street 6, Srinivas Nagar, SR Nagar, Ward 98 Ameerpet, Greater Hyderabad Municipal Corporation Central Zone, Hyderabad, Ameerpet mandal, Hyderabad, Telangana, 500038, India",amenity,police,30.0,1.0,[],False,False,False,False,False,False,True
BANJARA_HILLS_YELLA_REDDY_GUDA,BANJARA HILLS,BANJARA HILLS,AMEERPET,YELLA REDDY GUDA,found,17.4349108,78.4378621,2_check_if_time,matched_a_building_or_road,,1.2,2.2,"Yella Reddy Guda, Hyderabad, Telangana",False,"Global kids international school, Jaya Prakash Nagar, Imam Guda, Padala Ramareddy Colony, Yella Reddy Guda, Hyderabad, Telangana 500073, Jayaprakashnagar, Padala Ramareddy Colony, Ward 96 Yousufguda, Greater Hyderabad Municipal Corporation Central Zone, Hyderabad, Khairatabad mandal, Hyderabad, Telangana, 500073, India",amenity,university,30.0,2.0,"[{""name"": ""Radiant High School, Sai Srinivasa Residency, opposite, Yella Reddy Guda Rd, Behind P.R.R.Law College, Imam Guda, Yella Reddy Guda, Hyderabad, Telangana 500073, Jayaprakashnagar, Padala Ramareddy Colony, Ward 96 Yousufguda, Greater Hyderabad Municipal Corporation Central Zone, Hyderabad, Khairatabad mandal, Hyderabad, Telangana, 500073, India"", ""lat"": ""17.4348241"", ""lon"": ""78.4396290""}]",False,False,False,False,False,False,True
CYBERCITY_CHANDA_NAGAR,CYBERCITY,GACHIBOWLI,CHANDA NAGAR,CHANDA NAGAR,found,17.4534764,78.3943669,2_check_if_time,matched_a_building_or_road,,3.3,5.6,"Chanda Nagar, Hyderabad, Telangana",False,"FinTown, 2 nd floor plot no-658, Survey of India Colony Chanda Naik Nagar, HITEC City, Ward 107 Madhapur, Greater Hyderabad Municipal Corporation West Zone, Hyderabad, Serilingampalle mandal, Ranga Reddy, Telangana, 500081, India",landuse,commercial,24.0,3.0,"[{""name"": ""Chanda Nagar Police Station, Chandanagar - RC Puram BHEL Rd Mumbai Highway, Gowtami Nagar Colony, Ward 110 Chandanagar, Greater Hyderabad Municipal Corporation West Zone, Hyderabad, Serilingampalle mandal, Ranga Reddy, Telangana, 500050, India"", ""lat"": ""17.4962433"", ""lon"": ""78.3249086""}, {""name"": ""sharada vidyaniketan, 1764, Papireddy Nagar, Chanda Nagar, Hyderabad, Telangana 500050, Diamonds block walkway, Aarambh Township, Chandanagar, Lingampally, Greater Hyderabad Municipal Corporation West Zone, Hyderabad, Serilingampalle mandal, Ranga Reddy, Telangana, 500019, India"", ""lat"": ""17.4832930"", ""lon"": ""78.3300281""}]",False,False,False,False,False,False,True
CYBERCITY_MOKILA,CYBERCITY,IBRAHIMBAGH,MOKILA,MOKILA,found,17.4263216,78.1880987,2_check_if_time,far_from_circle; far_from_division,far from neighbours but matched a real town/village of that name - probably an outlying section,19.4,18.6,"Mokila, Telangana",False,"Mokila, Shankarpalle mandal, Ranga Reddy, Telangana, India",place,village,19.0,1.0,[],False,False,True,True,False,False,False
CYBERCITY_SHANKAR_PALLY,CYBERCITY,IBRAHIMBAGH,MOKILA,SHANKAR PALLY,found,17.4531904,78.1320742,2_check_if_time,far_from_circle; far_from_division,far from neighbours but matched a real town/village of that name - probably an outlying section,25.1,25.1,Shankarpalli,True,"Shankarpalli, Shankarpalle mandal, Ranga Reddy, Telangana, 502201, India",place,village,19.0,,"[{""score"": 27.9, ""km_from_expected"": 24.9, ""query"": ""Shankarpally"", ""lat"": 17.455813, ""lon"": 78.1311217, ""name"": ""Bus stand SHANKARPALLY, Brahmagupta Road, Shankarpalli, Shankarpalle mandal, Ranga Reddy, Telangana, 502201, India"", ""category"": ""amenity"", ""type"": ""bus_station"", ""place_rank"": 30}, {""score"": 27.95, ""km_from_expected"": 24.95, ""query"": ""Shankarpalli"", ""lat"": 17.4505553, ""lon"": 78.1307931, ""name"": ""Shankarpalli, Shankarpalli Road, Shankarpalli, Shankarpalle mandal, Ranga Reddy, Telangana, 502201, India"", ""category"": ""railway"", ""type"": ""station"", ""place_rank"": 30}, {""score"": 32.92, ""km_from_expected"": 24.92, ""query"": ""Shankarpally"", ""lat"": 17.4567289, ""lon"": 78.1310146, ""name"": ""Government Homoeo Dispenary, Shankarpally (NRHM), Brahmagupta Road, Shankarpalli, Shankarpalle mandal, Ranga Reddy, Telangana, 502201, India"", ""category"": ""amenity"", ""type"": ""doctors"", ""place_rank"": 30}, {""score"": 33.0, ""km_from_expected"": 25.0, ""query"": ""Shankarpally"", ""lat"": 17.4561596, ""lon"": 78.1302488, ""name"": ""Primary Health Centre, Shankarpally, Brahmagupta Road, Shankarpalli, Shankarpalle mandal, Vikarabad, Telangana, 501203, India"", ""category"": ""amenity"", ""type"": ""clinic"", ""place_rank"": 30}]",False,False,True,True,False,False,False
HABSIGUDA_A_S_RAO_NAGAR,HABSIGUDA,SAINIKPURI,A S RAO NAGAR,A S RAO NAGAR,found,17.4799497,78.5568336,2_check_if_time,matched_a_building_or_road,,3.3,1.4,"A S Rao Nagar, Hyderabad, Telangana",False,"A.S. Rao Nagar, Sainikpuri-ECIL Main Road, Vijayapuri, Ward 2 Dr A S Rao Nagar, Greater Hyderabad Municipal Corporation East Zone, Hyderabad, Kapra mandal, Medchal–Malkajgiri, Telangana, 500062, India",highway,bus_stop,30.0,1.0,[],False,False,False,False,False,False,True
HABSIGUDA_BODUPPAL,HABSIGUDA,HABSIGUDA,UPPAL,BODUPPAL,found,17.3988408,78.5366218,2_check_if_time,matched_a_building_or_road,,6.5,3.1,"Boduppal, Hyderabad, Telangana",False,"Boduppal-IV, Satyanarayana Swamy Temple Road, Nehru Nagar, Ward 9 Ramanthapur, Greater Hyderabad Municipal Corporation East Zone, Hyderabad, Uppal mandal, Medchal–Malkajgiri, Telangana, 500013, India",amenity,childcare,30.0,3.0,"[{""name"": ""Bangaru Maisamma Temple, Boduppal, Near Municipalty Office, Boduppal Road, Sri Lakshmi Nagar Colony, Boduppal, Hyderabad, Medipally mandal, Medchal\u2013Malkajgiri, Telangana, 500092, India"", ""lat"": ""17.4206252"", ""lon"": ""78.5852335""}, {""name"": ""Municipality Office Boduppal, Bayyanna Nagar, Boduppal Road, Sri Lakshmi Nagar Colony, Boduppal, Hyderabad, Medipally mandal, Medchal\u2013Malkajgiri, Telangana, 500092, India"", ""lat"": ""17.4199886"", ""lon"": ""78.5846351""}]",False,False,False,False,False,False,True
HABSIGUDA_CHILKANAGAR,HABSIGUDA,HABSIGUDA,UPPAL,CHILKANAGAR,found,17.4223943,78.5636233,2_check_if_time,matched_a_building_or_road,,3.2,2.2,"Chilkanagar, Hyderabad, Telangana",False,"Chilkanagar Main Road, Dharmapuri Colony, Uppal, Ward 7 Chilka Nagar, Greater Hyderabad Municipal Corporation East Zone, Hyderabad, Uppal mandal, Medchal–Malkajgiri, Telangana, 500039, India",highway,secondary,26.0,3.0,"[{""name"": ""Chilkanagar Main Road, Beerappaguda, Ward 10 Uppal, Greater Hyderabad Municipal Corporation East Zone, Hyderabad, Uppal mandal, Medchal\u2013Malkajgiri, Telangana, 500039, India"", ""lat"": ""17.4061835"", ""lon"": ""78.5645628""}, {""name"": ""Chilkanagar-II (Ward no-7), Chilkanagar Main Road, Dharmapuri Colony, Uppal, Ward 7 Chilka Nagar, Greater Hyderabad Municipal Corporation East Zone, Hyderabad, Uppal mandal, Medchal\u2013Malkajgiri, Telangana, 500039, India"", ""lat"": ""17.4204471"", ""lon"": ""78.5619450""}]",False,False,False,False,False,False,True
HABSIGUDA_KEESARA,HABSIGUDA,KEESARA,KEESARA,KEESARA,found,17.5249309,78.6665345,2_check_if_time,far_from_division,far from neighbours but matched a real town/village of that name - probably an outlying section,13.9,12.5,"Keesara, Telangana",False,"Keesara, Keesara mandal, Medchal–Malkajgiri, Telangana, 501303, India",place,town,18.0,1.0,[],False,False,False,True,False,False,False
HABSIGUDA_MEDIPALLY,HABSIGUDA,KEESARA,GHATKESAR,MEDIPALLY,found,17.4158985,78.6018454,2_check_if_time,matched_a_building_or_road,,5.8,4.4,"Medipally, Hyderabad, Telangana",False,"Shanthi Vanam Medipally Park, Medpally, Chengicherla, Medipally mandal, Hyderabad, Telangana, 500098, India",leisure,park,24.0,1.0,[],False,False,False,False,False,False,True
HABSIGUDA_NAGARAM,HABSIGUDA,KEESARA,KEESARA,NAGARAM,found,17.4910113,78.613677,2_check_if_time,matched_a_building_or_road,,7.1,7.4,"Nagaram, Hyderabad, Telangana",False,"Nagaram sarpanch house, Rampally Main Road, Nagaram, Hyderabad, Keesara mandal, Medchal–Malkajgiri, Telangana, 500083, India",building,house,30.0,1.0,[],False,False,False,False,False,False,True
HABSIGUDA_NARAPALLY,HABSIGUDA,KEESARA,GHATKESAR,NARAPALLY,found,17.4249113,78.6202968,2_check_if_time,matched_a_building_or_road,,6.9,3.0,"Narapally, Hyderabad, Telangana",False,"Narapally - ii, Hyderabad-Janagam Highway, Peerzadiguda, Ghatkesar mandal, Medipally mandal, Medchal–Malkajgiri, Telangana, 500098, India",amenity,childcare,30.0,2.0,"[{""name"": ""Narapally - I, Hyderabad-Janagam Highway, Peerzadiguda, Ghatkesar mandal, Medipally mandal, Medchal\u2013Malkajgiri, Telangana, 500098, India"", ""lat"": ""17.4176115"", ""lon"": ""78.6266559""}]",False,False,False,False,False,False,True
HABSIGUDA_PEERJADIGUDA,HABSIGUDA,KEESARA,GHATKESAR,PEERJADIGUDA,found,17.4078747,78.6022666,2_check_if_time,matched_a_building_or_road,,6.5,5.2,"Peerjadiguda, Hyderabad, Telangana",False,"Urban Primary Health Centre, Peerjadiguda, Hyderabad-Janagam Highway, Boduppal, Chengicherla, Medipally mandal, Medchal–Malkajgiri, Telangana, 500098, India",amenity,clinic,30.0,1.0,[],False,False,False,False,False,False,True
HYDERABAD_CENTRAL_LANGER_HOUSE,HYDERABAD CENTRAL,MEHDIPATNAM,GOLCONDA,LANGER HOUSE,found,17.37331,78.41387,2_check_if_time,matched_a_building_or_road,,6.9,2.7,"Langer House, Hyderabad, Telangana",False,"ICICI Bank Langer House, Hyderabad - Branch & ATM, NH163, Reddy Colony, Golconda, Ward 66 Langar Houz, Greater Hyderabad Municipal Corporation Central Zone, Hyderabad, Golconda mandal, Hyderabad, Telangana, 500008, India",amenity,bank,30.0,1.0,[],False,False,False,False,False,False,True
HYDERABAD_CENTRAL_VIJAYA_NAGAR_COLONY,HYDERABAD CENTRAL,MEHDIPATNAM,A.C.GUARDS,VIJAYA NAGAR COLONY,found,17.3893119,78.4422313,2_check_if_time,matched_a_building_or_road,,3.6,3.0,"Vijaya Nagar Colony, Mehdipatnam",False,"Sri Vijaya Hospitals, Hill colony Rd, Murad Nagar, Gudimalkapur, Ward 70 Mehdipatnam, Greater Hyderabad Municipal Corporation Central Zone, Hyderabad, Asif Nagar mandal, Hyderabad, Telangana, 500028, India",amenity,hospital,30.0,1.0,"[{""score"": 7.24, ""km_from_expected"": 4.24, ""query"": ""Vijaya Nagar Colony, Mehdipatnam"", ""lat"": 17.3946261, ""lon"": 78.4384798, ""name"": ""Vijaya Diagnostic Centre, Golkonda Road, P&T Colony, Mehdipatnam, Ward 70 Mehdipatnam, Greater Hyderabad Municipal Corporation Central Zone, Hyderabad, Asif Nagar mandal, Hyderabad, Telangana, 500028, India"", ""category"": ""amenity"", ""type"": ""hospital"", ""place_rank"": 30}, {""score"": 16.37, ""km_from_expected"": 13.37, ""query"": ""Vijaya Nagar Colony, Hyderabad"", ""lat"": 17.3304768, ""lon"": 78.5768552, ""name"": ""vijaya fancy store, S.No, 24, Kamala Nagar Rd, Huda Sai Nagar Colony, Hyderabad, Telangana 500070, Raithu Bazar Road, Raithu Bazar, Vanasthalipuram, Ward 13 Hayath Nagar, Greater Hyderabad Municipal Corporation East Zone, Hyderabad, Ranga Reddy, Telangana, 500070, India"", ""category"": ""shop"", ""type"": ""fashion_accessories"", ""place_rank"": 30}]",False,False,False,False,False,False,True
HYDERABAD_SOUTH_FALAKNUMA,HYDERABAD SOUTH,CHARMINAR,FALAKNUMA,FALAKNUMA,found,17.3326604,78.4751984,2_check_if_time,matched_a_building_or_road,,3.3,3.0,"Falaknuma, Hyderabad, Telangana",False,"Falaknuma, Quadri chaman road, Jangamet, Ward 45 Jangammet, Greater Hyderabad Municipal Corporation South Zone, Hyderabad, Bandlaguda mandal, Hyderabad, Telangana, 500065, India",railway,station,30.0,2.0,"[{""name"": ""Falaknuma, Ward 46 Falaknuma, Greater Hyderabad Municipal Corporation South Zone, Hyderabad, Bandlaguda mandal, Hyderabad, Telangana, 500005, India"", ""lat"": ""17.3336530"", ""lon"": ""78.4677481""}]",False,False,False,False,False,False,True
HYDERABAD_SOUTH_SANTOSHNAGAR,HYDERABAD SOUTH,ASMANGADH,SANTOSH NAGAR,SANTOSHNAGAR,found,17.3467185,78.5081947,2_check_if_time,matched_a_building_or_road,,3.9,1.9,"Santoshnagar, Hyderabad, Telangana",False,"Santoshnagar, Santosh Nagar Main ROad, Sanjeevaiah Nagar, Ward 39 Santhosh Nagar, Greater Hyderabad Municipal Corporation South Zone, Hyderabad, Saroornagar mandal, Ranga Reddy, Telangana, 500059, India",highway,bus_stop,30.0,1.0,[],False,False,False,False,False,False,True
MEDCHAL_BACHUPALLY,MEDCHAL,KUKATPALLY,MIYAPUR,BACHUPALLY,found,17.536648,78.3644736,2_check_if_time,matched_a_building_or_road,,6.1,4.7,"Bachupally, Hyderabad, Telangana",False,"akashra junior college, bachupally, Nizampet Road, Nizampet, Bachupally mandal, Hyderabad, Medchal–Malkajgiri, Telangana, 500090, India",office,educational_institution,30.0,1.0,[],False,False,False,False,False,False,True
MEDCHAL_D_P_PALLY,MEDCHAL,JEEDIMETLA,SHAPUR NAGAR,D P PALLY,found,17.5467126,78.4668466,2_check_if_time,matched_a_building_or_road,,6.9,5.6,"Dulapally, Telangana",True,"dulapally, Doolapally Road, Doolapally, Dundigal mandal, Medchal–Malkajgiri, Telangana, 500014, India",highway,bus_stop,30.0,1.0,[],False,False,False,False,False,False,True
MEDCHAL_GUNDLAPOCHAMPALLY,MEDCHAL,MEDCHAL,MEDCHAL,GUNDLAPOCHAMPALLY,found,17.568913,78.480271,2_check_if_time,matched_a_building_or_road,,9.5,5.1,"Gundlapochampally, Telangana",False,"gundlapochampally, Avenue 18, Doolapally, Medchal mandal, Medchal–Malkajgiri, Telangana, 500014, India",highway,bus_stop,30.0,1.0,[],False,False,False,False,False,False,True
MEDCHAL_JEEDIMETLA_IDA,MEDCHAL,JEEDIMETLA,JEEDIMETLA,JEEDIMETLA(IDA),found,17.5204106,78.4514486,2_check_if_time,matched_a_building_or_road,,4.4,3.5,"Jeedimetla(Ida), Hyderabad, Telangana",False,"IDA Jeedimetla, Ward 130 Subash Nagar, Greater Hyderabad Municipal Corporation North Zone, Hyderabad, Quthbullapur mandal, Medchal–Malkajgiri, Telangana, India",landuse,industrial,24.0,1.0,[],False,False,False,False,False,False,True
MEDCHAL_KOMPALLY,MEDCHAL,MEDCHAL,QUTBULLAPUR,KOMPALLY,found,17.5398444,78.5000154,2_check_if_time,matched_a_building_or_road,,9.9,4.4,"Kompally, Hyderabad, Telangana",False,"Bolarum to Kompally Road, Ward 133 Macha Bolarum, Greater Hyderabad Municipal Corporation North Zone, Hyderabad, Dundigal mandal, Medchal–Malkajgiri, Telangana, 500100, India",highway,secondary,26.0,3.0,"[{""name"": ""Bolarum to Kompally Road, Brindavan Colony, Bolarum, Ward 133 Macha Bolarum, Greater Hyderabad Municipal Corporation North Zone, Hyderabad, Alwal mandal, Medchal\u2013Malkajgiri, Telangana, 500100, India"", ""lat"": ""17.5354868"", ""lon"": ""78.5096979""}, {""name"": ""Kompally tanda, Nizamabad Road, Caton Residential Township, Jeedimetla Village, Ward 132 Jeedimetla, Greater Hyderabad Municipal Corporation North Zone, Hyderabad, Quthbullapur mandal, Medchal\u2013Malkajgiri, Telangana, 500100, India"", ""lat"": ""17.5282237"", ""lon"": ""78.4762932""}]",False,False,False,False,False,False,True
MEDCHAL_NIZAMPET,MEDCHAL,KUKATPALLY,MIYAPUR,NIZAMPET,found,17.498552,78.3796744,2_check_if_time,matched_a_building_or_road,,4.6,0.2,"Nizampet, Hyderabad, Telangana",False,"Nizampet - Miyapur Road Mumbai Highway, Vasantha Nagar, Satavahana Nagar, Ward 123 Hydernagar, Greater Hyderabad Municipal Corporation West Zone, Hyderabad, Kukatpally mandal, Medchal–Malkajgiri, Telangana, 500085, India",highway,trunk,26.0,3.0,"[{""name"": ""Nizampet - JNTU Road Mumbai Highway, Vasantha Nagar, Satavahana Nagar, Ward 123 Hydernagar, Greater Hyderabad Municipal Corporation West Zone, Hyderabad, Kukatpally mandal, Medchal\u2013Malkajgiri, Telangana, 500085, India"", ""lat"": ""17.4977568"", ""lon"": ""78.3923874""}, {""name"": ""Nizampet - Miyapur Road Mumbai Highway, Hydernagar, Ward 114 KPHB Colony, Greater Hyderabad Municipal Corporation West Zone, Hyderabad, Kukatpally mandal, Medchal\u2013Malkajgiri, Telangana, 500085, India"", ""lat"": ""17.4990321"", ""lon"": ""78.3851955""}]",False,False,False,False,False,False,True
MEDCHAL_PETBASHEERABAD,MEDCHAL,MEDCHAL,QUTBULLAPUR,PETBASHEERABAD,found,17.513919,78.4806686,2_check_if_time,matched_a_building_or_road,,7.5,3.4,"Pet Basheerabad, Hyderabad, Telangana",True,"Pet Basheerabad - III, Nizamabad Road, PET Bashirabad, Jeedimetla Village, Ward 132 Jeedimetla, Greater Hyderabad Municipal Corporation North Zone, Hyderabad, Quthbullapur mandal, Medchal–Malkajgiri, Telangana, 500100, India",amenity,childcare,30.0,3.0,"[{""name"": ""Pet Basheerabad - II, green park main road, Green Park, Jeedimetla Village, Ward 132 Jeedimetla, Greater Hyderabad Municipal Corporation North Zone, Hyderabad, Quthbullapur mandal, Medchal\u2013Malkajgiri, Telangana, 500009, India"", ""lat"": ""17.5085181"", ""lon"": ""78.4756918""}, {""name"": ""Pet Basheerabad - I, green park main road, Green Park, Jeedimetla Village, Ward 132 Jeedimetla, Greater Hyderabad Municipal Corporation North Zone, Hyderabad, Quthbullapur mandal, Medchal\u2013Malkajgiri, Telangana, 500009, India"", ""lat"": ""17.5091957"", ""lon"": ""78.4763691""}]",False,False,False,False,False,False,True
MEDCHAL_VEMANA_COLONY,MEDCHAL,KUKATPALLY,MIYAPUR,VEMANA COLONY,found,17.4871275,78.3236067,2_check_if_time,matched_a_building_or_road,,10.6,6.3,"Vemana Colony, Hyderabad, Telangana",False,"Vemana colony, Lingampally-Huda Colony Road, Sivaji Nagar, Ward 110 Chandanagar, Greater Hyderabad Municipal Corporation West Zone, Hyderabad, Serilingampalle mandal, Ranga Reddy, Telangana, 500019, India",amenity,childcare,30.0,1.0,[],False,False,False,False,False,False,True
RAJENDRA_NAGAR_AMANGAL,RAJENDRA NAGAR,KANDUKUR,AMANGAL,AMANGAL,found,16.8497797,78.5325679,2_check_if_time,far_from_circle; far_from_division,far from neighbours but matched a real town/village of that name - probably an outlying section,51.7,46.7,"Amangal, Telangana",False,"Amangal, Amangal mandal, Ranga Reddy, Telangana, 509321, India",place,town,18.0,1.0,[],False,False,True,True,False,False,False
RAJENDRA_NAGAR_BALAPUR,RAJENDRA NAGAR,KANDUKUR,MAMIDIPALLY,BALAPUR,found,17.3096061,78.4999427,2_check_if_time,far_from_division,far from neighbours but matched a real town/village of that name - probably an outlying section,6.6,27.3,Balapur,False,"Balapur, Balapur mandal, Ranga Reddy, Telangana, 500021, India",place,village,19.0,3.0,"[{""score"": 10.41, ""km_from_expected"": 7.41, ""query"": ""Balapur, Hyderabad"", ""lat"": 17.3085041, ""lon"": 78.5052949, ""name"": ""Balapur - II, RCI road, Sri Chaitanya Homes, Barkas, Greater Hyderabad Municipal Corporation East Zone, Balapur, Balapur mandal, Ranga Reddy, Telangana, 500021, India"", ""category"": ""amenity"", ""type"": ""childcare"", ""place_rank"": 30}, {""score"": 10.43, ""km_from_expected"": 7.43, ""query"": ""Balapur, Hyderabad"", ""lat"": 17.3055067, ""lon"": 78.5042041, ""name"": ""HMWSSB - Balapur, RCI road, Sri Chaitanya Homes, Barkas, Greater Hyderabad Municipal Corporation East Zone, Balapur, Balapur mandal, Ranga Reddy, Telangana, 500021, India"", ""category"": ""office"", ""type"": ""government"", ""place_rank"": 30}, {""score"": 10.45, ""km_from_expected"": 7.45, ""query"": ""Balapur, Hyderabad"", ""lat"": 17.307521, ""lon"": 78.5053298, ""name"": ""Balapur subcentre building Badangpet - HUA(Basthi Dawakhana), RCI road, Sri Chaitanya Homes, Barkas, Greater Hyderabad Municipal Corporation East Zone, Balapur, Balapur mandal, Ranga Reddy, Telangana, 500021, India"", ""category"": ""amenity"", ""type"": ""health_post"", ""place_rank"": 30}, {""score"": 11.54, ""km_from_expected"": 3.54, ""query"": ""Balapur, Hyderabad"", ""lat"": 17.299985, ""lon"": 78.4434738, ""name"": ""Hyderabad, Katedan, Ward 59 Mailardevpally, Greater Hyderabad Municipal Corporation South Zone, Hyderabad, Rajendranagar mandal, Ranga Reddy, Telangana, India"", ""category"": ""water"", ""type"": ""pond"", ""place_rank"": 24}]",False,False,False,True,False,False,False
RAJENDRA_NAGAR_GAGANPAHAD,RAJENDRA NAGAR,RAJENDRA NAGAR,GAGANPAHAD,GAGANPAHAD,found,17.2990973,78.4169614,2_check_if_time,matched_a_building_or_road,,2.8,3.4,"Gaganpahad, Hyderabad",False,"Gaganpahad-I, Flyover, Gagan Pahad, Ward 59 Mailardevpally, Greater Hyderabad Municipal Corporation South Zone, Hyderabad, Rajendranagar mandal, Ranga Reddy, Telangana, 500077, India",amenity,childcare,30.0,3.0,"[{""score"": 6.65, ""km_from_expected"": 3.65, ""query"": ""Gaganpahad, Hyderabad"", ""lat"": 17.2959988, ""lon"": 78.4192928, ""name"": ""Gaganpahad-II, NH44, Gagan Pahad, Ward 59 Mailardevpally, Greater Hyderabad Municipal Corporation South Zone, Hyderabad, Rajendranagar mandal, Ranga Reddy, Telangana, 500077, India"", ""category"": ""amenity"", ""type"": ""childcare"", ""place_rank"": 30}, {""score"": 8.45, ""km_from_expected"": 5.45, ""query"": ""Gaganpahad, Hyderabad"", ""lat"": 17.3549315, ""lon"": 78.4785127, ""name"": ""Gaganpahad, Rajendra Nagar (Basthi Dawakhana), Darul Shifa Road, Murad Mahal Colony, Ward 33 Moghalpura, Greater Hyderabad Municipal Corporation South Zone, Hyderabad, Charminar mandal, Hyderabad, Telangana, 500065, India"", ""category"": ""amenity"", ""type"": ""health_post"", ""place_rank"": 30}]",False,False,False,False,False,False,True
RAJENDRA_NAGAR_KADTHAL,RAJENDRA NAGAR,KANDUKUR,AMANGAL,KADTHAL,found,16.9847566,78.4997445,2_check_if_time,far_from_circle; far_from_division,far from neighbours but matched a real town/village of that name - probably an outlying section,36.3,31.5,"Kadthal, Telangana",False,"Kadthal, Kadthal mandal, Ranga Reddy, Telangana, 509358, India",place,town,18.0,2.0,"[{""name"": ""Kadthal mandal, Ranga Reddy, Telangana, 509358, India"", ""lat"": ""16.9535872"", ""lon"": ""78.5097313""}]",False,False,True,True,False,False,False
RAJENDRA_NAGAR_KANDUKUR,RAJENDRA NAGAR,KANDUKUR,MAMIDIPALLY,KANDUKUR,found,17.0643848,78.489005,2_check_if_time,far_from_circle; far_from_division,far from neighbours but matched a real town/village of that name - probably an outlying section,27.4,22.6,"Kandukur, Telangana",False,"Kandukur, Kandukur mandal, Ranga Reddy, Telangana, India",place,village,19.0,2.0,"[{""name"": ""Kandukur mandal, Ranga Reddy, Telangana, India"", ""lat"": ""17.0812901"", ""lon"": ""78.5019684""}]",False,False,True,True,False,False,False
RAJENDRA_NAGAR_KISMATPUR,RAJENDRA NAGAR,RAJENDRA NAGAR,RAJENDRANAGAR,KISMATPUR,found,17.3316182,78.4033571,2_check_if_time,matched_a_building_or_road,,5.3,3.8,"Kismatpur, Hyderabad, Telangana",False,"Kismatpur Rd, Sai Krishna Colony, Budvel, Ward 60 Rajendra Nagar, Greater Hyderabad Municipal Corporation South Zone, Hyderabad, Rajendranagar mandal, Ranga Reddy, Telangana, 500030, India",highway,tertiary,26.0,3.0,"[{""name"": ""Kismatpur Road, Sai Baba Nagar Colony, Ward 60 Rajendra Nagar, Greater Hyderabad Municipal Corporation South Zone, Kismatpur, Gandipet mandal, Ranga Reddy, Telangana, 500086, India"", ""lat"": ""17.3342353"", ""lon"": ""78.3895809""}, {""name"": ""Maisamma Devalayam, Kismatpur Village, Kismatpur Road, Sai Baba Nagar Colony, Ward 60 Rajendra Nagar, Greater Hyderabad Municipal Corporation South Zone, Kismatpur, Gandipet mandal, Ranga Reddy, Telangana, 500086, India"", ""lat"": ""17.3336888"", ""lon"": ""78.3938925""}]",False,False,False,False,False,False,True
RAJENDRA_NAGAR_KOTHUR,RAJENDRA NAGAR,SHADNAGAR,KOTHUR,KOTHUR,found,17.1486076,78.2886922,2_check_if_time,far_from_circle,far from neighbours but matched a real town/village of that name - probably an outlying section,23.9,7.9,Kothur,False,"Kothur, Kothur mandal, Ranga Reddy, Telangana, 509228, India",place,village,19.0,1.0,"[{""score"": 25.94, ""km_from_expected"": 22.94, ""query"": ""Kothur, Shadnagar"", ""lat"": 17.1861601, ""lon"": 78.2865794, ""name"": ""Kothur-IV, NH44, Mekalabanda Tanda, Ghansimiaguda, Shamshabad mandal, Ranga Reddy, Telangana, 509325, India"", ""category"": ""amenity"", ""type"": ""childcare"", ""place_rank"": 30}, {""score"": 26.78, ""km_from_expected"": 26.78, ""query"": ""Kothur"", ""lat"": 17.0923317, ""lon"": 78.4683788, ""name"": ""Kothur, Kandukur mandal, Ranga Reddy, Telangana, India"", ""category"": ""place"", ""type"": ""village"", ""place_rank"": 19}, {""score"": 28.94, ""km_from_expected"": 25.94, ""query"": ""Kothur, Shadnagar"", ""lat"": 17.15052, ""lon"": 78.2857946, ""name"": ""Kothur I, Old NH7, Kothur, Kothur mandal, Ranga Reddy, Telangana, 509228, India"", ""category"": ""amenity"", ""type"": ""childcare"", ""place_rank"": 30}, {""score"": 29.02, ""km_from_expected"": 26.02, ""query"": ""Kothur, Shadnagar"", ""lat"": 17.1477529, ""lon"": 78.2883207, ""name"": ""Kothur III, Old NH7, Kothur, Kothur mandal, Ranga Reddy, Telangana, 509228, India"", ""category"": ""amenity"", ""type"": ""childcare"", ""place_rank"": 30}]",False,False,True,False,False,False,False
RAJENDRA_NAGAR_RAJENDERNAGAR,RAJENDRA NAGAR,RAJENDRA NAGAR,RAJENDRANAGAR,RAJENDERNAGAR,found,17.3592197,78.4440413,2_check_if_time,matched_a_building_or_road,,6.5,5.2,"Rajendernagar, Hyderabad, Telangana",False,"Panduranganagar, Rajendernagar (Basthi Dawakhana), Zoo Park Main Road, Kundetiguda, Ward 56 Kishanbagh, Greater Hyderabad Municipal Corporation South Zone, Hyderabad, Bahadurpura mandal, Hyderabad, Telangana, 500064, India",amenity,health_post,30.0,1.0,[],False,False,False,False,False,False,True
RAJENDRA_NAGAR_SHAMSHABAD,RAJENDRA NAGAR,RAJENDRA NAGAR,SHAMSHABAD,SHAMSHABAD,found,17.2611444,78.3931943,2_check_if_time,far_from_division,far from neighbours but matched a real town/village of that name - probably an outlying section,7.2,8.3,Shamshabad,False,"Shamshabad, Shamshabad mandal, Ranga Reddy, Telangana, 509218, India",place,village,19.0,3.0,"[{""score"": 15.2, ""km_from_expected"": 7.2, ""query"": ""Shamshabad, Rajendra Nagar"", ""lat"": 17.3046202, ""lon"": 78.378155, ""name"": ""Rajendra Nagar (South), Outer Ring Road, Kothwalguda, Shamshabad mandal, Ranga Reddy, Telangana, 500058, India"", ""category"": ""highway"", ""type"": ""motorway_junction"", ""place_rank"": 30}, {""score"": 17.74, ""km_from_expected"": 9.74, ""query"": ""Shamshabad, Hyderabad"", ""lat"": 17.260048, ""lon"": 78.386917, ""name"": ""Hyderabad House, NH44, Madhura Nagar, Shamshabad, Shamshabad mandal, Ranga Reddy, Telangana, 509218, India"", ""category"": ""amenity"", ""type"": ""restaurant"", ""place_rank"": 30}, {""score"": 19.2, ""km_from_expected"": 11.2, ""query"": ""Shamshabad, Hyderabad"", ""lat"": 17.2311636, ""lon"": 78.4317834, ""name"": ""Rajiv Gandhi International Airport, Cargo Road, Shamshabad mandal, Ranga Reddy, Telangana, 509218, India"", ""category"": ""aeroway"", ""type"": ""aerodrome"", ""place_rank"": 30}, {""score"": 19.43, ""km_from_expected"": 11.43, ""query"": ""Shamshabad, Hyderabad"", ""lat"": 17.2384839, ""lon"": 78.3942997, ""name"": ""Delhivery Hyderabad Hub, RGIA Approach Road, Shamshabad, Shamshabad mandal, Ranga Reddy, Telangana, 509218, India"", ""category"": ""building"", ""type"": ""warehouse"", ""place_rank"": 30}]",False,False,False,True,False,False,False
RAJENDRA_NAGAR_SHIVARAM_PALLY,RAJENDRA NAGAR,RAJENDRA NAGAR,RAJENDRANAGAR,SHIVARAM PALLY,found,17.3230489,78.436567,2_check_if_time,matched_a_building_or_road,,2.5,2.1,"Shivaram Pally, Hyderabad, Telangana",False,"NPA Shivaram Pally, NH44, Raghavendra Nagar, Ward 58 Shastripuram, Greater Hyderabad Municipal Corporation South Zone, Hyderabad, Rajendranagar mandal, Ranga Reddy, Telangana, 500052, India",railway,halt,30.0,2.0,"[{""name"": ""NPA Shivaram Pally, NH44, Raghavendra Nagar, Ward 58 Shastripuram, Greater Hyderabad Municipal Corporation South Zone, Hyderabad, Rajendranagar mandal, Ranga Reddy, Telangana, 500052, India"", ""lat"": ""17.3230265"", ""lon"": ""78.4365781""}]",False,False,False,False,False,False,True
SAROORNAGAR_AUTONAGAR,SAROORNAGAR,SAROORNAGAR,HAYATHNAGAR,AUTONAGAR,found,17.3356141,78.5792031,2_check_if_time,matched_a_building_or_road,,2.5,3.0,"Autonagar, Hyderabad, Telangana",False,"Autonagar, Vijaywada Highway, Sai Nagar, Vanasthalipuram, Ward 13 Hayath Nagar, Greater Hyderabad Municipal Corporation East Zone, Hyderabad, Ranga Reddy, Telangana, 500070, India",amenity,place_of_worship,30.0,1.0,[],False,False,False,False,False,False,True
SAROORNAGAR_BADANGPET,SAROORNAGAR,CHAMPAPET,CHAMPAPET,BADANGPET,found,17.3383467,78.5222127,2_check_if_time,matched_a_building_or_road,,4.3,2.0,"Badangpet, Hyderabad, Telangana",False,"badangpet-almasguda road, New Maruthi Nagar, Karmanghat, Ward 16 Hasthinapuram, Greater Hyderabad Municipal Corporation East Zone, Hyderabad, Balapur mandal, Ranga Reddy, Telangana, 500659, India",highway,tertiary,26.0,3.0,"[{""name"": ""badangpet-almasguda road, Om Nagar, Karmanghat, Jillelaguda, Greater Hyderabad Municipal Corporation East Zone, Hyderabad, Balapur mandal, Ranga Reddy, Telangana, 500097, India"", ""lat"": ""17.3313217"", ""lon"": ""78.5262111""}, {""name"": ""Balapur subcentre building Badangpet - HUA(Basthi Dawakhana), RCI road, Sri Chaitanya Homes, Barkas, Greater Hyderabad Municipal Corporation East Zone, Balapur, Balapur mandal, Ranga Reddy, Telangana, 500021, India"", ""lat"": ""17.3075210"", ""lon"": ""78.5053298""}]",False,False,False,False,False,False,True
SAROORNAGAR_HAYATH_NAGAR,SAROORNAGAR,SAROORNAGAR,HAYATHNAGAR,HAYATH NAGAR,found,17.33069,78.5760047,2_check_if_time,matched_a_building_or_road,,2.1,3.2,"Hayath Nagar, Hyderabad, Telangana",False,"conway, 8HJG+7CC, Raithu Bazar Rd, near Sampoorna Theater, Andhra Kesari Nagar, Kamala Nagar, Hyderabad, Telangana 500070, Raithu Bazar Road, Raithu Bazar, Vanasthalipuram, Ward 13 Hayath Nagar, Greater Hyderabad Municipal Corporation East Zone, Hyderabad, Ranga Reddy, Telangana, 500070, India",building,commercial,30.0,3.0,"[{""name"": ""sri vasavi electrical, Kamala nagar, Vanasthalipuram, Hyderabad, Telangana 500070, Raithu Bazar Road, Raithu Bazar, Vanasthalipuram, Ward 13 Hayath Nagar, Greater Hyderabad Municipal Corporation East Zone, Hyderabad, Ranga Reddy, Telangana, 500070, India"", ""lat"": ""17.3303362"", ""lon"": ""78.5771085""}, {""name"": ""Sampoorna Theater, Complex, Raithu Bazar Rd, Huda Sai Nagar Colony, Vanasthalipuram, Telangana 500070, Vanasthalipuram Road, Raithu Bazar, Vanasthalipuram, Ward 13 Hayath Nagar, Greater Hyderabad Municipal Corporation East Zone, Hyderabad, Ranga Reddy, Telangana, 500070, India"", ""lat"": ""17.3311387"", ""lon"": ""78.5760357""}]",False,False,False,False,False,False,True
SAROORNAGAR_IBRAHIMPATNAM,SAROORNAGAR,IBRAHIMPATNAM,IBRAHIMPATNAM,IBRAHIMPATNAM,found,17.1952924,78.6508564,2_check_if_time,far_from_circle; far_from_division,far from neighbours but matched a real town/village of that name - probably an outlying section,18.1,13.5,"Ibrahimpatnam, Telangana",False,"Ibrahimpatnam, Ibrahimpatnam mandal, Ranga Reddy, Telangana, 501506, India",place,village,19.0,1.0,[],False,False,True,True,False,False,False
SAROORNAGAR_L_B_NAGAR,SAROORNAGAR,SAROORNAGAR,L B NAGAR,L.B.NAGAR,found,17.349846,78.5479412,2_check_if_time,matched_a_building_or_road,,2.7,2.8,"L.B.Nagar, Hyderabad, Telangana",False,"L. B. Nagar, Vijaywada Highway, Vivekananda Nagar, LB Nagar, Ward 18 Lingojiguda, Greater Hyderabad Municipal Corporation East Zone, Hyderabad, Saroornagar mandal, Ranga Reddy, Telangana, 500074, India",railway,stop,30.0,2.0,"[{""name"": ""L. B. Nagar, Vijaywada Highway, Laxmi Nagar Colony, Saroor Nagar, Ward 18 Lingojiguda, Greater Hyderabad Municipal Corporation East Zone, Hyderabad, Saroornagar mandal, Ranga Reddy, Telangana, 500102, India"", ""lat"": ""17.3498071"", ""lon"": ""78.5478875""}]",False,False,False,False,False,False,True
SAROORNAGAR_MEERPET,SAROORNAGAR,CHAMPAPET,CHAMPAPET,MEERPET,found,17.3233291,78.5260272,2_check_if_time,matched_a_building_or_road,,3.9,1.6,Meerpet,False,"Meerpet Road, Aditya Nagar, Karmanghat, Jillelaguda, Balapur mandal, Ranga Reddy, Telangana, 500097, India",highway,residential,26.0,3.0,"[{""score"": 5.24, ""km_from_expected"": 2.24, ""query"": ""Meerpet"", ""lat"": 17.322855, ""lon"": 78.5277216, ""name"": ""Meerpet Road, Sarvodaya Colony, Jillelaguda, Balapur mandal, Ranga Reddy, Telangana, 500097, India"", ""category"": ""highway"", ""type"": ""tertiary"", ""place_rank"": 26}, {""score"": 5.31, ""km_from_expected"": 2.31, ""query"": ""Meerpet"", ""lat"": 17.3227773, ""lon"": 78.529007, ""name"": ""Meerpet Road, Sarvodaya Colony, Jillelaguda, Balapur mandal, Ranga Reddy, Telangana, 500097, India"", ""category"": ""highway"", ""type"": ""residential"", ""place_rank"": 26}, {""score"": 5.31, ""km_from_expected"": 2.31, ""query"": ""Meerpet"", ""lat"": 17.3225164, ""lon"": 78.5284474, ""name"": ""Burjuarea govt building Meerpet - HUA(Basthi Dawakhana), Meerpet Road, Sarvodaya Colony, Jillelaguda, Balapur mandal, Ranga Reddy, Telangana, 500097, India"", ""category"": ""amenity"", ""type"": ""health_post"", ""place_rank"": 30}, {""score"": 5.5, ""km_from_expected"": 2.5, ""query"": ""Meerpet"", ""lat"": 17.322338, ""lon"": 78.5319055, ""name"": ""Meerpet Road, NBR Colony, Jillelaguda, Balapur mandal, Ranga Reddy, Telangana, 500097, India"", ""category"": ""highway"", ""type"": ""residential"", ""place_rank"": 26}]",False,False,False,False,False,False,True
SECUNDERABAD_BALANAGAR,SECUNDERABAD,BOWENPALLY,BALANAGAR,BALANAGAR,found,17.465711,78.4495252,2_check_if_time,matched_a_building_or_road,,5.6,1.3,"Balanagar, Hyderabad",False,"Balanagar, Balanagar Cross Road, Idpl, Ward 120 Balanagar, Greater Hyderabad Municipal Corporation West Zone, Hyderabad, Balanagar mandal, Medchal–Malkajgiri, Telangana, 500071, India",craft,shoemaker,30.0,3.0,"[{""score"": 12.11, ""km_from_expected"": 4.11, ""query"": ""Balanagar, Bowenpally"", ""lat"": 17.4617293, ""lon"": 78.4733842, ""name"": ""Bowenpally, Old Airport Road, Vayu Nagar, Rasoolpura, Greater Hyderabad Municipal Corporation West Zone, Hyderabad, Tirumalagiri mandal, Hyderabad, Telangana, 500011, India"", ""category"": ""highway"", ""type"": ""bus_stop"", ""place_rank"": 30}, {""score"": 12.23, ""km_from_expected"": 4.23, ""query"": ""Balanagar, Bowenpally"", ""lat"": 17.4772245, ""lon"": 78.4849389, ""name"": ""Old Bowenpally Qabristan, Greater Hyderabad Municipal Corporation West Zone, Hyderabad, Balanagar mandal, Medchal\u2013Malkajgiri, Telangana, India"", ""category"": ""landuse"", ""type"": ""cemetery"", ""place_rank"": 24}, {""score"": 12.48, ""km_from_expected"": 4.48, ""query"": ""Balanagar, Bowenpally"", ""lat"": 17.4755371, ""lon"": 78.4792282, ""name"": ""Bowenpally, Hasmathpet bus stop road, HAL Colony, Greater Hyderabad Municipal Corporation West Zone, Hyderabad, Balanagar mandal, Medchal\u2013Malkajgiri, Telangana, 500015, India"", ""category"": ""leisure"", ""type"": ""pitch"", ""place_rank"": 30}, {""score"": 12.79, ""km_from_expected"": 9.79, ""query"": ""Balanagar, Hyderabad"", ""lat"": 17.4767602, ""lon"": 78.4221009, ""name"": ""Balanagar, Kukkatpally Main Road - Mumbai Highway, Sangeet Nagar, Ward 121 Kukatpally, Greater Hyderabad Municipal Corporation West Zone, Hyderabad, Kukatpally mandal, Medchal\u2013Malkajgiri, Telangana, 500047, India"", ""category"": ""railway"", ""type"": ""stop"", ""place_rank"": 30}]",False,False,False,False,False,False,True
SECUNDERABAD_BOLLARUM,SECUNDERABAD,SECUNDERABAD,LALBAZAR,BOLLARUM,found,17.5216284,78.5162616,2_check_if_time,matched_a_building_or_road,,6.8,5.0,"Bollarum, Hyderabad, Telangana",False,"Urban Primary Health Centre, Bollarum, Stewart Road, Lakadwala Colony, Bolarum, Alwal mandal, Hyderabad, Telangana, 500094, India",amenity,clinic,30.0,1.0,[],False,False,False,False,False,False,True
SECUNDERABAD_CLOCK_TOWER,SECUNDERABAD,PARADISE,JAMES STREET,CLOCK TOWER,found,17.4409014,78.4985547,2_check_if_time,matched_a_building_or_road,,2.7,2.0,"Clock Tower, Hyderabad, Telangana",False,"Clock Tower, Regimental Bazar Main Road, Marredpally mandal, Greater Hyderabad Municipal Corporation North Zone, Hyderabad, Telangana, 500003, India",historic,monument,30.0,1.0,[],False,False,False,False,False,False,True
SECUNDERABAD_GYMKHANA,SECUNDERABAD,SECUNDERABAD,MAREDPALLY,GYMKHANA,found,17.4467891,78.4896468,2_check_if_time,matched_a_building_or_road,,2.4,5.5,"Gymkhana, Hyderabad, Telangana",False,"Gymkhana Grounds, Rasoolpura, Tirumalagiri mandal, Hyderabad, Telangana, India",landuse,recreation_ground,24.0,3.0,"[{""name"": ""Gymkhana Cricket Pitch, General Choudhuri Road, Boiguda, Marredpally mandal, Secunderabad mandal, Hyderabad, Telangana, 500003, India"", ""lat"": ""17.4449626"", ""lon"": ""78.4900223""}, {""name"": ""Hyderabad Gymkhana, Road No. 2, Jubilee Hills, Ward 95 Jubilee Hills, Greater Hyderabad Municipal Corporation Central Zone, Hyderabad, Shaikpet mandal, Hyderabad, Telangana, 500096, India"", ""lat"": ""17.4254119"", ""lon"": ""78.4206370""}]",False,False,False,False,False,False,True
SECUNDERABAD_LALLAGUDA,SECUNDERABAD,PARADISE,PADMA RAO NAGAR,LALLAGUDA,found,17.4377225,78.521976,2_check_if_time,matched_a_building_or_road,,3.9,2.0,"Lallaguda, Hyderabad, Telangana",False,"South Central Railway Central Hospital Lallaguda, Lalaguda Bridge, Fateh Nagar, Ward 144 Mettuguda, Greater Hyderabad Municipal Corporation North Zone, Hyderabad, Malkajgiri mandal, Medchal–Malkajgiri, Telangana, 500017, India",amenity,hospital,30.0,1.0,[],False,False,False,False,False,False,True
SECUNDERABAD_NEW_BOWENPALLY,SECUNDERABAD,BOWENPALLY,BOWENPALLY,NEW BOWENPALLY,found,17.462942,78.4712356,2_check_if_time,matched_a_building_or_road,,3.3,2.1,"New Bowenpally, Hyderabad, Telangana",False,"kbn, new bowenpally, Balanagar Main Road, Vayu Nagar, Rasoolpura, Tirumalagiri mandal, Hyderabad, Telangana, 500011, India",building,house,30.0,1.0,[],False,False,False,False,False,False,True
SECUNDERABAD_OLD_BOWENPALLY,SECUNDERABAD,BOWENPALLY,BOWENPALLY,OLD BOWENPALLY,found,17.4772245,78.4849389,2_check_if_time,matched_a_building_or_road,,2.4,3.8,"Old Bowenpally, Hyderabad, Telangana",False,"Old Bowenpally Qabristan, Greater Hyderabad Municipal Corporation West Zone, Hyderabad, Balanagar mandal, Medchal–Malkajgiri, Telangana, India",landuse,cemetery,24.0,3.0,"[{""name"": ""Old Bowenpally Bus stop, Hasmathpet bus stop road, HAL Colony, Greater Hyderabad Municipal Corporation West Zone, Hyderabad, Balanagar mandal, Medchal\u2013Malkajgiri, Telangana, 500015, India"", ""lat"": ""17.4766303"", ""lon"": ""78.4788563""}, {""name"": ""Government Homoeo Dispensary, Old Bowenpally, Hasmathpet bus stop road, HAL Colony, Greater Hyderabad Municipal Corporation West Zone, Hyderabad, Balanagar mandal, Hyderabad, Telangana, 500015, India"", ""lat"": ""17.4777191"", ""lon"": ""78.4787375""}]",False,False,False,False,False,False,True
SECUNDERABAD_PADMARAO_NAGAR,SECUNDERABAD,PARADISE,PADMA RAO NAGAR,PADMARAO NAGAR,found,17.4256007,78.5085153,2_check_if_time,matched_a_building_or_road,,4.5,1.5,"Padmarao Nagar, Hyderabad, Telangana",False,"padmarao nagar park, Boiguda, Marredpally mandal, Greater Hyderabad Municipal Corporation North Zone, Hyderabad, Telangana, India",leisure,park,24.0,3.0,"[{""name"": ""Padmarao Nagar Road, Padma Rao Nagar, Boiguda, Marredpally mandal, Greater Hyderabad Municipal Corporation North Zone, Hyderabad, Telangana, 500025, India"", ""lat"": ""17.4261682"", ""lon"": ""78.5076996""}, {""name"": ""Padmarao Nagar Road, Parsigutta, Ward 146 Boudha Nagar, Greater Hyderabad Municipal Corporation North Zone, Hyderabad, Musheerabad mandal, Hyderabad, Telangana, 500061, India"", ""lat"": ""17.4152617"", ""lon"": ""78.5109524""}]",False,False,False,False,False,False,True
SECUNDERABAD_PARADISE,SECUNDERABAD,PARADISE,JAMES STREET,PARADISE,found,17.4419052,78.4875195,2_check_if_time,matched_a_building_or_road,,3.0,3.1,"Paradise, Hyderabad, Telangana",False,"Paradise, S.D. Road, Jawahar Nagar Colony, Boiguda, Ward 149 Begumpet, Greater Hyderabad Municipal Corporation North Zone, Hyderabad, Secunderabad mandal, Hyderabad, Telangana, 500003, India",highway,traffic_signals,30.0,3.0,"[{""name"": ""Paradise, NTR Nagar Road, AS Raju Nagar, Kukatpally, Ward 122 Vivekananda Nagar Colony, Greater Hyderabad Municipal Corporation West Zone, Hyderabad, Kukatpally mandal, Medchal\u2013Malkajgiri, Telangana, 500072, India"", ""lat"": ""17.4931834"", ""lon"": ""78.4044261""}, {""name"": ""Paradise, LB Nagar Service Road, NTR Nagar, Ward 20 RK Puram, Greater Hyderabad Municipal Corporation East Zone, Hyderabad, Saroornagar mandal, Ranga Reddy, Telangana, 500102, India"", ""lat"": ""17.3608547"", ""lon"": ""78.5445611""}]",False,False,False,False,False,False,True
SECUNDERABAD_R_P_NILAYAM,SECUNDERABAD,SECUNDERABAD,LALBAZAR,R.P. NILAYAM,found,17.5052816,78.5209315,2_check_if_time,matched_a_building_or_road,,5.3,3.3,"Rashtrapati Nilayam, Telangana",True,"Rashtrapati nilayam, Malkajgiri mandal, Medchal–Malkajgiri, Telangana, India",landuse,military,24.0,1.0,[],False,False,False,False,False,False,True
SECUNDERABAD_TARNAKA,SECUNDERABAD,PARADISE,PADMA RAO NAGAR,TARNAKA,found,17.4285479,78.5379433,2_check_if_time,matched_a_building_or_road,,5.8,3.8,"Tarnaka, Hyderabad, Telangana",False,"Tarnaka, lane number 5, Hanuman Nagar Colony, Marredpally mandal, Greater Hyderabad Municipal Corporation North Zone, Hyderabad, Telangana, 500017, India",leisure,beach_resort,30.0,3.0,"[{""name"": ""Tarnaka, Krishna Deva Raya Road, Mettuguda, Sitaphalmandi, Marredpally mandal, Greater Hyderabad Municipal Corporation North Zone, Hyderabad, Malkajgiri mandal, Hyderabad, Telangana, 500017, India"", ""lat"": ""17.4282965"", ""lon"": ""78.5284415""}, {""name"": ""Sudharshan, Tarnaka, Street No 1, Hanuman Nagar Colony, Marredpally mandal, Greater Hyderabad Municipal Corporation North Zone, Hyderabad, Telangana, 500017, India"", ""lat"": ""17.4248942"", ""lon"": ""78.5358894""}]",False,False,False,False,False,False,True
BANJARA_HILLS_BANJARA_HILLS,BANJARA HILLS,BANJARA HILLS,BANJARA HILLS,BANJARA HILLS,found,17.4177464,78.4399014,3_looks_ok,,,2.8,3.0,"Banjara Hills, Hyderabad, Telangana",False,"Banjara Hills, Ward 92 Venkateshwara Colony, Greater Hyderabad Municipal Corporation Central Zone, Hyderabad, Shaikpet mandal, Hyderabad, Telangana, 500034, India",place,suburb,19.0,1.0,[],False,False,False,False,False,False,False
BANJARA_HILLS_BEGUMPET,BANJARA HILLS,GREEN LANDS,GREENLANDS,BEGUMPET,found,17.446195,78.463016,3_looks_ok,,,3.8,2.6,"Begumpet, Hyderabad, Telangana",False,"Begumpet, Ward 149 Begumpet, Greater Hyderabad Municipal Corporation North Zone, Hyderabad, Balanagar mandal, Medchal–Malkajgiri, Telangana, 500133, India",place,suburb,19.0,3.0,"[{""name"": ""Begumpet, brahmanwadi street number 1, Uma Nagar, Ameerpet, Ward 149 Begumpet, Greater Hyderabad Municipal Corporation North Zone, Hyderabad, Ameerpet mandal, Hyderabad, Telangana, 500133, India"", ""lat"": ""17.4386951"", ""lon"": ""78.4580969""}, {""name"": ""Begumpet, brahmanwadi street number 1, Uma Nagar, Ameerpet, Ward 149 Begumpet, Greater Hyderabad Municipal Corporation North Zone, Hyderabad, Ameerpet mandal, Hyderabad, Telangana, 500133, India"", ""lat"": ""17.4386323"", ""lon"": ""78.4580666""}]",False,False,False,False,False,False,False
BANJARA_HILLS_ERRAGADDA,BANJARA HILLS,GREEN LANDS,SANATH NAGAR,ERRAGADDA,found,17.4487999,78.4356074,3_looks_ok,,,1.4,1.0,"Erragadda, Hyderabad, Telangana",False,"Erragadda, Ward 101 Erragadda, Greater Hyderabad Municipal Corporation Central Zone, Hyderabad, Khairatabad mandal, Hyderabad, Telangana, 500018, India",place,suburb,19.0,2.0,"[{""name"": ""Erragadda, Sanath Nagar Road, Sanath Nagar, Ward 100 Sanath Nagar, Greater Hyderabad Municipal Corporation Central Zone, Hyderabad, Balanagar mandal, Medchal\u2013Malkajgiri, Telangana, 500018, India"", ""lat"": ""17.4573276"", ""lon"": ""78.4334618""}]",False,False,False,False,False,False,False
BANJARA_HILLS_FILM_NAGAR,BANJARA HILLS,BANJARA HILLS,BANJARA HILLS,FILM NAGAR,found,17.4140574,78.4105031,3_looks_ok,,,3.9,2.8,"Film Nagar, Hyderabad, Telangana",False,"Film Nagar, Navirman Nagar, Ward 95 Jubilee Hills, Greater Hyderabad Municipal Corporation Central Zone, Hyderabad, Shaikpet mandal, Hyderabad, Telangana, 500096, India",place,neighbourhood,24.0,1.0,[],False,False,False,False,False,False,False
BANJARA_HILLS_JUBILEE_HILLS,BANJARA HILLS,BANJARA HILLS,JUBILEE HILLS,JUBILEE HILLS,found,17.4308362,78.4102882,3_looks_ok,,,2.9,1.7,"Jubilee Hills, Hyderabad, Telangana",False,"Jubilee Hills, Ward 95 Jubilee Hills, Greater Hyderabad Municipal Corporation Central Zone, Hyderabad, Shaikpet mandal, Hyderabad, Telangana, 500033, India",place,suburb,19.0,1.0,[],False,False,False,False,False,False,False
BANJARA_HILLS_MADHAPUR,BANJARA HILLS,BANJARA HILLS,JUBILEE HILLS,MADHAPUR,found,17.4408924,78.3916304,3_looks_ok,,,4.7,3.8,"Madhapur, Hyderabad, Telangana",False,"Madhapur, Ward 104 Kondapur, Greater Hyderabad Municipal Corporation West Zone, Hyderabad, Serilingampalle mandal, Ranga Reddy, Telangana, 800081, India",place,suburb,19.0,1.0,[],False,False,False,False,False,False,False
BANJARA_HILLS_SRI_KRISHNA_NAGAR,BANJARA HILLS,BANJARA HILLS,AMEERPET,SRI KRISHNA NAGAR,found,17.4330523,78.4246746,3_looks_ok,,,1.4,0.6,"Krishna Nagar, Hyderabad",True,"Krishna Nagar, Jubilee Hills, Ward 96 Yousufguda, Greater Hyderabad Municipal Corporation Central Zone, Hyderabad, Shaikpet mandal, Hyderabad, Telangana, 500045, India",place,neighbourhood,24.0,1.0,"[{""score"": 8.64, ""km_from_expected"": 0.64, ""query"": ""Sri Krishna Nagar, Banjara Hills"", ""lat"": 17.433945, ""lon"": 78.4276962, ""name"": ""Vidya Niketan High School, Sri Krishna Nagar, Krishna Nagar, Yousufguda, Hyderabad, Telangana 500045, Yousufguda Main Road, Krishna Nagar, Jubilee Hills, Ward 96 Yousufguda, Greater Hyderabad Municipal Corporation Central Zone, Hyderabad, Shaikpet mandal, Hyderabad, Telangana, 500045, India"", ""category"": ""amenity"", ""type"": ""university"", ""place_rank"": 30}, {""score"": 8.69, ""km_from_expected"": 0.69, ""query"": ""Sri Krishna Nagar, Banjara Hills"", ""lat"": 17.4329259, ""lon"": 78.4278769, ""name"": ""Sri Sairam High School Main Branch, A-264, Sri Nagar Colony, Krishna Nagar, Yousufguda, Hyderabad, Telangana 500045, Yousufguda Main Road, Krishna Nagar, Jubilee Hills, Ward 96 Yousufguda, Greater Hyderabad Municipal Corporation Central Zone, Hyderabad, Shaikpet mandal, Hyderabad, Telangana, 500045, India"", ""category"": ""amenity"", ""type"": ""university"", ""place_rank"": 30}, {""score"": 8.69, ""km_from_expected"": 0.69, ""query"": ""Sri Krishna Nagar, Banjara Hills"", ""lat"": 17.4332692, ""lon"": 78.4275719, ""name"": ""Amaravathi High School, Sri Krishna Nagar, Krishna Nagar, Yousufguda, Hyderabad, Telangana 500045, Yousufguda Main Road, Krishna Nagar, Jubilee Hills, Ward 96 Yousufguda, Greater Hyderabad Municipal Corporation Central Zone, Hyderabad, Shaikpet mandal, Hyderabad, Telangana, 500045, India"", ""category"": ""amenity"", ""type"": ""university"", ""place_rank"": 30}, {""score"": 8.71, ""km_from_expected"": 0.71, ""query"": ""Sri Krishna Nagar, Banjara Hills"", ""lat"": 17.4319374, ""lon"": 78.4286034, ""name"": ""Unique Public School, 302,8-3-231/A/410, Sri Nagar Colony, Krishna Nagar, Yousufguda, Hyderabad, Telangana 500045, road number 5, Prashant Nagar, Banjara Hills, Ward 96 Yousufguda, Greater Hyderabad Municipal Corporation Central Zone, Hyderabad, Shaikpet mandal, Hyderabad, Telangana, 500045, India"", ""category"": ""amenity"", ""type"": ""university"", ""place_rank"": 30}]",False,False,False,False,False,False,False
BANJARA_HILLS_YOUSUFGUDA,BANJARA HILLS,BANJARA HILLS,AMEERPET,YOUSUFGUDA,found,17.4387499,78.4279866,3_looks_ok,,,0.8,1.3,"Yousufguda, Hyderabad, Telangana",False,"Yousufguda, Ward 99 Vengal Rao Nagar, Greater Hyderabad Municipal Corporation Central Zone, Hyderabad, Khairatabad mandal, Hyderabad, Telangana, 500045, India",place,suburb,19.0,1.0,[],False,False,False,False,False,False,False
CYBERCITY_ALLAPUR,CYBERCITY,KONDAPUR,KONDAPUR,ALLAPUR,found,17.4565793,78.4095538,3_looks_ok,,,4.9,3.0,"Allapur, Hyderabad, Telangana",False,"Allapur, Ward 116 Allapur, Greater Hyderabad Municipal Corporation West Zone, Hyderabad, Kukatpally mandal, Medchal–Malkajgiri, Telangana, 800081, India",place,neighbourhood,24.0,2.0,"[{""name"": ""Ward 116 Allapur, Greater Hyderabad Municipal Corporation West Zone, Hyderabad, Kukatpally mandal, Medchal\u2013Malkajgiri, Telangana, India"", ""lat"": ""17.4636193"", ""lon"": ""78.3916896""}]",False,False,False,False,False,False,False
CYBERCITY_BALAJI_NAGAR,CYBERCITY,KONDAPUR,KPHB,BALAJI NAGAR,found,17.4821906,78.4096963,3_looks_ok,,,5.7,3.8,"Balaji Nagar, Hyderabad",False,"Balaji Nagar, KPHB Colony, Ward 115 Balaji Nagar, Greater Hyderabad Municipal Corporation West Zone, Hyderabad, Kukatpally mandal, Medchal–Malkajgiri, Telangana, 500047, India",place,neighbourhood,24.0,3.0,"[{""score"": 5.34, ""km_from_expected"": 2.34, ""query"": ""Balaji Nagar, Kondapur"", ""lat"": 17.4413554, ""lon"": 78.388307, ""name"": ""Balaji Hyderabad Mithai Bhandar, Cyber Towers - Madhapur Main Road, Vittal Rao Nagar, Madhapur, Ward 104 Kondapur, Greater Hyderabad Municipal Corporation West Zone, Hyderabad, Serilingampalle mandal, Ranga Reddy, Telangana, 800081, India"", ""category"": ""amenity"", ""type"": ""fast_food"", ""place_rank"": 30}, {""score"": 5.91, ""km_from_expected"": 2.91, ""query"": ""Balaji Nagar, Kondapur"", ""lat"": 17.4396893, ""lon"": 78.3940188, ""name"": ""Sri Laxmi Balaji Womens Hostel, Cyber Towers - Madhapur Main Road, Vittal Rao Nagar, Madhapur, Ward 104 Kondapur, Greater Hyderabad Municipal Corporation West Zone, Hyderabad, Serilingampalle mandal, Ranga Reddy, Telangana, 800081, India"", ""category"": ""tourism"", ""type"": ""hostel"", ""place_rank"": 30}, {""score"": 10.15, ""km_from_expected"": 10.15, ""query"": ""Balaji Nagar, Hyderabad"", ""lat"": 17.3839683, ""lon"": 78.430958, ""name"": ""Balaji Nagar, Ward 71 Gudimalkapur, Greater Hyderabad Municipal Corporation Central Zone, Hyderabad, Asif Nagar mandal, Hyderabad, Telangana, 500264, India"", ""category"": ""place"", ""type"": ""neighbourhood"", ""place_rank"": 24}, {""score"": 20.57, ""km_from_expected"": 20.57, ""query"": ""Balaji Nagar"", ""lat"": 17.5148928, ""lon"": 78.557151, ""name"": ""Balaji Nagar, Alwal mandal, Medchal\u2013Malkajgiri, Telangana, 500087, India"", ""category"": ""place"", ""type"": ""suburb"", ""place_rank"": 19}]",False,False,False,False,False,False,False
CYBERCITY_GACHIBOWLI,CYBERCITY,GACHIBOWLI,GACHIBOWLI,GACHIBOWLI,found,17.4436222,78.3519638,3_looks_ok,,,2.3,4.5,"Gachibowli, Hyderabad, Telangana",False,"Gachibowli, Greater Hyderabad Municipal Corporation West Zone, Hyderabad, Serilingampalle mandal, Ranga Reddy, Telangana, 500032, India",place,suburb,19.0,1.0,[],False,False,False,False,False,False,False
CYBERCITY_HAFEEZPET,CYBERCITY,GACHIBOWLI,CHANDA NAGAR,HAFEEZPET,found,17.4834409,78.3611316,3_looks_ok,,,3.2,1.2,"Hafeezpet, Hyderabad, Telangana",False,"Hafeezpet, Ward 107 Madhapur, Greater Hyderabad Municipal Corporation West Zone, Hyderabad, Serilingampalle mandal, Ranga Reddy, Telangana, 500049, India",place,neighbourhood,24.0,1.0,[],False,False,False,False,False,False,False
CYBERCITY_K_P_H_B_COLONY,CYBERCITY,KONDAPUR,KPHB,K P H B COLONY,found,17.4922068,78.3973638,3_looks_ok,,,5.4,3.9,"KPHB Colony, Hyderabad",True,"KPHB Colony, Ward 115 Balaji Nagar, Greater Hyderabad Municipal Corporation West Zone, Hyderabad, Kukatpally mandal, Medchal–Malkajgiri, Telangana, 500072, India",place,suburb,19.0,1.0,"[{""score"": 8.14, ""km_from_expected"": 5.14, ""query"": ""KPHB Colony, Hyderabad"", ""lat"": 17.4938025, ""lon"": 78.4017651, ""name"": ""KPHB Colony, Nizampet - JNTU Road Mumbai Highway, Satavahana Nagar, Ward 123 Hydernagar, Greater Hyderabad Municipal Corporation West Zone, Hyderabad, Kukatpally mandal, Medchal\u2013Malkajgiri, Telangana, 500072, India"", ""category"": ""railway"", ""type"": ""station"", ""place_rank"": 30}, {""score"": 28.34, ""km_from_expected"": 20.34, ""query"": ""K P H B Colony, Hyderabad"", ""lat"": 17.4582681, ""lon"": 78.5648135, ""name"": ""A.P.H.B Colony Main Road, Mangapuram Colony, Ward 4 Meerpet H.B Colony, Greater Hyderabad Municipal Corporation East Zone, Hyderabad, Uppal mandal, Medchal\u2013Malkajgiri, Telangana, 500040, India"", ""category"": ""highway"", ""type"": ""tertiary"", ""place_rank"": 26}]",False,False,False,False,False,False,False
CYBERCITY_KONDAPUR,CYBERCITY,KONDAPUR,KONDAPUR,KONDAPUR,found,17.4587912,78.3730556,3_looks_ok,,,1.1,3.4,"Kondapur, Hyderabad, Telangana",False,"Kondapur, Ward 107 Madhapur, Greater Hyderabad Municipal Corporation West Zone, Hyderabad, Serilingampalle mandal, Ranga Reddy, Telangana, 500084, India",place,suburb,19.0,1.0,[],False,False,False,False,False,False,False
CYBERCITY_NALLAGANDLA,CYBERCITY,GACHIBOWLI,GACHIBOWLI,NALLAGANDLA,found,17.4774828,78.3060359,3_looks_ok,,,7.1,5.9,"Nallagandla, Hyderabad, Telangana",False,"Nallagandla, Chandanagar, Lingampally, Greater Hyderabad Municipal Corporation West Zone, Hyderabad, Serilingampalle mandal, Ranga Reddy, Telangana, 500019, India",place,neighbourhood,24.0,2.0,"[{""name"": ""Nallagandla Chervu, Greater Hyderabad Municipal Corporation West Zone, Hyderabad, Serilingampalle mandal, Ranga Reddy, Telangana, India"", ""lat"": ""17.4689276"", ""lon"": ""78.3154189""}]",False,False,False,False,False,False,False
CYBERCITY_TARANAGAR,CYBERCITY,GACHIBOWLI,GACHIBOWLI,TARANAGAR,found,17.4926497,78.3184691,3_looks_ok,,,6.7,4.8,"Taranagar, Hyderabad, Telangana",False,"Taranagar, Ward 110 Chandanagar, Greater Hyderabad Municipal Corporation West Zone, Hyderabad, Serilingampalle mandal, Ranga Reddy, Telangana, 500050, India",place,neighbourhood,24.0,3.0,"[{""name"": ""Taranagar, Old Bombay Road, Sivaji Nagar, Ward 110 Chandanagar, Greater Hyderabad Municipal Corporation West Zone, Hyderabad, Serilingampalle mandal, Ranga Reddy, Telangana, 500019, India"", ""lat"": ""17.4895282"", ""lon"": ""78.3193095""}, {""name"": ""Taranagar, Tuljabhavani street, Taranagar, Chandanagar, Lingampally, Greater Hyderabad Municipal Corporation West Zone, Hyderabad, Serilingampalle mandal, Ranga Reddy, Telangana, 500019, India"", ""lat"": ""17.4904133"", ""lon"": ""78.3169547""}]",False,False,False,False,False,False,False
CYBERCITY_VASANTH_NAGAR,CYBERCITY,GACHIBOWLI,CHANDA NAGAR,VASANTH NAGAR,found,17.4938648,78.3862078,3_looks_ok,,,4.9,4.1,"Vasanth Nagar, Hyderabad, Telangana",False,"Vasanth Nagar, Ward 114 KPHB Colony, Greater Hyderabad Municipal Corporation West Zone, Hyderabad, Kukatpally mandal, Medchal–Malkajgiri, Telangana, 500085, India",place,neighbourhood,24.0,1.0,[],False,False,False,False,False,False,False
CYBERCITY_WHITE_FIELD,CYBERCITY,KONDAPUR,KONDAPUR,WHITE FIELD,found,17.4543363,78.36589,3_looks_ok,,,0.3,4.4,"Whitefields Kondapur, Hyderabad, Telangana",True,"Whitefields, Kothaguda, Ward 104 Kondapur, Greater Hyderabad Municipal Corporation West Zone, Hyderabad, Serilingampalle mandal, Ranga Reddy, Telangana, 500084, India",place,neighbourhood,24.0,1.0,[],False,False,False,False,False,False,False
HABSIGUDA_HABSIGUDA,HABSIGUDA,HABSIGUDA,HABSIGUDA,HABSIGUDA,found,17.4154761,78.5426918,3_looks_ok,,,4.5,1.6,"Habsiguda, Hyderabad, Telangana",False,"Habsiguda, Ward 8 Habsiguda, Greater Hyderabad Municipal Corporation East Zone, Hyderabad, Uppal mandal, Medchal–Malkajgiri, Telangana, 500007, India",place,suburb,19.0,2.0,"[{""name"": ""Habsiguda, Habsiguda Main Road, Kakatiya Nagar, Habsiguda, Ward 8 Habsiguda, Greater Hyderabad Municipal Corporation East Zone, Hyderabad, Uppal mandal, Medchal\u2013Malkajgiri, Telangana, 500007, India"", ""lat"": ""17.4201800"", ""lon"": ""78.5405480""}]",False,False,False,False,False,False,False
HABSIGUDA_KUSHAIGUDA,HABSIGUDA,SAINIKPURI,SAINIKPURI,KUSHAIGUDA,found,17.4825451,78.5726444,3_looks_ok,,,3.7,2.8,"Kushaiguda, Hyderabad, Telangana",False,"Kushaiguda, Ward 3 Cherlapally, Greater Hyderabad Municipal Corporation East Zone, Hyderabad, Kapra mandal, Medchal–Malkajgiri, Telangana, 500062, India",place,suburb,19.0,1.0,[],False,False,False,False,False,False,False
HABSIGUDA_MALKAJGIRI,HABSIGUDA,SAINIKPURI,MALKAJGIRI,MALKAJGIRI,found,17.4511764,78.5368997,3_looks_ok,,,2.8,3.4,"Malkajgiri, Hyderabad, Telangana",False,"Malkajgiri, Hyderabad, Malkajgiri mandal, Medchal–Malkajgiri, Telangana, 500017, India",place,town,18.0,2.0,"[{""name"": ""Malkajgiri, street number 16, Mallikarjuna Nagar, Ward 141 Gautham Nagar, Greater Hyderabad Municipal Corporation North Zone, Hyderabad, Malkajgiri mandal, Medchal\u2013Malkajgiri, Telangana, 500017, India"", ""lat"": ""17.4483438"", ""lon"": ""78.5289727""}]",False,False,False,False,False,False,False
HABSIGUDA_MALLAPUR,HABSIGUDA,HABSIGUDA,HABSIGUDA,MALLAPUR,found,17.4405369,78.5788551,3_looks_ok,,,2.2,4.8,"Mallapur, Hyderabad, Telangana",False,"Mallapur, Ward 5 Mallapur, Greater Hyderabad Municipal Corporation East Zone, Hyderabad, Uppal mandal, Medchal–Malkajgiri, Telangana, 500076, India",place,neighbourhood,24.0,1.0,[],False,False,False,False,False,False,False
HABSIGUDA_MOULAALI,HABSIGUDA,SAINIKPURI,A S RAO NAGAR,MOULAALI,found,17.46171,78.5571396,3_looks_ok,,,1.4,1.7,"Moula Ali, Hyderabad, Telangana",True,"Moula Ali, Ward 138 Moula Ali, Greater Hyderabad Municipal Corporation North Zone, Hyderabad, Malkajgiri mandal, Medchal–Malkajgiri, Telangana, 500040, India",place,suburb,19.0,2.0,"[{""name"": ""Moula Ali, Maula Ali Flyover, Ambedkar Nagar, Ward 139 East Anand Bagh, Greater Hyderabad Municipal Corporation North Zone, Hyderabad, Malkajgiri mandal, Medchal\u2013Malkajgiri, Telangana, 500076, India"", ""lat"": ""17.4407394"", ""lon"": ""78.5506697""}]",False,False,False,False,False,False,False
HABSIGUDA_NACHARAM,HABSIGUDA,HABSIGUDA,HABSIGUDA,NACHARAM,found,17.4284936,78.5528098,3_looks_ok,,,2.8,2.2,"Nacharam, Hyderabad, Telangana",False,"Nacharam, Ward 6 Nacharam, Greater Hyderabad Municipal Corporation East Zone, Hyderabad, Uppal mandal, Medchal–Malkajgiri, Telangana, 500076, India",place,suburb,19.0,1.0,[],False,False,False,False,False,False,False
HABSIGUDA_NEREDMET,HABSIGUDA,SAINIKPURI,A S RAO NAGAR,NEREDMET,found,17.470446,78.5360054,3_looks_ok,,,3.6,2.3,"Neredmet, Hyderabad, Telangana",False,"Neredmet, Ward 140 Malkajgiri, Greater Hyderabad Municipal Corporation North Zone, Hyderabad, Malkajgiri mandal, Medchal–Malkajgiri, Telangana, 500056, India",place,suburb,19.0,3.0,"[{""name"": ""Neredmet, Malkajagiri Road, Kakatiya Nagar, Safilguda, Ward 136 Neredmet, Greater Hyderabad Municipal Corporation North Zone, Hyderabad, Malkajgiri mandal, Medchal\u2013Malkajgiri, Telangana, 500056, India"", ""lat"": ""17.4780888"", ""lon"": ""78.5366517""}, {""name"": ""Neredmet, Malkajgiri - Neredmet Road, Ramakrishnapuram, Neredmet, Ward 140 Malkajgiri, Greater Hyderabad Municipal Corporation North Zone, Hyderabad, Malkajgiri mandal, Medchal\u2013Malkajgiri, Telangana, 500056, India"", ""lat"": ""17.4723112"", ""lon"": ""78.5387358""}]",False,False,False,False,False,False,False
HABSIGUDA_RAMANTHAPUR,HABSIGUDA,HABSIGUDA,UPPAL,RAMANTHAPUR,found,17.3885044,78.5371677,3_looks_ok,,,7.5,4.0,"Ramanthapur, Hyderabad, Telangana",False,"Ward 9 Ramanthapur, Greater Hyderabad Municipal Corporation East Zone, Hyderabad, Uppal mandal, Medchal–Malkajgiri, Telangana, India",boundary,administrative,20.0,3.0,"[{""name"": ""ramanthapur lake, Habsiguda, Ward 8 Habsiguda, Greater Hyderabad Municipal Corporation East Zone, Hyderabad, Uppal mandal, Medchal\u2013Malkajgiri, Telangana, India"", ""lat"": ""17.4018585"", ""lon"": ""78.5403825""}, {""name"": ""Ramanthapur Cheruvu, Habsiguda, Ward 8 Habsiguda, Greater Hyderabad Municipal Corporation East Zone, Hyderabad, Uppal mandal, Medchal\u2013Malkajgiri, Telangana, India"", ""lat"": ""17.4016390"", ""lon"": ""78.5403749""}]",False,False,False,False,False,False,False
HABSIGUDA_SAINIKPURI,HABSIGUDA,SAINIKPURI,SAINIKPURI,SAINIKPURI,found,17.4892154,78.5424889,3_looks_ok,,,4.8,2.7,"Sainikpuri, Hyderabad, Telangana",False,"Sainikpuri, Ward 1 Kapra, Greater Hyderabad Municipal Corporation East Zone, Hyderabad, Kapra mandal, Medchal–Malkajgiri, Telangana, 500094, India",place,suburb,19.0,1.0,[],False,False,False,False,False,False,False
HABSIGUDA_UPPAL,HABSIGUDA,HABSIGUDA,UPPAL,UPPAL,found,17.4025091,78.5612562,3_looks_ok,,,5.4,2.3,"Uppal, Hyderabad, Telangana",False,"Uppal, Ward 7 Chilka Nagar, Greater Hyderabad Municipal Corporation East Zone, Hyderabad, Uppal mandal, Medchal–Malkajgiri, Telangana, 500039, India",place,suburb,19.0,2.0,"[{""name"": ""Uppal, Inner Ring Road, Saraswati Colony, Ward 10 Uppal, Greater Hyderabad Municipal Corporation East Zone, Hyderabad, Uppal mandal, Medchal\u2013Malkajgiri, Telangana, 500039, India"", ""lat"": ""17.4001610"", ""lon"": ""78.5601834""}]",False,False,False,False,False,False,False
HABSIGUDA_YAPRAL,HABSIGUDA,SAINIKPURI,SAINIKPURI,YAPRAL,found,17.5030543,78.5407976,3_looks_ok,,,6.3,4.1,"Yapral, Hyderabad, Telangana",False,"Yapral, Ward 136 Neredmet, Greater Hyderabad Municipal Corporation North Zone, Hyderabad, Alwal mandal, Medchal–Malkajgiri, Telangana, 500094, India",place,suburb,19.0,1.0,[],False,False,False,False,False,False,False
HYDERABAD_CENTRAL_ABIDS,HYDERABAD CENTRAL,SAIFABAD,HYDERGUDA,ABIDS,found,17.3894783,78.477182,3_looks_ok,,,1.3,1.7,"Abids, Hyderabad, Telangana",False,"Abids, Ward 77 Jambagh, Greater Hyderabad Municipal Corporation Central Zone, Hyderabad, Nampally mandal, Hyderabad, Telangana, 500095, India",place,suburb,19.0,1.0,[],False,False,False,False,False,False,False
HYDERABAD_CENTRAL_AMBERPET,HYDERABAD CENTRAL,AZAMABAD,AMBERPET,AMBERPET,found,17.3978928,78.5175088,3_looks_ok,,,5.5,,"Amberpet, Hyderabad",False,"Ward 84 Bagh Amberpet, Greater Hyderabad Municipal Corporation Central Zone, Hyderabad, Amberpet mandal, Hyderabad, Telangana, 353535, India",boundary,administrative,20.0,3.0,"[{""score"": 5.16, ""km_from_expected"": 5.16, ""query"": ""Amberpet, Hyderabad"", ""lat"": 17.385699, ""lon"": 78.5218948, ""name"": ""Ward 83 Amberpet, Greater Hyderabad Municipal Corporation Central Zone, Hyderabad, Amberpet mandal, Hyderabad, Telangana, 500013, India"", ""category"": ""boundary"", ""type"": ""administrative"", ""place_rank"": 20}, {""score"": 14.14, ""km_from_expected"": 4.14, ""query"": ""Amberpet, Hyderabad"", ""lat"": 17.3861776, ""lon"": 78.5114709, ""name"": ""Amberpet mandal, Hyderabad, Telangana, India"", ""category"": ""boundary"", ""type"": ""administrative"", ""place_rank"": 12}]",False,False,False,False,False,False,False
HYDERABAD_CENTRAL_GOLCONDA,HYDERABAD CENTRAL,MEHDIPATNAM,GOLCONDA,GOLCONDA,found,17.3873294,78.4057336,3_looks_ok,,,7.5,2.6,"Golconda, Hyderabad, Telangana",False,"Golconda, Ward 67 Golconda, Greater Hyderabad Municipal Corporation Central Zone, Hyderabad, Golconda mandal, Hyderabad, Telangana, 500008, India",place,suburb,19.0,2.0,"[{""name"": ""Golconda mandal, Hyderabad, Telangana, 500048, India"", ""lat"": ""17.3823146"", ""lon"": ""78.4120254""}]",False,False,False,False,False,False,False
HYDERABAD_CENTRAL_GOLNAKA,HYDERABAD CENTRAL,AZAMABAD,AMBERPET,GOLNAKA,found,17.3901064,78.5083605,3_looks_ok,,,4.5,,"Golnaka, Hyderabad, Telangana",False,"Golnaka, Ward 82 Golnaka, Greater Hyderabad Municipal Corporation Central Zone, Hyderabad, Amberpet mandal, Hyderabad, Telangana, 500044, India",place,neighbourhood,24.0,2.0,"[{""name"": ""Ward 82 Golnaka, Greater Hyderabad Municipal Corporation Central Zone, Hyderabad, Amberpet mandal, Hyderabad, Telangana, India"", ""lat"": ""17.3867837"", ""lon"": ""78.5072175""}]",False,False,False,False,False,False,False
HYDERABAD_CENTRAL_GUNFOUNDRY,HYDERABAD CENTRAL,SAIFABAD,HYDERGUDA,GUNFOUNDRY,found,17.3936441,78.4756654,3_looks_ok,,,1.0,1.2,"Gunfoundry, Hyderabad, Telangana",False,"Ward 78 Gunfoundry, Greater Hyderabad Municipal Corporation Central Zone, Hyderabad, Nampally mandal, Hyderabad, Telangana, India",boundary,administrative,20.0,3.0,"[{""name"": ""Gunfoundry Street Number 3, Gun Foundry, Ward 78 Gunfoundry, Greater Hyderabad Municipal Corporation Central Zone, Hyderabad, Nampally mandal, Hyderabad, Telangana, 500001, India"", ""lat"": ""17.3947505"", ""lon"": ""78.4777361""}, {""name"": ""Gunfoundry Street Number 5, Gun Foundry, Ward 78 Gunfoundry, Greater Hyderabad Municipal Corporation Central Zone, Hyderabad, Nampally mandal, Hyderabad, Telangana, 500001, India"", ""lat"": ""17.3946220"", ""lon"": ""78.4792206""}]",False,False,False,False,False,False,False
HYDERABAD_CENTRAL_HIMAYAT_NAGAR,HYDERABAD CENTRAL,SAIFABAD,HYDERGUDA,HIMAYAT NAGAR,found,17.4039678,78.483456,3_looks_ok,,,2.2,0.8,"Himayat Nagar, Hyderabad, Telangana",False,"Himayat Nagar, Ward 79 Himayath Nagar, Greater Hyderabad Municipal Corporation Central Zone, Hyderabad, Himayatnagar mandal, Hyderabad, Telangana, 500029, India",place,suburb,19.0,1.0,[],False,False,False,False,False,False,False
HYDERABAD_CENTRAL_KAVADIGUDA,HYDERABAD CENTRAL,SAIFABAD,INDIRA PARK,KAVADIGUDA,found,17.4227022,78.4917695,3_looks_ok,,,4.2,2.7,"Kavadiguda, Hyderabad, Telangana",False,"Kavadiguda, Ward 90 Kavadiguda, Greater Hyderabad Municipal Corporation Central Zone, Hyderabad, Musheerabad mandal, Hyderabad, Telangana, 500080, India",place,suburb,19.0,1.0,[],False,False,False,False,False,False,False
HYDERABAD_CENTRAL_RETHI_BOWLI,HYDERABAD CENTRAL,MEHDIPATNAM,MEHDIPATNAM,RETHI BOWLI,found,17.3937454,78.4289691,3_looks_ok,,,5.0,1.7,"Rethibowli, Hyderabad",True,"Rethibowli, Mehdipatnam, Ward 70 Mehdipatnam, Greater Hyderabad Municipal Corporation Central Zone, Hyderabad, Asif Nagar mandal, Hyderabad, Telangana, 500028, India",place,neighbourhood,24.0,,"[{""score"": 8.0, ""km_from_expected"": 5.0, ""query"": ""Rethibowli, Hyderabad"", ""lat"": 17.3957045, ""lon"": 78.4308438, ""name"": ""Rethibowli, Golkonda Road, P&T Colony, Mehdipatnam, Ward 70 Mehdipatnam, Greater Hyderabad Municipal Corporation Central Zone, Hyderabad, Asif Nagar mandal, Hyderabad, Telangana, 500028, India"", ""category"": ""highway"", ""type"": ""bus_stop"", ""place_rank"": 30}, {""score"": 8.01, ""km_from_expected"": 5.01, ""query"": ""Rethibowli, Hyderabad"", ""lat"": 17.3960184, ""lon"": 78.4307445, ""name"": ""Rethibowli, Golkonda Road, Ward 69 Nanal Nagar, Greater Hyderabad Municipal Corporation Central Zone, Hyderabad, Asif Nagar mandal, Hyderabad, Telangana, 500028, India"", ""category"": ""highway"", ""type"": ""bus_stop"", ""place_rank"": 30}, {""score"": 13.4, ""km_from_expected"": 5.4, ""query"": ""Rethibowli, Hyderabad"", ""lat"": 17.3959377, ""lon"": 78.4270188, ""name"": ""Nanalnagar, Old Bombay Highway, Yousufain Hills, Tolichowki, Ward 69 Nanal Nagar, Greater Hyderabad Municipal Corporation Central Zone, Hyderabad, Shaikpet mandal, Hyderabad, Telangana, 500028, India"", ""category"": ""highway"", ""type"": ""bus_stop"", ""place_rank"": 30}]",False,False,False,False,False,False,False
HYDERABAD_CENTRAL_SAIFABAD,HYDERABAD CENTRAL,SAIFABAD,SAIFABAD,SAIFABAD,found,17.4047878,78.4658367,3_looks_ok,,,1.6,1.2,"Saifabad, Hyderabad, Telangana",False,"Saifabad, Ward 91 Khairatabad, Greater Hyderabad Municipal Corporation Central Zone, Hyderabad, Khairatabad mandal, Hyderabad, Telangana, 500004, India",place,suburb,19.0,1.0,[],False,False,False,False,False,False,False
HYDERABAD_CENTRAL_SHAIKPET,HYDERABAD CENTRAL,MEHDIPATNAM,GOLCONDA,SHAIKPET,found,17.4057955,78.4006536,3_looks_ok,,,8.1,3.5,"Shaikpet, Hyderabad, Telangana",False,"Shaikpet, Ward 94 Shaikpet, Greater Hyderabad Municipal Corporation Central Zone, Hyderabad, Shaikpet mandal, Hyderabad, Telangana, 500110, India",place,suburb,19.0,2.0,"[{""name"": ""Shaikpet mandal, Hyderabad, Telangana, India"", ""lat"": ""17.4134056"", ""lon"": ""78.4275478""}]",False,False,False,False,False,False,False
HYDERABAD_CENTRAL_SOMAJIGUDA,HYDERABAD CENTRAL,SAIFABAD,SAIFABAD,SOMAJIGUDA,found,17.4255053,78.4585197,3_looks_ok,,,4.0,3.1,"Somajiguda, Hyderabad, Telangana",False,"Somajiguda, Ward 97 Somajiguda, Greater Hyderabad Municipal Corporation Central Zone, Hyderabad, Khairatabad mandal, Hyderabad, Telangana, 500082, India",place,suburb,19.0,1.0,[],False,False,False,False,False,False,False
HYDERABAD_SOUTH_ATTAPUR,HYDERABAD SOUTH,CHARMINAR,MIR ALAM,ATTAPUR,found,17.3672244,78.4307278,3_looks_ok,,,5.0,5.2,"Attapur, Hyderabad, Telangana",False,"Attapur, Ward 61 Attapur, Greater Hyderabad Municipal Corporation South Zone, Hyderabad, Rajendranagar mandal, Ranga Reddy, Telangana, 500048, India",place,suburb,19.0,2.0,"[{""name"": ""Attapur, Old Mumbai Highway, Anand Nagar, Chandanagar, Lingampally, Greater Hyderabad Municipal Corporation West Zone, Hyderabad, Serilingampalle mandal, Ranga Reddy, Telangana, 500019, India"", ""lat"": ""17.4807899"", ""lon"": ""78.3224815""}]",False,False,False,False,False,False,False
HYDERABAD_SOUTH_CHANCHALGUDA,HYDERABAD SOUTH,ASMANGADH,CHANCHALGUDA,CHANCHALGUDA,found,17.3673732,78.4965799,3_looks_ok,,,2.4,2.2,"Chanchalguda, Hyderabad, Telangana",False,"Chanchalguda, Ward 29 Chawni, Greater Hyderabad Municipal Corporation South Zone, Hyderabad, Charminar mandal, Hyderabad, Telangana, 500024, India",place,neighbourhood,24.0,1.0,[],False,False,False,False,False,False,False
HYDERABAD_SOUTH_CHANDRAYANA_GUTTA,HYDERABAD SOUTH,CHARMINAR,FALAKNUMA,CHANDRAYANA GUTTA,found,17.3246955,78.4813558,3_looks_ok,,,4.2,4.0,"Chandrayangutta, Hyderabad",True,"Chandrayangutta, Ward 43 Chandrayangutta, Greater Hyderabad Municipal Corporation South Zone, Hyderabad, Bandlaguda mandal, Hyderabad, Telangana, 500005, India",place,suburb,19.0,,"[{""score"": 7.39, ""km_from_expected"": 4.39, ""query"": ""Chandrayanagutta, Hyderabad"", ""lat"": 17.3354173, ""lon"": 78.517776, ""name"": ""Chandrayanagutta Sub Station, rci road, Mithila Nagar, Karmanghat, Jillelaguda, Greater Hyderabad Municipal Corporation East Zone, Hyderabad, Bandlaguda mandal, Hyderabad, Telangana, 500097, India"", ""category"": ""building"", ""type"": ""substation"", ""place_rank"": 30}, {""score"": 8.3, ""km_from_expected"": 5.3, ""query"": ""Chandrayanagutta, Hyderabad"", ""lat"": 17.3071827, ""lon"": 78.4378724, ""name"": ""Nimra Colony Chandrayanagutta  (Basti Dawakhana), Temple Road, Katedan, Ward 59 Mailardevpally, Greater Hyderabad Municipal Corporation South Zone, Hyderabad, Rajendranagar mandal, Ranga Reddy, Telangana, 500077, India"", ""category"": ""amenity"", ""type"": ""health_post"", ""place_rank"": 30}, {""score"": 12.32, ""km_from_expected"": 4.32, ""query"": ""Chandrayanagutta, Hyderabad"", ""lat"": 17.3757979, ""lon"": 78.4710462, ""name"": ""Fathima Nagar , Chandrayanagutta (Basthi Dawakhana), Begum Bazar Road, Feelkhana, Afzalgunj, Ward 50 Begum Bazar, Greater Hyderabad Municipal Corporation Central Zone, Hyderabad, Nampally mandal, Hyderabad, Telangana, 500012, India"", ""category"": ""amenity"", ""type"": ""health_post"", ""place_rank"": 30}]",False,False,False,False,False,False,False
HYDERABAD_SOUTH_CHATRINAKA,HYDERABAD SOUTH,CHARMINAR,FALAKNUMA,CHATRINAKA,found,17.3420099,78.4777649,3_looks_ok,,,2.2,2.0,"Chatrinaka, Hyderabad, Telangana",False,"Chatrinaka, Ward 45 Jangammet, Greater Hyderabad Municipal Corporation South Zone, Hyderabad, Bandlaguda mandal, Hyderabad, Telangana, 500065, India",place,neighbourhood,24.0,1.0,[],False,False,False,False,False,False,False
HYDERABAD_SOUTH_CHUDI_BAZAR,HYDERABAD SOUTH,BEGUM BAZAR,BEGUM BAZAR,CHUDI BAZAR,found,17.3738134,78.4647791,3_looks_ok,,,1.9,3.6,"Chudi Bazar, Hyderabad, Telangana",False,"Chudi Bazaar, Begum Bazaar, Ward 50 Begum Bazar, Greater Hyderabad Municipal Corporation Central Zone, Hyderabad, Nampally mandal, Hyderabad, Telangana, 500002, India",place,neighbourhood,24.0,2.0,"[{""name"": ""Chudi Bazar, \u0645\u0633\u0644\u0645 \u062c\u0646\u06af \u067e\u0644\u06d4, Goshamahal, Ward 51 Goshamahal, Greater Hyderabad Municipal Corporation Central Zone, Hyderabad, Nampally mandal, Hyderabad, Telangana, 500002, India"", ""lat"": ""17.3708409"", ""lon"": ""78.4676899""}]",False,False,False,False,False,False,False
HYDERABAD_SOUTH_HUSSAINI_ALAM,HYDERABAD SOUTH,CHARMINAR,CHARMINAR,HUSSAINI ALAM,found,17.361886,78.4667506,3_looks_ok,,,1.1,1.7,"Hussaini Alam, Hyderabad, Telangana",False,"Hussaini Alam, Ward 52 Puranapool, Greater Hyderabad Municipal Corporation South Zone, Hyderabad, Bahadurpura mandal, Hyderabad, Telangana, 500064, India",place,suburb,19.0,1.0,[],False,False,False,False,False,False,False
HYDERABAD_SOUTH_KARWAN,HYDERABAD SOUTH,BEGUM BAZAR,SEETHARAM BAGH,KARWAN,found,17.376013,78.4331894,3_looks_ok,,,5.0,3.5,"Karwan, Hyderabad, Telangana",False,"Ward 65 Karwan, Greater Hyderabad Municipal Corporation Central Zone, Hyderabad, Asif Nagar mandal, Hyderabad, Telangana, India",boundary,administrative,20.0,3.0,"[{""name"": ""Karwan Sahu, Ward 65 Karwan, Greater Hyderabad Municipal Corporation Central Zone, Hyderabad, Asif Nagar mandal, Hyderabad, Telangana, 500264, India"", ""lat"": ""17.3734894"", ""lon"": ""78.4412105""}, {""name"": ""Karwan road, Tappa Chabutara, Ward 71 Gudimalkapur, Greater Hyderabad Municipal Corporation Central Zone, Hyderabad, Asif Nagar mandal, Hyderabad, Telangana, 500264, India"", ""lat"": ""17.3771163"", ""lon"": ""78.4426492""}]",False,False,False,False,False,False,False
HYDERABAD_SOUTH_KISHANBAGH,HYDERABAD SOUTH,CHARMINAR,MIR ALAM,KISHANBAGH,found,17.3608327,78.4427483,3_looks_ok,,,3.6,3.8,"Kishanbagh, Hyderabad, Telangana",False,"Ward 56 Kishanbagh, Greater Hyderabad Municipal Corporation South Zone, Hyderabad, Bahadurpura mandal, Hyderabad, Telangana, India",boundary,administrative,20.0,1.0,[],False,False,False,False,False,False,False
HYDERABAD_SOUTH_MOGHAL_PURA,HYDERABAD SOUTH,CHARMINAR,CHARMINAR,MOGHAL PURA,found,17.3575281,78.4770839,3_looks_ok,,,0.5,0.9,"Moghalpura, Hyderabad",True,"Moghalpura, Ward 32 Patthergatti, Greater Hyderabad Municipal Corporation South Zone, Hyderabad, Charminar mandal, Hyderabad, Telangana, 500065, India",place,suburb,19.0,,[],False,False,False,False,False,False,False
HYDERABAD_SOUTH_TROOP_BAZAR,HYDERABAD SOUTH,BEGUM BAZAR,TROOP BAZAR,TROOP BAZAR,found,17.3849929,78.4785324,3_looks_ok,,,2.7,4.9,"Troop Bazar, Hyderabad, Telangana",False,"Troop Bazaar, Abids, Ward 77 Jambagh, Greater Hyderabad Municipal Corporation Central Zone, Hyderabad, Nampally mandal, Hyderabad, Telangana, 500095, India",place,neighbourhood,24.0,1.0,[],False,False,False,False,False,False,False
MEDCHAL_ALLWYN_COLONY,MEDCHAL,KUKATPALLY,KUKATPALLY,ALLWYN COLONY,found,17.5043618,78.4149849,3_looks_ok,,,1.6,3.8,"Allwyn Colony, Hyderabad, Telangana",False,"Allwyn Colony, Ward 124 Alwyn Colony, Greater Hyderabad Municipal Corporation West Zone, Hyderabad, Kukatpally mandal, Medchal–Malkajgiri, Telangana, 500047, India",place,neighbourhood,24.0,3.0,"[{""name"": ""Allwyn Colony, Madinaguda, Ward 109 Hafeezpet, Greater Hyderabad Municipal Corporation West Zone, Hyderabad, Serilingampalle mandal, Ranga Reddy, Telangana, 500049, India"", ""lat"": ""17.4920354"", ""lon"": ""78.3499531""}, {""name"": ""Allwyn colony, Patancheru, Ward 113 Patancheruvu, Greater Hyderabad Municipal Corporation West Zone, Hyderabad, Patancheruvu mandal, Sangareddy, Telangana, 502319, India"", ""lat"": ""17.5354735"", ""lon"": ""78.2801030""}]",False,False,False,False,False,False,False
MEDCHAL_BHAGYA_NAGAR,MEDCHAL,KUKATPALLY,KUKATPALLY,BHAGYA NAGAR,found,17.4974865,78.403275,3_looks_ok,,,2.8,2.5,"Bhagyanagar, Hyderabad",True,"Bhagyanagar Colony, Ward 124 Alwyn Colony, Greater Hyderabad Municipal Corporation West Zone, Hyderabad, Kukatpally mandal, Medchal–Malkajgiri, Telangana, 500072, India",place,neighbourhood,24.0,1.0,"[{""score"": 3.92, ""km_from_expected"": 0.92, ""query"": ""Bhagyanagar, Hyderabad"", ""lat"": 17.4944433, ""lon"": 78.4027422, ""name"": ""Bhagyanagar Saibaba temple, Usha Mullapudi Rd, Satavahana Nagar, Ward 123 Hydernagar, Greater Hyderabad Municipal Corporation West Zone, Hyderabad, Kukatpally mandal, Medchal\u2013Malkajgiri, Telangana, 500072, India"", ""category"": ""amenity"", ""type"": ""place_of_worship"", ""place_rank"": 30}, {""score"": 4.14, ""km_from_expected"": 1.14, ""query"": ""Bhagyanagar, Hyderabad"", ""lat"": 17.497514, ""lon"": 78.3994914, ""name"": ""Bhagyanagar Colony Ext Rd, Satavahana Nagar, Ward 123 Hydernagar, Greater Hyderabad Municipal Corporation West Zone, Hyderabad, Kukatpally mandal, Medchal\u2013Malkajgiri, Telangana, 500072, India"", ""category"": ""highway"", ""type"": ""residential"", ""place_rank"": 26}, {""score"": 4.16, ""km_from_expected"": 1.16, ""query"": ""Bhagyanagar, Hyderabad"", ""lat"": 17.5031636, ""lon"": 78.4002902, ""name"": ""Bhagyanagar Hills Road, HMT Hills, Satavahana Nagar, Ward 123 Hydernagar, Greater Hyderabad Municipal Corporation West Zone, Hyderabad, Kukatpally mandal, Medchal\u2013Malkajgiri, Telangana, 500072, India"", ""category"": ""highway"", ""type"": ""secondary"", ""place_rank"": 26}, {""score"": 4.37, ""km_from_expected"": 1.37, ""query"": ""Bhagyanagar, Hyderabad"", ""lat"": 17.503002, ""lon"": 78.3981248, ""name"": ""Bhagyanagar Hills Road, HMT Hills, Satavahana Nagar, Ward 123 Hydernagar, Greater Hyderabad Municipal Corporation West Zone, Hyderabad, Kukatpally mandal, Medchal\u2013Malkajgiri, Telangana, 500085, India"", ""category"": ""highway"", ""type"": ""secondary"", ""place_rank"": 26}]",False,False,False,False,False,False,False
MEDCHAL_BOWRAMPET,MEDCHAL,JEEDIMETLA,JEEDIMETLA,BOWRAMPET,found,17.5610356,78.3982185,3_looks_ok,,,5.4,7.0,"Bowrampet, Telangana",False,"Bowrampet, Dundigal mandal, Medchal–Malkajgiri, Telangana, 500090, India",place,suburb,19.0,2.0,"[{""name"": ""bowrampet, Medak Road, Bowrampet, Dundigal mandal, Medchal\u2013Malkajgiri, Telangana, 500043, India"", ""lat"": ""17.5615155"", ""lon"": ""78.4032321""}]",False,False,False,False,False,False,False
MEDCHAL_GAJULARAMARAM,MEDCHAL,MEDCHAL,QUTBULLAPUR,GAJULARAMARAM,found,17.5271759,78.4200077,3_looks_ok,,,1.7,5.7,"Gajularamaram, Hyderabad, Telangana",False,"Gajularamaram, Ward 125 Gajularamaram, Greater Hyderabad Municipal Corporation North Zone, Hyderabad, Quthbullapur mandal, Medchal–Malkajgiri, Telangana, 500055, India",place,suburb,19.0,1.0,[],False,False,False,False,False,False,False
MEDCHAL_HYDERNAGAR,MEDCHAL,KUKATPALLY,MIYAPUR,HYDERNAGAR,found,17.4984629,78.3819018,3_looks_ok,,,4.4,0.2,"Hydernagar, Hyderabad, Telangana",False,"Hydernagar, Ward 114 KPHB Colony, Greater Hyderabad Municipal Corporation West Zone, Hyderabad, Kukatpally mandal, Medchal–Malkajgiri, Telangana, 500085, India",place,neighbourhood,24.0,2.0,"[{""name"": ""Ward 123 Hydernagar, Greater Hyderabad Municipal Corporation West Zone, Hyderabad, Kukatpally mandal, Medchal\u2013Malkajgiri, Telangana, India"", ""lat"": ""17.5029098"", ""lon"": ""78.3880899""}]",False,False,False,False,False,False,False
MEDCHAL_JAGADGIRI_GUTTA,MEDCHAL,MEDCHAL,QUTBULLAPUR,JAGADGIRI GUTTA,found,17.5020418,78.4260747,3_looks_ok,,,2.5,6.4,"Jagadgirigutta, Hyderabad",True,"Jagadgirigutta, Ward 126 Jagathgirigutta, Greater Hyderabad Municipal Corporation North Zone, Hyderabad, Kukatpally mandal, Medchal–Malkajgiri, Telangana, 500047, India",place,suburb,19.0,,"[{""score"": 5.2, ""km_from_expected"": 5.2, ""query"": ""Jagathgirigutta, Hyderabad"", ""lat"": 17.5058259, ""lon"": 78.4241102, ""name"": ""Ward 126 Jagathgirigutta, Greater Hyderabad Municipal Corporation North Zone, Hyderabad, Kukatpally mandal, Medchal\u2013Malkajgiri, Telangana, India"", ""category"": ""boundary"", ""type"": ""administrative"", ""place_rank"": 20}, {""score"": 8.62, ""km_from_expected"": 5.62, ""query"": ""Jagathgirigutta, Hyderabad"", ""lat"": 17.4993176, ""lon"": 78.4226016, ""name"": ""Jagathgirigutta, Kukatpally-Jagathgiri Gutta Road, Ward 122 Vivekananda Nagar Colony, Greater Hyderabad Municipal Corporation West Zone, Hyderabad, Kukatpally mandal, Medchal\u2013Malkajgiri, Telangana, 500047, India"", ""category"": ""amenity"", ""type"": ""childcare"", ""place_rank"": 30}]",False,False,False,False,False,False,False
MEDCHAL_KUKATPALLY,MEDCHAL,KUKATPALLY,KUKATPALLY,KUKATPALLY,found,17.4930841,78.4054408,3_looks_ok,,,3.1,2.8,"Kukatpally, Hyderabad, Telangana",False,"Kukatpally, Ward 122 Vivekananda Nagar Colony, Greater Hyderabad Municipal Corporation West Zone, Hyderabad, Kukatpally mandal, Medchal–Malkajgiri, Telangana, 500072, India",place,suburb,19.0,2.0,"[{""name"": ""Kukatpally, Kukkatpally Main Road - Mumbai Highway, Sumitra Nagar, Kukatpally, Ward 122 Vivekananda Nagar Colony, Greater Hyderabad Municipal Corporation West Zone, Hyderabad, Kukatpally mandal, Medchal\u2013Malkajgiri, Telangana, 500047, India"", ""lat"": ""17.4850883"", ""lon"": ""78.4116380""}]",False,False,False,False,False,False,False
MEDCHAL_MIYAPUR,MEDCHAL,KUKATPALLY,MIYAPUR,MIYAPUR,found,17.4981608,78.3567628,3_looks_ok,,,6.8,2.7,"Miyapur, Hyderabad, Telangana",False,"Miyapur, Ward 108 Miyapur, Greater Hyderabad Municipal Corporation West Zone, Hyderabad, Serilingampalle mandal, Ranga Reddy, Telangana, 500049, India",place,suburb,19.0,2.0,"[{""name"": ""Miyapur, Nizampet - Miyapur Road Mumbai Highway, Miyapur, Ward 108 Miyapur, Greater Hyderabad Municipal Corporation West Zone, Hyderabad, Serilingampalle mandal, Ranga Reddy, Telangana, 500049, India"", ""lat"": ""17.4965392"", ""lon"": ""78.3730252""}]",False,False,False,False,False,False,False
MEDCHAL_PRAGATHI_NAGAR,MEDCHAL,JEEDIMETLA,JEEDIMETLA,PRAGATHI NAGAR,found,17.5200154,78.3968876,3_looks_ok,,,2.2,5.7,"Pragathi Nagar, Hyderabad, Telangana",False,"Pragathi Nagar, Bachupally mandal, Greater Hyderabad Municipal Corporation North Zone, Hyderabad, Medchal–Malkajgiri, Telangana, 501002, India",place,suburb,19.0,2.0,"[{""name"": ""Pragathi Nagar, Ward 12 Mansoorabad, Greater Hyderabad Municipal Corporation East Zone, Hyderabad, Ranga Reddy, Telangana, 501505, India"", ""lat"": ""17.3346560"", ""lon"": ""78.6077549""}]",False,False,False,False,False,False,False
MEDCHAL_QUTHBULLAPUR,MEDCHAL,MEDCHAL,QUTBULLAPUR,QUTHBULLAPUR,found,17.4966655,78.4606445,3_looks_ok,,,5.9,4.8,"Quthbullapur, Hyderabad, Telangana",False,"Ward 131 Quthbullapur, Greater Hyderabad Municipal Corporation North Zone, Hyderabad, Quthbullapur mandal, Medchal–Malkajgiri, Telangana, India",boundary,administrative,20.0,3.0,"[{""name"": ""Quthbullapur Main Road, Venkateswara Nagar, Ward 131 Quthbullapur, Greater Hyderabad Municipal Corporation North Zone, Hyderabad, Quthbullapur mandal, Medchal\u2013Malkajgiri, Telangana, 500009, India"", ""lat"": ""17.5021489"", ""lon"": ""78.4546187""}, {""name"": ""Quthbullapur Main Road, Ayodhya Nagar, Qutubullapur, Ward 132 Jeedimetla, Greater Hyderabad Municipal Corporation North Zone, Hyderabad, Quthbullapur mandal, Medchal\u2013Malkajgiri, Telangana, 500009, India"", ""lat"": ""17.5045122"", ""lon"": ""78.4587452""}]",False,False,False,False,False,False,False
MEDCHAL_SHAPURNAGAR,MEDCHAL,JEEDIMETLA,SHAPUR NAGAR,SHAPURNAGAR,found,17.5173373,78.4450956,3_looks_ok,,,3.7,2.8,"Shapur Nagar, Hyderabad",True,"Shapur Nagar, Greater Hyderabad Municipal Corporation North Zone, Hyderabad, Quthbullapur mandal, Medchal–Malkajgiri, Telangana, India",place,village,19.0,,"[{""score"": 3.18, ""km_from_expected"": 3.18, ""query"": ""Shapur Nagar, Hyderabad"", ""lat"": 17.5146989, ""lon"": 78.4473499, ""name"": ""Shapur Nagar, Ward 130 Subash Nagar, Greater Hyderabad Municipal Corporation North Zone, Hyderabad, Quthbullapur mandal, Medchal\u2013Malkajgiri, Telangana, 500055, India"", ""category"": ""place"", ""type"": ""neighbourhood"", ""place_rank"": 24}]",False,False,False,False,False,False,False
RAJENDRA_NAGAR_KATEDAN,RAJENDRA NAGAR,RAJENDRA NAGAR,GAGANPAHAD,KATEDAN,found,17.3026835,78.4398207,3_looks_ok,,,0.2,3.3,"Katedan, Hyderabad, Telangana",False,"Katedan, Ward 59 Mailardevpally, Greater Hyderabad Municipal Corporation South Zone, Hyderabad, Rajendranagar mandal, Ranga Reddy, Telangana, 500077, India",place,suburb,19.0,1.0,[],False,False,False,False,False,False,False
RAJENDRA_NAGAR_MD_PALLY,RAJENDRA NAGAR,RAJENDRA NAGAR,GAGANPAHAD,MD PALLY,found,17.3200218,78.4460585,3_looks_ok,,,2.3,3.1,"Mailardevpally, Hyderabad",True,"Mailardevpally, Ward 59 Mailardevpally, Greater Hyderabad Municipal Corporation South Zone, Hyderabad, Rajendranagar mandal, Ranga Reddy, Telangana, 500077, India",place,suburb,19.0,2.0,[],False,False,False,False,False,False,False
RAJENDRA_NAGAR_SHASTRIPURAM,RAJENDRA NAGAR,RAJENDRA NAGAR,GAGANPAHAD,SHASTRIPURAM,found,17.3327514,78.4502307,3_looks_ok,,,3.8,3.8,"Shastripuram, Hyderabad, Telangana",False,"Shastripuram, Ward 58 Shastripuram, Greater Hyderabad Municipal Corporation South Zone, Hyderabad, Bahadurpura mandal, Hyderabad, Telangana, 500064, India",place,neighbourhood,24.0,2.0,"[{""name"": ""Ward 58 Shastripuram, Greater Hyderabad Municipal Corporation South Zone, Hyderabad, Rajendranagar mandal, Ranga Reddy, Telangana, India"", ""lat"": ""17.3232759"", ""lon"": ""78.4515682""}]",False,False,False,False,False,False,False
SAROORNAGAR_BAIRAMALGUDA,SAROORNAGAR,CHAMPAPET,VANASTHALIPURAM,BAIRAMALGUDA,found,17.3421597,78.5457628,3_looks_ok,,,2.2,2.7,"Bairamalguda, Hyderabad, Telangana",False,"Bairamalguda, Hayathnagar mandal, Greater Hyderabad Municipal Corporation East Zone, Hyderabad, Ranga Reddy, Telangana, 500074, India",place,suburb,19.0,1.0,[],False,False,False,False,False,False,False
SAROORNAGAR_BANDLAGUDA,SAROORNAGAR,SAROORNAGAR,L B NAGAR,BANDLAGUDA,found,17.3714879,78.5727265,3_looks_ok,,,4.9,3.4,"Bandlaguda, Hyderabad, Telangana",False,"Bandlaguda, Ward 11 Nagole, Greater Hyderabad Municipal Corporation East Zone, Hyderabad, Uppal mandal, Medchal–Malkajgiri, Telangana, 500068, India",place,suburb,19.0,3.0,"[{""name"": ""Bandlaguda, Chandrayangutta, Ward 43 Chandrayangutta, Greater Hyderabad Municipal Corporation South Zone, Hyderabad, Bandlaguda mandal, Hyderabad, Telangana, 500005, India"", ""lat"": ""17.3145960"", ""lon"": ""78.4701106""}, {""name"": ""Bandlaguda, Hydrabad Paper mill Road, Patancheru, Ward 113 Patancheruvu, Greater Hyderabad Municipal Corporation West Zone, Hyderabad, Patancheruvu mandal, Sangareddy, Telangana, 502319, India"", ""lat"": ""17.5291099"", ""lon"": ""78.2780119""}]",False,False,False,False,False,False,False
SAROORNAGAR_BN_REDDY_NAGAR,SAROORNAGAR,CHAMPAPET,VANASTHALIPURAM,BN REDDY NAGAR,found,17.3197609,78.5623061,3_looks_ok,,,1.4,4.1,"Bn Reddy Nagar, Hyderabad",False,"BN Reddy Nagar, Hayathnagar mandal, Greater Hyderabad Municipal Corporation East Zone, Hyderabad, Ranga Reddy, Telangana, 500070, India",place,neighbourhood,24.0,3.0,"[{""score"": 7.58, ""km_from_expected"": 4.58, ""query"": ""B N Reddy Nagar, Hyderabad"", ""lat"": 17.321914, ""lon"": 78.5597937, ""name"": ""B.N Reddy Nagar Bus Stop, Hyderabad - Nagarjuna Sagar Road, Hasthinapuram South, Ward 14 BN Reddy Nagar, Greater Hyderabad Municipal Corporation East Zone, Hyderabad, Ranga Reddy, Telangana, 500070, India"", ""category"": ""amenity"", ""type"": ""bus_station"", ""place_rank"": 30}, {""score"": 14.28, ""km_from_expected"": 6.28, ""query"": ""B N Reddy Nagar, Hyderabad"", ""lat"": 17.3294795, ""lon"": 78.5798303, ""name"": ""pakodi, 35, Vanasthalipuram Rd, Bhoolakshmi Nagar, B.N Reddy Nagar, Hyderabad, Telangana 500070, Raithu Bazar Road, Raithu Bazar, Vanasthalipuram, Ward 13 Hayath Nagar, Greater Hyderabad Municipal Corporation East Zone, Hyderabad, Ranga Reddy, Telangana, 500070, India"", ""category"": ""amenity"", ""type"": ""fast_food"", ""place_rank"": 30}, {""score"": 15.26, ""km_from_expected"": 15.26, ""query"": ""Bn Reddy Nagar, Hyderabad"", ""lat"": 17.462147, ""lon"": 78.5921097, ""name"": ""BN Reddy Nagar, Cherlapally, Ward 3 Cherlapally, Greater Hyderabad Municipal Corporation East Zone, Hyderabad, Kapra mandal, Medchal\u2013Malkajgiri, Telangana, 500040, India"", ""category"": ""place"", ""type"": ""neighbourhood"", ""place_rank"": 24}, {""score"": 18.53, ""km_from_expected"": 15.53, ""query"": ""Bn Reddy Nagar, Hyderabad"", ""lat"": 17.4628833, ""lon"": 78.5958189, ""name"": ""BN Reddy Nagar, Cherlapally, Ward 3 Cherlapally, Greater Hyderabad Municipal Corporation East Zone, Hyderabad, Kapra mandal, Medchal\u2013Malkajgiri, Telangana, 500083, India"", ""category"": ""highway"", ""type"": ""residential"", ""place_rank"": 26}]",False,False,False,False,False,False,False
SAROORNAGAR_CHAMPAPET,SAROORNAGAR,CHAMPAPET,CHAMPAPET,CHAMPAPET,found,17.3445706,78.5169717,3_looks_ok,,,5.1,2.9,"Champapet, Hyderabad, Telangana",False,"Champapet, Ward 17 Champapet, Greater Hyderabad Municipal Corporation East Zone, Hyderabad, Saroornagar mandal, Ranga Reddy, Telangana, 500659, India",place,suburb,19.0,1.0,[],False,False,False,False,False,False,False
SAROORNAGAR_LENIN_NAGAR,SAROORNAGAR,CHAMPAPET,CHAMPAPET,LENIN NAGAR,found,17.3178569,78.5270997,3_looks_ok,,,4.0,2.1,Lenin Nagar,False,"Lenin Nagar, Almasguda, Balapur mandal, Ranga Reddy, Telangana, 500097, India",place,neighbourhood,24.0,1.0,"[{""score"": 21.64, ""km_from_expected"": 21.64, ""query"": ""Lenin Nagar, Hyderabad"", ""lat"": 17.5132586, ""lon"": 78.4237774, ""name"": ""Lenin Nagar, Jagadgirigutta, Ward 126 Jagathgirigutta, Greater Hyderabad Municipal Corporation North Zone, Hyderabad, Quthbullapur mandal, Medchal\u2013Malkajgiri, Telangana, 500055, India"", ""category"": ""place"", ""type"": ""neighbourhood"", ""place_rank"": 24}]",False,False,False,False,False,False,False
SAROORNAGAR_RAMAKRISHNAPURAM,SAROORNAGAR,SAROORNAGAR,SAROORNAGAR,RAMAKRISHNAPURAM,found,17.3679481,78.5487763,3_looks_ok,,,4.4,3.9,"RK Puram, Hyderabad",True,"RK Puram, Ward 20 RK Puram, Greater Hyderabad Municipal Corporation East Zone, Hyderabad, Saroornagar mandal, Ranga Reddy, Telangana, 500102, India",place,neighbourhood,24.0,2.0,"[{""score"": 14.4, ""km_from_expected"": 14.4, ""query"": ""Ramakrishnapuram, Hyderabad"", ""lat"": 17.4749782, ""lon"": 78.5376874, ""name"": ""Ramakrishnapuram, Neredmet, Ward 140 Malkajgiri, Greater Hyderabad Municipal Corporation North Zone, Hyderabad, Malkajgiri mandal, Medchal\u2013Malkajgiri, Telangana, 500056, India"", ""category"": ""place"", ""type"": ""neighbourhood"", ""place_rank"": 24}, {""score"": 17.62, ""km_from_expected"": 14.62, ""query"": ""Ramakrishnapuram, Hyderabad"", ""lat"": 17.4759436, ""lon"": 78.533629, ""name"": ""Ramakrishnapuram Cheruvu, Ward 136 Neredmet, Greater Hyderabad Municipal Corporation North Zone, Hyderabad, Malkajgiri mandal, Medchal\u2013Malkajgiri, Telangana, 500056, India"", ""category"": ""water"", ""type"": ""lake"", ""place_rank"": 20}, {""score"": 17.89, ""km_from_expected"": 14.89, ""query"": ""RK Puram, Hyderabad"", ""lat"": 17.4797152, ""lon"": 78.538316, ""name"": ""RK Puram, Madhura Nagar Rd No 2, Sri Colony, Neredmet, Ward 136 Neredmet, Greater Hyderabad Municipal Corporation North Zone, Hyderabad, Malkajgiri mandal, Medchal\u2013Malkajgiri, Telangana, 500056, India"", ""category"": ""amenity"", ""type"": ""childcare"", ""place_rank"": 30}]",False,False,False,False,False,False,False
SAROORNAGAR_SAROORNAGAR,SAROORNAGAR,SAROORNAGAR,SAROORNAGAR,SAROORNAGAR,found,17.3611655,78.5387443,3_looks_ok,,,4.2,4.3,"Saroornagar, Hyderabad, Telangana",False,"Ward 19 Saroornagar, Greater Hyderabad Municipal Corporation East Zone, Hyderabad, Saroornagar mandal, Ranga Reddy, Telangana, 500035, India",boundary,administrative,20.0,3.0,"[{""name"": ""NTR Nagar, Saroornagar (Basthi Dawakhana), green hills colony, NTR Nagar, Ward 20 RK Puram, Greater Hyderabad Municipal Corporation East Zone, Hyderabad, Saroornagar mandal, Ranga Reddy, Telangana, 500102, India"", ""lat"": ""17.3577692"", ""lon"": ""78.5494821""}, {""name"": ""SubCentre Saroornagar, Road Number 14, Pochammabagh, Saroor Nagar, Ward 19 Saroornagar, Greater Hyderabad Municipal Corporation East Zone, Hyderabad, Saroornagar mandal, Ranga Reddy, Telangana, 500035, India"", ""lat"": ""17.3573228"", ""lon"": ""78.5343008""}]",False,False,False,False,False,False,False
SAROORNAGAR_VANASTHALIPURAM,SAROORNAGAR,CHAMPAPET,VANASTHALIPURAM,VANASTHALIPURAM,found,17.3303179,78.568278,3_looks_ok,,,1.3,4.4,"Vanasthalipuram, Hyderabad, Telangana",False,"Vanasthalipuram, Hayathnagar mandal, Greater Hyderabad Municipal Corporation East Zone, Hyderabad, Ranga Reddy, Telangana, 500070, India",place,suburb,19.0,3.0,"[{""name"": ""Vanasthalipuram, Vijaywada Highway, Indira Nagar, Chintalkunta, Hayathnagar mandal, Greater Hyderabad Municipal Corporation East Zone, Hyderabad, Ranga Reddy, Telangana, 500070, India"", ""lat"": ""17.3367900"", ""lon"": ""78.5741408""}, {""name"": ""Vanasthalipuram, Vijaywada Highway, Prashanth Nagar, Vanasthalipuram, Hayathnagar mandal, Greater Hyderabad Municipal Corporation East Zone, Hyderabad, Ranga Reddy, Telangana, 500070, India"", ""lat"": ""17.3365928"", ""lon"": ""78.5736125""}]",False,False,False,False,False,False,False
SECUNDERABAD_ALWAL,SECUNDERABAD,SECUNDERABAD,LALBAZAR,ALWAL,found,17.5022292,78.5088584,3_looks_ok,,,4.5,2.8,"Alwal, Hyderabad, Telangana",False,"Alwal, Ward 134 Alwal, Greater Hyderabad Municipal Corporation North Zone, Hyderabad, Alwal mandal, Medchal–Malkajgiri, Telangana, 500015, India",place,suburb,19.0,2.0,"[{""name"": ""alwal, Alwal, Ward 134 Alwal, Greater Hyderabad Municipal Corporation North Zone, Hyderabad, Alwal mandal, Medchal\u2013Malkajgiri, Telangana, 500015, India"", ""lat"": ""17.5018763"", ""lon"": ""78.5090947""}]",False,False,False,False,False,False,False
SECUNDERABAD_FEROZEGUDA,SECUNDERABAD,BOWENPALLY,BALANAGAR,FEROZEGUDA,found,17.4646179,78.4616333,3_looks_ok,,,4.3,1.1,"Ferozguda, Hyderabad",True,"Ferozguda, Idpl, Ward 120 Balanagar, Greater Hyderabad Municipal Corporation West Zone, Hyderabad, Balanagar mandal, Medchal–Malkajgiri, Telangana, 500071, India",place,neighbourhood,24.0,,"[{""score"": 8.53, ""km_from_expected"": 5.53, ""query"": ""Ferozguda, Hyderabad"", ""lat"": 17.4649039, ""lon"": 78.4602832, ""name"": ""Ferozguda, BHEL R & D Road, Ferozguda, Idpl, Ward 120 Balanagar, Greater Hyderabad Municipal Corporation West Zone, Hyderabad, Balanagar mandal, Medchal\u2013Malkajgiri, Telangana, 500071, India"", ""category"": ""railway"", ""type"": ""stop"", ""place_rank"": 30}]",False,False,False,False,False,False,False
SECUNDERABAD_I_D_P_L,SECUNDERABAD,BOWENPALLY,RR NAGAR,I.D.P.L.,found,17.4806031,78.4517703,3_looks_ok,,,5.7,2.1,"IDPL, Hyderabad",True,"Idpl, Ward 120 Balanagar, Greater Hyderabad Municipal Corporation West Zone, Hyderabad, Balanagar mandal, Medchal–Malkajgiri, Telangana, 500037, India",place,suburb,19.0,2.0,"[{""score"": 10.23, ""km_from_expected"": 7.23, ""query"": ""IDPL Colony, Hyderabad"", ""lat"": 17.4818905, ""lon"": 78.4514605, ""name"": ""idpl colony, Idpl, Ward 120 Balanagar, Greater Hyderabad Municipal Corporation West Zone, Hyderabad, Balanagar mandal, Medchal\u2013Malkajgiri, Telangana, 500037, India"", ""category"": ""highway"", ""type"": ""service"", ""place_rank"": 27}, {""score"": 10.28, ""km_from_expected"": 7.28, ""query"": ""IDPL Colony, Hyderabad"", ""lat"": 17.4831808, ""lon"": 78.451787, ""name"": ""IDPL Colony, Surya Nagar, Ward 131 Quthbullapur, Greater Hyderabad Municipal Corporation North Zone, Hyderabad, Quthbullapur mandal, Medchal\u2013Malkajgiri, Telangana, 500037, India"", ""category"": ""highway"", ""type"": ""service"", ""place_rank"": 27}, {""score"": 11.3, ""km_from_expected"": 6.3, ""query"": ""IDPL Township"", ""lat"": 17.4706202, ""lon"": 78.4549375, ""name"": ""HAL Township, Idpl, Ward 120 Balanagar, Greater Hyderabad Municipal Corporation West Zone, Hyderabad, Balanagar mandal, Medchal\u2013Malkajgiri, Telangana, 500071, India"", ""category"": ""place"", ""type"": ""neighbourhood"", ""place_rank"": 24}, {""score"": 11.33, ""km_from_expected"": 8.33, ""query"": ""IDPL, Hyderabad"", ""lat"": 17.474231, ""lon"": 78.4357575, ""name"": ""IDPL, Idpl, Ward 120 Balanagar, Greater Hyderabad Municipal Corporation West Zone, Hyderabad, Kukatpally mandal, Medchal\u2013Malkajgiri, Telangana, India"", ""category"": ""landuse"", ""type"": ""industrial"", ""place_rank"": 24}]",False,False,False,False,False,False,False
SECUNDERABAD_KARKHANA,SECUNDERABAD,SECUNDERABAD,MAREDPALLY,KARKHANA,found,17.4732138,78.5115017,3_looks_ok,,,1.8,2.0,"Karkhana, Hyderabad, Telangana",False,"Karkhana, Tirumalagiri, Tirumalagiri mandal, Hyderabad, Telangana, 500015, India",place,neighbourhood,24.0,1.0,[],False,False,False,False,False,False,False
SECUNDERABAD_LALBAZAR,SECUNDERABAD,SECUNDERABAD,LALBAZAR,LALBAZAR,found,17.4808081,78.5114174,3_looks_ok,,,2.4,0.8,"Lal Bazar, Hyderabad",True,"Lal Bazaar, Tirumalagiri, Tirumalagiri mandal, Hyderabad, Telangana, 500015, India",place,neighbourhood,24.0,,"[{""score"": 5.69, ""km_from_expected"": 2.69, ""query"": ""Lal Bazar, Hyderabad"", ""lat"": 17.4811236, ""lon"": 78.515077, ""name"": ""Lal Bazar, Lal Bazaar, Tirumalagiri, Tirumalagiri mandal, Hyderabad, Telangana, 500056, India"", ""category"": ""highway"", ""type"": ""secondary"", ""place_rank"": 26}, {""score"": 5.94, ""km_from_expected"": 2.94, ""query"": ""Lal Bazar, Hyderabad"", ""lat"": 17.4790173, ""lon"": 78.5130087, ""name"": ""Lal Bazar, Lal Bazaar, Tirumalagiri, Tirumalagiri mandal, Hyderabad, Telangana, 500015, India"", ""category"": ""highway"", ""type"": ""secondary"", ""place_rank"": 26}, {""score"": 5.96, ""km_from_expected"": 2.96, ""query"": ""Lal Bazar, Hyderabad"", ""lat"": 17.4791338, ""lon"": 78.5107791, ""name"": ""Lal Bazar, Lal Bazaar, Tirumalagiri, Tirumalagiri mandal, Hyderabad, Telangana, 500015, India"", ""category"": ""highway"", ""type"": ""bus_stop"", ""place_rank"": 30}]",False,False,False,False,False,False,False
SECUNDERABAD_MARREDPALLY,SECUNDERABAD,SECUNDERABAD,MAREDPALLY,MARREDPALLY,found,17.45121,78.5020964,3_looks_ok,,,1.5,4.6,"Marredpally, Secunderabad",False,"West Marredpally, Marredpally mandal, Secunderabad, Hyderabad, Telangana, 500003, India",place,neighbourhood,24.0,1.0,"[{""score"": 1.81, ""km_from_expected"": 1.81, ""query"": ""Marredpally, Secunderabad"", ""lat"": 17.4469418, ""lon"": 78.5107535, ""name"": ""East Marredpally, Marredpally mandal, Greater Hyderabad Municipal Corporation North Zone, Hyderabad, Telangana, 500026, India"", ""category"": ""place"", ""type"": ""neighbourhood"", ""place_rank"": 24}, {""score"": 4.82, ""km_from_expected"": 1.82, ""query"": ""Marredpally, Secunderabad"", ""lat"": 17.4464303, ""lon"": 78.5102024, ""name"": ""HMWSSB Marredpally, Marredpally mandal, Greater Hyderabad Municipal Corporation North Zone, Hyderabad, Telangana, 500026, India"", ""category"": ""landuse"", ""type"": ""government"", ""place_rank"": 24}, {""score"": 9.94, ""km_from_expected"": 1.94, ""query"": ""Marredpally, Secunderabad"", ""lat"": 17.4426227, ""lon"": 78.4989631, ""name"": ""YMCA Secunderabad, Marredpally mandal, Greater Hyderabad Municipal Corporation North Zone, Hyderabad, Telangana, India"", ""category"": ""landuse"", ""type"": ""recreation_ground"", ""place_rank"": 24}, {""score"": 10.67, ""km_from_expected"": 2.67, ""query"": ""Marredpally, Secunderabad"", ""lat"": 17.4359536, ""lon"": 78.5000501, ""name"": ""Secunderabad, Regimental Bazar Main Road, Marredpally mandal, Greater Hyderabad Municipal Corporation North Zone, Hyderabad, Telangana, 500025, India"", ""category"": ""amenity"", ""type"": ""bus_station"", ""place_rank"": 30}]",False,False,False,False,False,False,False
